 	Schedule			Root																								Units		Lobby													Entrance										IdolIsland	Idol			BattleIsland	BattleModule				Craft1				Craft2				Craft3				Craft4				PiggyBank			Chapel										Altar																WoodIsland	WoodMill																						StoneIsland	StoneMine																							PotionIsland	PotionLab																							LibraryIsland	Library																							WoodIslandTier2	WoodMillTier2																								CemeteryIsland	Cemetery																							StoneIslandTier2	StoneMineTier2																								ApiaryIsland	Apiary																							PotionIslandTier2	PotionLabTier2																								MushroomsIsland	MushroomsFarm																							LibraryIslandTier2	LibraryTier2																								CemeteryIslandTier2	CemeteryTier2																								ApiaryIslandTier2	ApiaryTier2																								MushroomsIslandTier2	MushroomsFarmTier2																								Merge1Island	Merge1											UnknownIsland1		UnknownIsland2		Merge	BattleFactory											BigCraft			
																																	LevelMax	FollowerCapacity			FollowCount			FollowPeriod						LevelMax	AdeptCapacity					UsageDuration																																UsageDuration	Production	AssignCapacity								LevelMax								UsageDuration	Production			SacrificeCapacity					LevelMax								AssignCapacity					UsageDuration	Production										LevelMax								AssignCapacity					UsageDuration	Production										LevelMax								AssignCapacity					UsageDuration	Production										LevelMax								AssignCapacity					UsageDuration	Production										LevelMax								AssignCapacity					UsageDuration	Production											LevelMax								AssignCapacity					UsageDuration	Production										LevelMax								AssignCapacity					UsageDuration	Production											LevelMax								AssignCapacity					UsageDuration	Production										LevelMax								AssignCapacity					UsageDuration	Production											LevelMax								AssignCapacity					UsageDuration	Production										LevelMax								AssignCapacity					UsageDuration	Production											LevelMax								AssignCapacity					UsageDuration	Production											LevelMax								AssignCapacity					UsageDuration	Production											LevelMax								AssignCapacity					UsageDuration	Production											Production						SummonCost					Spider					UsageDuration					Production	AssignCapacity				
																												Initial		Grade					Grade			Grade			Grade		Grade					Grade					Require	Grade			Require	Open	Grade			Open	Grade			Open	Grade			Open	Grade			Open	Grade			Grade			Grade				Soft		Grade				Grade				Grade								Soft	Grade			Require	Grade				Grade								Grade					Tycoon	Grade				Require	Open	Grade				Grade								Grade					Tycoon	Grade				Require	Open	Grade				Grade								Grade					Tycoon	Grade				Require	Open	Grade				Grade								Grade					Tycoon	Grade				Require	Open	Grade				Grade								Grade					Tycoon	Consumption	Grade				Require	Open	Grade				Grade								Grade					Tycoon	Grade				Require	Open	Grade				Grade								Grade					Tycoon	Consumption	Grade				Require	Open	Grade				Grade								Grade					Tycoon	Grade				Require	Open	Grade				Grade								Grade					Tycoon	Consumption	Grade				Require	Open	Grade				Grade								Grade					Tycoon	Grade				Require	Open	Grade				Grade								Grade					Tycoon	Consumption	Grade				Require	Open	Grade				Grade								Grade					Tycoon	Consumption	Grade				Require	Open	Grade				Grade								Grade					Tycoon	Consumption	Grade				Require	Open	Grade				Grade								Grade					Tycoon	Consumption	Grade				Require	Open	Grade			Merge						Soft	Require	Open	Require	Open	ResourcePeriod	Open	Grade				Grade				Tycoon		Open	Grade		
	TimeFlow	Rate	Weight	Faith	Spirit	Matter	Wood	Stone	Potion	Book	SoulCrystal	Wax	Mushroom	A	B	C	D	MergeRune1	MergeRune2	Board	BonesBlock	Potion2	MagicScrolls	SoulCrystal2	EvilHoney	Mushroom2	Lamp	Groups	Count	TycoonPrice	.Currency	Duration			TycoonPrice	.Currency		TycoonPrice	.Currency		TycoonPrice	.Currency	TycoonPrice	.Currency	Duration			TycoonPrice	.Currency	CraftPrice	.Currency		QuestLevel	TycoonPrice	.Currency	Duration	QuestLevel	OnChapter	TycoonPrice	.Currency	Duration	OnChapter	TycoonPrice	.Currency	Duration	OnChapter	TycoonPrice	.Currency	Duration	OnChapter	TycoonPrice	.Currency	Duration	OnChapter	TycoonPrice	.Currency	Duration	TycoonPrice	.Currency	Duration	TycoonPrice	.Currency	Duration		Faith		TycoonPrice	.Currency	CraftPrice	.Currency	TycoonPrice	.Currency	Duration		TycoonPrice	.Currency	CraftPrice	.Currency	MergePrice	.Currency	Duration		Matter	TycoonPrice	.Currency		QuestLevel	TycoonPrice	.Currency	Duration		TycoonPrice	.Currency	CraftPrice	.Currency	MergePrice	.Currency	Duration		TycoonPrice	.Currency	MergePrice	.Currency		Wood	TycoonPrice	.Currency	MergePrice	.Currency	QuestLevel	OnChapter	TycoonPrice	.Currency	Duration		TycoonPrice	.Currency	CraftPrice	.Currency	MergePrice	.Currency	Duration		TycoonPrice	.Currency	MergePrice	.Currency		Stone	TycoonPrice	.Currency	MergePrice	.Currency	QuestLevel	OnChapter	TycoonPrice	.Currency	Duration		TycoonPrice	.Currency	CraftPrice	.Currency	MergePrice	.Currency	Duration		TycoonPrice	.Currency	MergePrice	.Currency		Potion	TycoonPrice	.Currency	MergePrice	.Currency	QuestLevel	OnChapter	TycoonPrice	.Currency	Duration		TycoonPrice	.Currency	CraftPrice	.Currency	MergePrice	.Currency	Duration		TycoonPrice	.Currency	MergePrice	.Currency		Book	TycoonPrice	.Currency	MergePrice	.Currency	QuestLevel	OnChapter	TycoonPrice	.Currency	Duration		TycoonPrice	.Currency	CraftPrice	.Currency	MergePrice	.Currency	Duration		TycoonPrice	.Currency	MergePrice	.Currency		Board	Wood	TycoonPrice	.Currency	MergePrice	.Currency	QuestLevel	OnChapter	TycoonPrice	.Currency	Duration		TycoonPrice	.Currency	CraftPrice	.Currency	MergePrice	.Currency	Duration		TycoonPrice	.Currency	MergePrice	.Currency		SoulCrystal	TycoonPrice	.Currency	MergePrice	.Currency	QuestLevel	OnChapter	TycoonPrice	.Currency	Duration		TycoonPrice	.Currency	CraftPrice	.Currency	MergePrice	.Currency	Duration		TycoonPrice	.Currency	MergePrice	.Currency		BonesBlock	Stone	TycoonPrice	.Currency	MergePrice	.Currency	QuestLevel	OnChapter	TycoonPrice	.Currency	Duration		TycoonPrice	.Currency	CraftPrice	.Currency	MergePrice	.Currency	Duration		TycoonPrice	.Currency	MergePrice	.Currency		Wax	TycoonPrice	.Currency	MergePrice	.Currency	QuestLevel	OnChapter	TycoonPrice	.Currency	Duration		TycoonPrice	.Currency	CraftPrice	.Currency	MergePrice	.Currency	Duration		TycoonPrice	.Currency	MergePrice	.Currency		Potion2	Potion	TycoonPrice	.Currency	MergePrice	.Currency	QuestLevel	OnChapter	TycoonPrice	.Currency	Duration		TycoonPrice	.Currency	CraftPrice	.Currency	MergePrice	.Currency	Duration		TycoonPrice	.Currency	MergePrice	.Currency		Mushroom	TycoonPrice	.Currency	MergePrice	.Currency	QuestLevel	OnChapter	TycoonPrice	.Currency	Duration		TycoonPrice	.Currency	CraftPrice	.Currency	MergePrice	.Currency	Duration		TycoonPrice	.Currency	MergePrice	.Currency		MagicScrolls	Book	TycoonPrice	.Currency	MergePrice	.Currency	QuestLevel	OnChapter	TycoonPrice	.Currency	Duration		TycoonPrice	.Currency	CraftPrice	.Currency	MergePrice	.Currency	Duration		TycoonPrice	.Currency	MergePrice	.Currency		SoulCrystal2	SoulCrystal	TycoonPrice	.Currency	MergePrice	.Currency	QuestLevel	OnChapter	TycoonPrice	.Currency	Duration		TycoonPrice	.Currency	CraftPrice	.Currency	MergePrice	.Currency	Duration		TycoonPrice	.Currency	MergePrice	.Currency		EvilHoney	Wax	TycoonPrice	.Currency	MergePrice	.Currency	QuestLevel	OnChapter	TycoonPrice	.Currency	Duration		TycoonPrice	.Currency	CraftPrice	.Currency	MergePrice	.Currency	Duration		TycoonPrice	.Currency	MergePrice	.Currency		Mushroom2	Mushroom	TycoonPrice	.Currency	MergePrice	.Currency	QuestLevel	OnChapter	TycoonPrice	.Currency	Duration	A	B	C	D	MergeRune1	MergeRune2	Matter	QuestLevel	OnChapter	QuestLevel	OnChapter		OnChapter	TycoonPrice	.Currency	Duration		TycoonPrice	.Currency	MergePrice	.Currency	Lamp		OnChapter	TycoonPrice	.Currency	Duration
1	0.00833	1	1	0	0	1	0	0	0	0	0	0	0	0	0	0	0	0	0	0	0	0	0	0	0	0	10	Adept	0	0	Free	3	1	5	0	Wood	5	0	Wood	7200.0	0	Wood	0	Free	5	29	2	0	Wood	0	CraftItem1	7	1		Free	15	6	6		Free	15	9999	50000	Wood	15	9999	50000	Potion	60	9999	10000	Wax	120	9999		Free	180	0	Free	15	0	Free	10	15	0.006250000	1	0	Wood	0	CraftItem1	2000	Wood	20	28								10	1	0	Wood	1	1	0	Free	5	10	0	Wood	0	CraftItem1	0	A	0	3	0	Wood	0	A	5	4	0	Wood	0	A	3	3	25000	Wood	60	10	0	Stone	0	CraftItem1	0	A	0	3	0	Wood	0	A	7	1	0	Stone	55	A	4	4	15000	Stone	60	10	0	Potion	0	CraftItem1	0	A	0	3	0	Wood	0	A	7	1	0	Potion	55	A	5	5	20000	Potion	60	10	0	Book	0	CraftItem1	0	A	0	3	0	Stone	0	A	7	1	0	Book	55	A	7	7	50000	Book	60	10	0	Board	0	CraftItem1	0	A	0	3	0	Wood	0	A	5	1	100	0	Board	62	A	8	8	5000	Board	60	10	0	SoulCrystal	0	CraftItem1	0	A	0	3	0	Stone	0	A	7	1	0	SoulCrystal	98	A	9	9	7000	SoulCrystal	60	10	0	BonesBlock	0	CraftItem1	0	A	0	3	0	Wood	0	A	7	1	100	0	BonesBlock	121	A	10	10	5000	BonesBlock	60	10	0	Wax	0	CraftItem1	0	A	0	3	0	Stone	0	A	7	1	0	Wax	143	A	11	11	5000	Wax	60	10	0	Potion2	0	CraftItem1	0	A	0	3	0	Wood	0	A	7	1	100	0	Potion2	228	A	12	12	5000	Potion2	60	10	0	Mushroom	0	CraftItem1	0	A	0	3	0	Stone	0	A	7	1	0	Mushroom	263	A	13	13	7000	Mushroom	60	10	0	MagicScrolls	0	CraftItem1	0	A	0	3	0	Stone	0	A	7	1	100	0	MagicScrolls	368	A	14	14	5000	MagicScrolls	60	10	0	SoulCrystal2	0	CraftItem1	0	A	0	3	0	Stone	0	A	7	1	100	0	SoulCrystal2	367	A	15	15	5000	SoulCrystal2	60	10	0	EvilHoney	0	CraftItem1	0	A	0	3	0	Stone	0	A	7	1	100	0	EvilHoney	474	A	16	16	5000	EvilHoney	60	10	0	Mushroom2	0	CraftItem1	0	A	0	3	0	Stone	0	A	7	1	100	0	Mushroom2	491	A	2	2	1000	Wood	15	1	1	1	1	1	1	1	17	17	18	18	100.00000	6	5000	Book	30	90.0	0	Book	0	A	1.000000000	3	99	0	Free	15
2																																															3	10	Wood	0	CraftItem1																																			2	100	Wood	0	CraftItem1													2	30000	Wood						25	30	Wood	0	CraftItem1	0	A	10							5	2	Wood	0	A						30	90	Stone	0	CraftItem1	100	A	60							2	4	Stone	55	A						25	90	Potion	0	CraftItem1	100	A	1800							2	4	Potion	55	A						25	90	Book	0	CraftItem1	100	A	1800							2	4	Book	65	A						25	90	Board	0	CraftItem1	112	A	3800							2	200	4	Board	90	A						25	90	SoulCrystal	0	CraftItem1	178	A	3800							2	4	SoulCrystal	169	A						25	90	BonesBlock	0	CraftItem1	219	A	3800							2	200	4	BonesBlock	219	A						25	90	Wax	0	CraftItem1	260	A	3800							2	4	Wax	325	A						25	90	Potion2	0	CraftItem1	414	A	3800							2	200	4	Potion2	539	A						25	90	Mushroom	0	CraftItem1	478	A	3800							2	4	Mushroom	692	A						25	90	MagicScrolls	0	CraftItem1	670	A	3800							2	200	4	MagicScrolls	1004	A						25	90	SoulCrystal2	0	CraftItem1	667	A	3800							2	200	4	SoulCrystal2	1100	A						25	90	EvilHoney	0	CraftItem1	862	A	3800							2	200	4	EvilHoney	1551	A						25	90	Mushroom2	0	CraftItem1	893	A	3800							2	200	4	Mushroom2	1741	A																	76.92308					81.8	500	Book	100	A						
3																																															4	30000	Wood	0	CraftItem1																																			3	30000	Wood	0	CraftItem1													3	10000	Stone						50	650	Wood	0	CraftItem1	0	A	10							6	2	Wood	0	A						50	3000	Stone	0	CraftItem1	200	A	1800							3	4	Stone	55	A						50	3000	Potion	0	CraftItem1	200	A	3600							3	4	Potion	55	A						50	3000	Book	0	CraftItem1	182	A	3600							3	4	Book	65	A						50	3000	Board	0	CraftItem1	356	A	3900							3	300	4	Board	90	A						50	3000	SoulCrystal	0	CraftItem1	439	A	3900							3	4	SoulCrystal	169	A						50	3000	BonesBlock	0	CraftItem1	520	A	3900							3	300	4	BonesBlock	219	A						50	3000	Wax	0	CraftItem1	829	A	3900							3	4	Wax	325	A						50	3000	Potion2	0	CraftItem1	955	A	3900							3	300	4	Potion2	539	A						50	3000	Mushroom	0	CraftItem1	955	A	3900							3	4	Mushroom	692	A						50	3000	MagicScrolls	0	CraftItem1	1339	A	3900							3	300	4	MagicScrolls	1004	A						50	3000	SoulCrystal2	0	CraftItem1	1333	A	3900							3	300	4	SoulCrystal2	1100	A						50	3000	EvilHoney	0	CraftItem1	1723	A	3900							3	300	4	EvilHoney	1551	A						50	3000	Mushroom2	0	CraftItem1	1786	A	3900							3	300	4	Mushroom2	1741	A																	59.17160					75.0	1000	Book	100	A						
4																																															5	10000	Stone	0	CraftItem1																																			4	10000	Stone	0	CraftItem1													4	150000	Stone						80	30000	Wood	0	CraftItem1	100	A	1800							7	3	Wood	0	A						80	30000	Stone	0	CraftItem1	300	A	3600							4	5	Stone	55	A						80	30000	Potion	0	CraftItem1	272	A	5400							4	5	Potion	55	A						80	30000	Book	0	CraftItem1	336	A	5400							4	5	Book	65	A						80	30000	Board	0	CraftItem1	658	A	4000							4	400	5	Board	90	A						80	30000	SoulCrystal	0	CraftItem1	779	A	4000							4	5	SoulCrystal	169	A						80	30000	BonesBlock	0	CraftItem1	1243	A	4000							4	400	5	BonesBlock	219	A						80	30000	Wax	0	CraftItem1	1433	A	4000							4	5	Wax	325	A						80	30000	Potion2	0	CraftItem1	2009	A	4000							4	400	5	Potion2	539	A						80	30000	Mushroom	0	CraftItem1	2009	A	4000							4	5	Mushroom	692	A						80	30000	MagicScrolls	0	CraftItem1	2009	A	4000							4	400	5	MagicScrolls	1004	A						80	30000	SoulCrystal2	0	CraftItem1	2000	A	4000							4	400	5	SoulCrystal2	1100	A						80	30000	EvilHoney	0	CraftItem1	2585	A	4000							4	400	5	EvilHoney	1551	A						80	30000	Mushroom2	0	CraftItem1	2679	A	4000							4	400	5	Mushroom2	1741	A																	45.51661					69.2	10000	Book	100	A						
5																																															6	150000	Stone	0	CraftItem2																																			5	5000	Book	0	CraftItem2													5	1000	Potion						110	1200000	Wood	0	CraftItem1	182	A	3600							8	3	Wood	0	A						110	857000	Stone	0	CraftItem1	363	A	5400							5	6	Stone	55	A						110	857270	Potion	0	CraftItem1	448	A	7200							5	6	Potion	55	A						110	857270	Book	0	CraftItem1	712	A	7200							5	6	Book	65	A						110	857270	Board	0	CraftItem1	1039	A	4500							5	500	6	Board	90	A						110	857270	SoulCrystal	0	CraftItem1	1658	A	4500							5	6	SoulCrystal	169	A						110	857270	BonesBlock	0	CraftItem1	1910	A	4500							5	500	6	BonesBlock	219	A						110	857270	Wax	0	CraftItem1	2678	A	4500							5	6	Wax	325	A						110	857270	Potion2	0	CraftItem1	2667	A	4500							5	500	6	Potion2	539	A						110	857270	Mushroom	0	CraftItem1	2667	A	4500							5	6	Mushroom	692	A						110	857270	MagicScrolls	0	CraftItem1	2667	A	4500							5	500	6	MagicScrolls	1004	A						110	857270	SoulCrystal2	0	CraftItem1	2667	A	4500							5	500	6	SoulCrystal2	1100	A						110	857270	EvilHoney	0	CraftItem1	3447	A	4500							5	500	6	EvilHoney	1551	A						110	857270	Mushroom2	0	CraftItem1	3572	A	4500							5	500	6	Mushroom2	1741	A																	35.01278					64.3	30000	Book	100	A						
6																																															7	1000	Potion	0	CraftItem2																																			6	5000	Board	0	CraftItem2													6	150000	Potion						140	31850000	Wood	0	CraftItem1	336	A	5400							9	4	Wood	0	A						140	22750000	Stone	0	CraftItem1	560	A	7200							6	7	Stone	55	A						140	22748100	Potion	0	CraftItem1	890	A	9000							6	7	Potion	55	A						140	22748100	Book	0	CraftItem1	1097	A	9000							6	7	Book	65	A						140	22748100	Board	0	CraftItem1	2072	A	5000							6	600	7	Board	90	A						140	22748100	SoulCrystal	0	CraftItem1	2388	A	5000							6	7	SoulCrystal	169	A						140	22748100	BonesBlock	0	CraftItem1	3348	A	5000							6	600	7	BonesBlock	219	A						140	22748100	Wax	0	CraftItem1	3334	A	5000							6	7	Wax	325	A						140	22748100	Potion2	0	CraftItem1	4309	A	5000							6	600	7	Potion2	539	A						140	22748100	Mushroom	0	CraftItem1	4309	A	5000							6	7	Mushroom	692	A						140	22748100	MagicScrolls	0	CraftItem1	4309	A	5000							6	600	7	MagicScrolls	1004	A						140	22748100	SoulCrystal2	0	CraftItem1	4309	A	5000							6	600	7	SoulCrystal2	1100	A						140	22748100	EvilHoney	0	CraftItem1	4309	A	5000							6	600	7	EvilHoney	1551	A						140	22748100	Mushroom2	0	CraftItem1	4465	A	5000							6	600	7	Mushroom2	1741	A																	26.93291					60.0	50000	Book	100	A						
7																																															8	150000	Potion	0	CraftItem3																																				Infinity																7	1000	Book						170	845100000	Wood	0	CraftItem1	712	A	7200							10	5	Wood	0	A						170	603600000	Stone	0	CraftItem1	1068	A	9000							7	9	Stone	55	A						170	603628000	Potion	0	CraftItem1	1316	A	10800							7	9	Potion	55	A						170	603628000	Book	0	CraftItem1	1559	A	10800							7	9	Book	65	A						170	603628000	Board	0	CraftItem1	2865	A	5500							7	700	9	Board	90	A						170	603628000	SoulCrystal	0	CraftItem1	4017	A	5500							7	9	SoulCrystal	169	A						170	603628000	BonesBlock	0	CraftItem1	4000	A	5500							7	700	9	BonesBlock	219	A						170	603628000	Wax	0	CraftItem1	5170	A	5500							7	9	Wax	325	A						170	603628000	Potion2	0	CraftItem1	5357	A	5500							7	700	9	Potion2	539	A						170	603628000	Mushroom	0	CraftItem1	5357	A	5500							7	9	Mushroom	692	A						170	603628000	MagicScrolls	0	CraftItem1	5357	A	5500							7	700	9	MagicScrolls	1004	A						170	603628000	SoulCrystal2	0	CraftItem1	5357	A	5500							7	700	9	SoulCrystal2	1100	A						170	603628000	EvilHoney	0	CraftItem1	5357	A	5500							7	700	9	EvilHoney	1551	A						170	603628000	Mushroom2	0	CraftItem1	5357	A	5500							7	700	9	Mushroom2	1741	A																	20.71762					56.3	10000	Book	100	A						
8																																															9	1000	Book	0	CraftItem3																																																				8	150000	Book						200	22420000000	Wood	0	CraftItem1	1097	A	9000							11	6	Wood	0	A						200	16020000000	Stone	0	CraftItem1	1536	A	10800							8	11	Stone	55	A						200	16017500000	Potion	0	CraftItem1	1819	A	12600							8	11	Potion	55	A						200	16017500000	Book	0	CraftItem1	2901	A	12600							8	11	Book	65	A						200	16017500000	Board	0	CraftItem1	4687	A	6000							8	800	11	Board	90	A						200	16017500000	SoulCrystal	0	CraftItem1	4667	A	6000							8	11	SoulCrystal	169	A						200	16017500000	BonesBlock	0	CraftItem1	6032	A	6000							8	800	11	BonesBlock	219	A						200	16017500000	Wax	0	CraftItem1	6250	A	6000							8	11	Wax	325	A						200	16017500000	Potion2	0	CraftItem1	6346	A	6000							8	800	11	Potion2	539	A						200	16017500000	Mushroom	0	CraftItem1	6346	A	6000							8	11	Mushroom	692	A						200	16017500000	MagicScrolls	0	CraftItem1	6346	A	6000							8	800	11	MagicScrolls	1004	A						200	16017500000	SoulCrystal2	0	CraftItem1	6346	A	6000							8	800	11	SoulCrystal2	1100	A						200	16017500000	EvilHoney	0	CraftItem1	6346	A	6000							8	800	11	EvilHoney	1551	A						200	16017500000	Mushroom2	0	CraftItem1	6346	A	6000							8	800	11	Mushroom2	1741	A																						52.9	150000	Book	100	A						
9																																															10	150000	Book	0	CraftItem5																																																				9	1000	Board						230	595000000000	Wood	0	CraftItem1	1559	A	10800							12	7	Wood	0	A						230	425000000000	Stone	0	CraftItem1	2078	A	12600							9	13	Stone	55	A						230	425029000000	Potion	0	CraftItem1	3315	A	14400							9	13	Potion	55	A						230	425029000000	Book	0	CraftItem1	3820	A	14400							9	13	Book	65	A						230	425029000000	Board	0	CraftItem1	5334	A	6500							9	900	13	Board	90	A						230	425029000000	SoulCrystal	0	CraftItem1	6894	A	6500							9	13	SoulCrystal	169	A						230	425029000000	BonesBlock	0	CraftItem1	7143	A	6500							9	900	13	BonesBlock	219	A						230	425029000000	Wax	0	CraftItem1	7252	A	6500							9	13	Wax	325	A						230	425029000000	Potion2	0	CraftItem1	6850	A	6500							9	900	13	Potion2	539	A						230	425029000000	Mushroom	0	CraftItem1	6850	A	6500							9	13	Mushroom	692	A						230	425029000000	MagicScrolls	0	CraftItem1	6850	A	6500							9	900	13	MagicScrolls	1004	A						230	425029000000	SoulCrystal2	0	CraftItem1	6850	A	6500							9	900	13	SoulCrystal2	1100	A						230	425029000000	EvilHoney	0	CraftItem1	6850	A	6500							9	900	13	EvilHoney	1551	A						230	425029000000	Mushroom2	0	CraftItem1	6850	A	6500							9	900	13	Mushroom2	1741	A																						50.0	200000	Book	100	A						
10																																															11	1000	Board	0	CraftItem7																																																				10	150000	Board						260	15790000000000	Wood	0	CraftItem1	2901	A	12600							13	9	Wood	0	A						260	11280000000000	Stone	0	CraftItem1	3730	A	14400							10	15	Stone	55	A						260	11278300000000	Potion	0	CraftItem1	4298	A	16200							10	15	Potion	65	A						260	11278300000000	Book	0	CraftItem1	6026	A	16200							10	15	Book	65	A						260	11278300000000	Board	0	CraftItem1	7755	A	7000							10	1000	15	Board	90	A						260	11278300000000	SoulCrystal	0	CraftItem1	8036	A	7000							10	15	SoulCrystal	187	A						260	11278300000000	BonesBlock	0	CraftItem1	8159	A	7000							10	1000	15	BonesBlock	241	A						260	11278300000000	Wax	0	CraftItem1	7706	A	7000							10	15	Wax	325	A						260	11278300000000	Potion2	0	CraftItem1	9860	A	7000							10	1000	15	Potion2	539	A						260	11278300000000	Mushroom	0	CraftItem1	9860	A	7000							10	15	Mushroom	740	A						260	11278300000000	MagicScrolls	0	CraftItem1	9860	A	7000							10	1000	15	MagicScrolls	1071	A						260	11278300000000	SoulCrystal2	0	CraftItem1	9860	A	7000							10	1000	15	SoulCrystal2	1100	A						260	11278300000000	EvilHoney	0	CraftItem1	9860	A	7000							10	1000	15	EvilHoney	1551	A						260	11278300000000	Mushroom2	0	CraftItem1	9860	A	7000							10	1000	15	Mushroom2	1741	A																						47.4	300000	Book	100	A						
11																																															12	150000	Board	0	CraftItem2																																																				11	1000	SoulCrystal						290	419000000000000	Wood	0	CraftItem1	3820	A	14400							26	10	Wood	0	A						290	299300000000000	Stone	0	CraftItem1	4775	A	16200							22	19	Stone	55	A						290	299274000000000	Potion	0	CraftItem1	6695	A	18000							22	19	Potion	65	A						290	299274000000000	Book	0	CraftItem1	6667	A	18000							22	19	Book	65	A						290	299274000000000	Board	0	CraftItem1	8929	A	7500							22	2180	19	Board	90	A						290	299274000000000	SoulCrystal	0	CraftItem1	9065	A	7500							22	19	SoulCrystal	187	A						290	299274000000000	BonesBlock	0	CraftItem1	8562	A	7500							22	2180	19	BonesBlock	241	A						290	299274000000000	Wax	0	CraftItem1	10955	A	7500							22	19	Wax	325	A						290	299274000000000	Potion2	0	CraftItem1	10955	A	7500							22	2180	19	Potion2	539	A						290	299274000000000	Mushroom	0	CraftItem1	10955	A	7500							22	19	Mushroom	740	A						290	299274000000000	MagicScrolls	0	CraftItem1	10955	A	7500							22	2180	19	MagicScrolls	1071	A						290	299274000000000	SoulCrystal2	0	CraftItem1	10955	A	7500							22	2180	19	SoulCrystal2	1100	A						290	299274000000000	EvilHoney	0	CraftItem1	10955	A	7500							22	2180	19	EvilHoney	1551	A						290	299274000000000	Mushroom2	0	CraftItem1	10955	A	7500							22	2180	19	Mushroom2	1741	A																						45.0	400000	Book	100	A						
12																																															13	1000	SoulCrystal	0	CraftItem3																																																				12	150000	SoulCrystal						320	11120000000000000	Wood	0	CraftItem1	6026	A	16200							27	12	Wood	0	A						320	7941000000000000	Stone	0	CraftItem1	7365	A	18000							24	22	Stone	55	A						320	7941340000000000	Potion	0	CraftItem1	7334	A	19800							24	22	Potion	65	A						320	7941340000000000	Book	0	CraftItem1	9479	A	19800							24	22	Book	65	A						320	7941340000000000	Board	0	CraftItem1	9972	A	8000							24	2376	22	Board	90	A						320	7941340000000000	SoulCrystal	0	CraftItem1	9418	A	8000							24	22	SoulCrystal	187	A						320	7941340000000000	BonesBlock	0	CraftItem1	12051	A	8000							24	2376	22	BonesBlock	241	A						320	7941340000000000	Wax	0	CraftItem1	12051	A	8000							24	22	Wax	325	A							Infinity													24	2376	22	Potion2	539	A							Infinity													24	22	Mushroom	740	A							Infinity													24	2376	22	MagicScrolls	1071	A							Infinity													24	2376	22	SoulCrystal2	1100	A							Infinity													24	2376	22	EvilHoney	1551	A							Infinity													24	2376	22	Mushroom2	1741	A																						42.9	100	Board	100	A						
13																																															14	150000	SoulCrystal	0	CraftItem3																																																				13	1000	BonesBlock						350	295000000000000000	Wood	0	CraftItem1	6667	A	18000							28	15	Wood	0	A						350	210700000000000000	Stone	0	CraftItem1	8000	A	19800							26	27	Stone	55	A						350	210726000000000000	Potion	0	CraftItem1	10340	A	21600							26	27	Potion	65	A						350	210726000000000000	Book	0	CraftItem1	10715	A	21600							26	27	Book	65	A						350	210726000000000000	Board	0	CraftItem1	10274	A	8500							26	2590	27	Board	90	A						350	210726000000000000	SoulCrystal	0	CraftItem1	13146	A	8500							26	27	SoulCrystal	187	A						350	210726000000000000	BonesBlock	0	CraftItem1	13146	A	8500							26	2590	27	BonesBlock	241	A							Infinity													26	27	Wax	325	A																				26	2590	27	Potion2	539	A																				26	27	Mushroom	740	A																				26	2590	27	MagicScrolls	1071	A																				26	2590	27	SoulCrystal2	1100	A																				26	2590	27	EvilHoney	1551	A																				26	2590	27	Mushroom2	1741	A																						40.9	500	Board	100	A						
14																																															15	1000	BonesBlock	0	CraftItem5																																																				14	150000	BonesBlock						380	7828000000000000000	Wood	0	CraftItem1	9479	A	19800							29	18	Wood	0	A						380	5592000000000000000	Stone	0	CraftItem1	11202	A	21600							28	32	Stone	55	A						380	5591700000000000000	Potion	0	CraftItem1	11608	A	23400							28	32	Potion	65	A						380	5591700000000000000	Book	0	CraftItem1	11785	A	23400							28	32	Book	65	A						380	5591700000000000000	Board	0	CraftItem1	14242	A	9000							28	2823	32	Board	90	A						380	5591700000000000000	SoulCrystal	0	CraftItem1	14242	A	9000							28	32	SoulCrystal	187	A							Infinity													28	2823	32	BonesBlock	241	A																				28	32	Wax	325	A																				28	2823	32	Potion2	539	A																				28	32	Mushroom	740	A																				28	2823	32	MagicScrolls	1071	A																				28	2823	32	SoulCrystal2	1100	A																				28	2823	32	EvilHoney	1551	A																				28	2823	32	Mushroom2	1741	A																						39.1	1000	Board	100	A						
15																																															16	150000	BonesBlock	0	CraftItem7																																																				15	1000	Wax						410	207700000000000000000	Wood	0	CraftItem1	10715	A	21600							32	21	Wood	0	A						410	148400000000000000000	Stone	0	CraftItem1	12501	A	23400							31	39	Stone	55	A						410	148378000000000000000	Potion	0	CraftItem1	12691	A	25200							31	39	Potion	65	A						410	148378000000000000000	Book	0	CraftItem1	11987	A	25200							31	39	Book	65	A						410	148378000000000000000	Board	0	CraftItem1	15337	A	9500							31	3077	39	Board	90	A							Infinity													31	39	SoulCrystal	187	A																				31	3077	39	BonesBlock	241	A																				31	39	Wax	325	A																				31	3077	39	Potion2	539	A																				31	39	Mushroom	740	A																				31	3077	39	MagicScrolls	1071	A																				31	3077	39	SoulCrystal2	1100	A																				31	3077	39	EvilHoney	1551	A																				31	3077	39	Mushroom2	1741	A																						37.5	10000	Board	100	A						
16																																															17	1000	Wax	0	CraftItem8																																																				16	150000	Wax						440	5512000000000000000000	Wood	0	CraftItem1	11785	A	23400							34	26	Wood	0	A						440	3937000000000000000000	Stone	0	CraftItem1	13598	A	25200							34	46	Stone	55	A						440	3937260000000000000000	Potion	0	CraftItem1	12843	A	27000							34	46	Potion	65	A						440	3937260000000000000000	Book	0	CraftItem1	16433	A	27000							34	46	Book	65	A							Infinity													34	3354	46	Board	90	A																				34	46	SoulCrystal	187	A																				34	3354	46	BonesBlock	241	A																				34	46	Wax	325	A																				34	3354	46	Potion2	539	A																				34	46	Mushroom	740	A																				34	3354	46	MagicScrolls	1071	A																				34	3354	46	SoulCrystal2	1100	A																				34	3354	46	EvilHoney	1551	A																				34	3354	46	Mushroom2	1741	A																						36.0	30000	Board	100	A						
17																																															18	150000	Wax	0	CraftItem9																																																				17	1000	Potion2						470	146300000000000000000000	Wood	0	CraftItem1	11987	A	25200							38	31	Wood	0	A						470	104500000000000000000000	Stone	0	CraftItem1	13699	A	27000							37	55	Stone	55	A						470	104476000000000000000000	Potion	0	CraftItem1	17528	A	28800							37	55	Potion	65	A						470	104476000000000000000000	Book	0	CraftItem1	17528	A	28800							37	55	Book	65	A																				37	3656	55	Board	90	A																				37	55	SoulCrystal	187	A																				37	3656	55	BonesBlock	241	A																				37	55	Wax	325	A																				37	3656	55	Potion2	539	A																				37	55	Mushroom	740	A																				37	3656	55	MagicScrolls	1071	A																				37	3656	55	SoulCrystal2	1100	A																				37	3656	55	EvilHoney	1551	A																				37	3656	55	Mushroom2	1741	A																						34.6	50000	Board	100	A						
18																																															19	1000	Potion2	0	CraftItem10																																																				18	150000	Potion2						500	3881000000000000000000000	Wood	0	CraftItem1	16433	A	27000							41	37	Wood	0	A						500	2772000000000000000000000	Stone	0	CraftItem1	18624	A	28800							40	67	Stone	55	A						500	2772320000000000000000000	Potion	0	CraftItem1	18624	A	30600							40	67	Potion	65	A							Infinity													40	67	Book	65	A																				40	3985	67	Board	90	A																				40	67	SoulCrystal	187	A																				40	3985	67	BonesBlock	241	A																				40	67	Wax	325	A																				40	3985	67	Potion2	539	A																				40	67	Mushroom	740	A																				40	3985	67	MagicScrolls	1071	A																				40	3985	67	SoulCrystal2	1100	A																				40	3985	67	EvilHoney	1551	A																				40	3985	67	Mushroom2	1741	A																						33.3	10000	Board	100	A						
19																																															20	150000	Potion2	0	CraftItem11																																																				19	1000	Mushroom						501	103000000000000000000000000	Wood	0	CraftItem1	17528	A	28800							45	44	Wood	0	A						530	73560000000000000000000000	Stone	0	CraftItem1	19719	A	30600							43	80	Stone	55	A							Infinity													43	80	Potion	65	A																				43	80	Book	65	A																				43	4344	80	Board	90	A																				43	80	SoulCrystal	187	A																				43	4344	80	BonesBlock	241	A																				43	80	Wax	325	A																				43	4344	80	Potion2	539	A																				43	80	Mushroom	740	A																				43	4344	80	MagicScrolls	1071	A																				43	4344	80	SoulCrystal2	1100	A																				43	4344	80	EvilHoney	1551	A																				43	4344	80	Mushroom2	1741	A																						32.1	150000	Board	100	A						
20																																															21	1000	Mushroom	0	CraftItem12																																																				20	150000	Mushroom							Infinity													49	53	Wood	0	A							Infinity													47	96	Stone	55	A																				47	96	Potion	65	A																				47	96	Book	75	A																				47	4735	96	Board	90	A																				47	96	SoulCrystal	187	A																				47	4735	96	BonesBlock	241	A																				47	96	Wax	325	A																				47	4735	96	Potion2	539	A																				47	96	Mushroom	740	A																				47	4735	96	MagicScrolls	1071	A																				47	4735	96	SoulCrystal2	1167	A																				47	4735	96	EvilHoney	1551	A																				47	4735	96	Mushroom2	1741	A																						31.0	200000	Board	100	A						
21																																															22	150000	Mushroom	0	CraftItem13																																																				21	1000	MagicScrolls																				53	64	Wood	0	A																				52	115	Stone	55	A																				52	115	Potion	65	A																				52	115	Book	75	A																				52	5161	115	Board	90	A																				52	115	SoulCrystal	187	A																				52	5161	115	BonesBlock	241	A																				52	115	Wax	325	A																				52	5161	115	Potion2	539	A																				52	115	Mushroom	740	A																				52	5161	115	MagicScrolls	1071	A																				52	5161	115	SoulCrystal2	1167	A																				52	5161	115	EvilHoney	1551	A																				52	5161	115	Mushroom2	1741	A																						30.0	300000	Board	100	A						
22																																															23	1000	MagicScrolls	0	CraftItem14																																																				22	150000	MagicScrolls																				58	77	Wood	0	A																				56	138	Stone	55	A																				56	138	Potion	65	A																				56	138	Book	75	A																				56	5625	138	Board	90	A																				56	138	SoulCrystal	187	A																				56	5625	138	BonesBlock	241	A																				56	138	Wax	325	A																				56	5625	138	Potion2	539	A																				56	138	Mushroom	740	A																				56	5625	138	MagicScrolls	1071	A																				56	5625	138	SoulCrystal2	1167	A																				56	5625	138	EvilHoney	1551	A																				56	5625	138	Mushroom2	1741	A																						29.0	100	SoulCrystal	100	A						
23																																															24	150000	MagicScrolls	0	CraftItem15																																																				23	1000	SoulCrystal2																				63	92	Wood	0	A																				61	166	Stone	55	A																				61	166	Potion	65	A																				61	166	Book	75	A																				61	6132	166	Board	90	A																				61	166	SoulCrystal	187	A																				61	6132	166	BonesBlock	241	A																				61	166	Wax	325	A																				61	6132	166	Potion2	539	A																				61	166	Mushroom	740	A																				61	6132	166	MagicScrolls	1071	A																				61	6132	166	SoulCrystal2	1167	A																				61	6132	166	EvilHoney	1551	A																				61	6132	166	Mushroom2	1741	A																						28.1	500	SoulCrystal	100	A						
24																																															25	1000	SoulCrystal2	0	CraftItem16																																																				24	150000	SoulCrystal2																				69	110	Wood	0	A																				67	199	Stone	55	A																				67	199	Potion	65	A																				67	199	Book	75	A																				67	6683	199	Board	90	A																				67	199	SoulCrystal	187	A																				67	6683	199	BonesBlock	241	A																				67	199	Wax	325	A																				67	6683	199	Potion2	539	A																				67	199	Mushroom	740	A																				67	6683	199	MagicScrolls	1071	A																				67	6683	199	SoulCrystal2	1167	A																				67	6683	199	EvilHoney	1551	A																				67	6683	199	Mushroom2	1741	A																						27.3	1000	SoulCrystal	100	A						
25																																															26	150000	SoulCrystal2	0	CraftItem17																																																				25	1000	EvilHoney																				75	132	Wood	0	A																				73	238	Stone	55	A																				73	238	Potion	65	A																				73	238	Book	75	A																				73	7285	238	Board	90	A																				73	238	SoulCrystal	187	A																				73	7285	238	BonesBlock	241	A																				73	238	Wax	325	A																				73	7285	238	Potion2	539	A																				73	238	Mushroom	740	A																				73	7285	238	MagicScrolls	1071	A																				73	7285	238	SoulCrystal2	1167	A																				73	7285	238	EvilHoney	1551	A																				73	7285	238	Mushroom2	1741	A																						26.5	10000	SoulCrystal	100	A						
26																																															27	1000	EvilHoney	0	CraftItem18																																																				26	150000	EvilHoney																				163	159	Wood	0	A																				79	286	Stone	55	A																				79	286	Potion	65	A																				79	286	Book	68	A																				79	7941	286	Board	142	A																				79	286	SoulCrystal	230	A																				79	7941	286	BonesBlock	286	A																				79	286	Wax	518	A																				79	7941	286	Potion2	621	A																				79	286	Mushroom	740	A																				79	7941	286	MagicScrolls	1071	A																				79	7941	286	SoulCrystal2	1167	A																				79	7941	286	EvilHoney	1551	A																				79	7941	286	Mushroom2	1741	A																						25.7	30000	SoulCrystal	100	A						
27																																															28	150000	EvilHoney	0	CraftItem19																																																				27	1000	Mushroom2																				178	191	Wood	0	A																				87	343	Stone	55	A																				87	343	Potion	65	A																				87	343	Book	68	A																				87	8655	343	Board	142	A																				87	343	SoulCrystal	230	A																				87	8655	343	BonesBlock	286	A																				87	343	Wax	518	A																				87	8655	343	Potion2	621	A																				87	343	Mushroom	740	A																				87	8655	343	MagicScrolls	1071	A																				87	8655	343	SoulCrystal2	1167	A																				87	8655	343	EvilHoney	1551	A																				87	8655	343	Mushroom2	1741	A																						25.0	50000	SoulCrystal	100	A						
28																																															29	1000	Mushroom2	0	CraftItem20																																																				28	150000	Mushroom2																				194	229	Wood	0	A																				94	412	Stone	55	A																				94	412	Potion	65	A																				94	412	Book	68	A																				94	9434	412	Board	142	A																				94	412	SoulCrystal	230	A																				94	9434	412	BonesBlock	286	A																				94	412	Wax	518	A																				94	9434	412	Potion2	621	A																				94	412	Mushroom	740	A																				94	9434	412	MagicScrolls	1071	A																				94	9434	412	SoulCrystal2	1167	A																				94	9434	412	EvilHoney	1551	A																				94	9434	412	Mushroom2	1741	A																						24.3	10000	SoulCrystal	100	A						
29																																															30	150000	Mushroom2	0	CraftItem21																																																					Infinity																					211	275	Wood	0	A																				103	495	Stone	55	A																				103	495	Potion	65	A																				103	495	Book	68	A																				103	10283	495	Board	142	A																				103	495	SoulCrystal	230	A																				103	10283	495	BonesBlock	286	A																				103	495	Wax	518	A																				103	10283	495	Potion2	621	A																				103	495	Mushroom	740	A																				103	10283	495	MagicScrolls	1071	A																				103	10283	495	SoulCrystal2	1167	A																				103	10283	495	EvilHoney	1551	A																				103	10283	495	Mushroom2	1741	A																						23.7	150000	SoulCrystal	100	A						
30																																																Infinity																																																																													230	330	Wood	0	A																				224	593	Stone	55	A																				224	593	Potion	65	A																				224	593	Book	68	A																				224	22418	593	Board	160	A																				224	593	SoulCrystal	230	A																				224	22418	593	BonesBlock	286	A																				224	593	Wax	559	A																				224	22418	593	Potion2	669	A																				224	593	Mushroom	740	A																				224	22418	593	MagicScrolls	1071	A																				224	22418	593	SoulCrystal2	1167	A																				224	22418	593	EvilHoney	1637	A																				224	22418	593	Mushroom2	1741	A																						23.1	200000	SoulCrystal	100	A						
31																																																																																																																													251	396	Wood	0	A																				244	712	Stone	55	A																				244	712	Potion	65	A																				244	712	Book	68	A																				244	24435	712	Board	160	A																				244	712	SoulCrystal	230	A																				244	24435	712	BonesBlock	286	A																				244	712	Wax	559	A																				244	24435	712	Potion2	669	A																				244	712	Mushroom	740	A																				244	24435	712	MagicScrolls	1071	A																				244	24435	712	SoulCrystal2	1167	A																				244	24435	712	EvilHoney	1637	A																				244	24435	712	Mushroom2	1741	A																						22.5	300000	SoulCrystal	100	A						
32																																																																																																																													274	475	Wood	0	A																				266	855	Stone	55	A																				266	855	Potion	65	A																				266	855	Book	68	A																				266	26634	855	Board	160	A																				266	855	SoulCrystal	230	A																				266	26634	855	BonesBlock	286	A																				266	855	Wax	559	A																				266	26634	855	Potion2	669	A																				266	855	Mushroom	740	A																				266	26634	855	MagicScrolls	1071	A																				266	26634	855	SoulCrystal2	1167	A																				266	26634	855	EvilHoney	1637	A																				266	26634	855	Mushroom2	1741	A																						22.0	100	BonesBlock	100	A						
33																																																																																																																													298	570	Wood	0	A																				290	1025	Stone	55	A																				290	1025	Potion	65	A																				290	1025	Book	68	A																				290	29031	1025	Board	160	A																				290	1025	SoulCrystal	230	A																				290	29031	1025	BonesBlock	286	A																				290	1025	Wax	559	A																				290	29031	1025	Potion2	669	A																				290	1025	Mushroom	740	A																				290	29031	1025	MagicScrolls	1071	A																				290	29031	1025	SoulCrystal2	1167	A																				290	29031	1025	EvilHoney	1637	A																				290	29031	1025	Mushroom2	1741	A																						21.4	500	BonesBlock	100	A						
34																																																																																																																													325	684	Wood	0	A																				316	1231	Stone	55	A																				316	1231	Potion	65	A																				316	1231	Book	68	A																				316	31644	1231	Board	160	A																				316	1231	SoulCrystal	230	A																				316	31644	1231	BonesBlock	286	A																				316	1231	Wax	559	A																				316	31644	1231	Potion2	669	A																				316	1231	Mushroom	740	A																				316	31644	1231	MagicScrolls	1071	A																				316	31644	1231	SoulCrystal2	1167	A																				316	31644	1231	EvilHoney	1637	A																				316	31644	1231	Mushroom2	1741	A																						20.9	1000	BonesBlock	100	A						
35																																																																																																																													354	820	Wood	0	A																				345	1477	Stone	55	A																				345	1477	Potion	65	A																				345	1477	Book	68	A																				345	34492	1477	Board	160	A																				345	1477	SoulCrystal	230	A																				345	34492	1477	BonesBlock	286	A																				345	1477	Wax	559	A																				345	34492	1477	Potion2	669	A																				345	1477	Mushroom	740	A																				345	34492	1477	MagicScrolls	1071	A																				345	34492	1477	SoulCrystal2	1167	A																				345	34492	1477	EvilHoney	1637	A																				345	34492	1477	Mushroom2	1741	A																						20.5	10000	BonesBlock	100	A						
36																																																																																																																													386	984	Wood	20	A																				376	1772	Stone	55	A																				376	1772	Potion	65	A																				376	1772	Book	68	A																				376	37597	1772	Board	160	A																				376	1772	SoulCrystal	230	A																				376	37597	1772	BonesBlock	286	A																				376	1772	Wax	559	A																				376	37597	1772	Potion2	669	A																				376	1772	Mushroom	740	A																				376	37597	1772	MagicScrolls	1071	A																				376	37597	1772	SoulCrystal2	1167	A																				376	37597	1772	EvilHoney	1637	A																				376	37597	1772	Mushroom2	1741	A																						20.0	30000	BonesBlock	100	A						
37																																																																																																																													421	1181	Wood	20	A																				410	2126	Stone	55	A																				410	2126	Potion	65	A																				410	2126	Book	68	A																				410	40980	2126	Board	160	A																				410	2126	SoulCrystal	230	A																				410	40980	2126	BonesBlock	286	A																				410	2126	Wax	559	A																				410	40980	2126	Potion2	669	A																				410	2126	Mushroom	740	A																				410	40980	2126	MagicScrolls	1071	A																				410	40980	2126	SoulCrystal2	1167	A																				410	40980	2126	EvilHoney	1637	A																				410	40980	2126	Mushroom2	1741	A																						19.6	50000	BonesBlock	100	A						
38																																																																																																																													459	1418	Wood	20	A																				447	2552	Stone	55	A																				447	2552	Potion	65	A																				447	2552	Book	68	A																				447	44669	2552	Board	160	A																				447	2552	SoulCrystal	230	A																				447	44669	2552	BonesBlock	286	A																				447	2552	Wax	559	A																				447	44669	2552	Potion2	669	A																				447	2552	Mushroom	740	A																				447	44669	2552	MagicScrolls	1071	A																				447	44669	2552	SoulCrystal2	1167	A																				447	44669	2552	EvilHoney	1637	A																				447	44669	2552	Mushroom2	1741	A																						19.1	10000	BonesBlock	100	A						
39																																																																																																																													500	1701	Wood	20	A																				487	3062	Stone	55	A																				487	3062	Potion	65	A																				487	3062	Book	68	A																				487	48689	3062	Board	160	A																				487	3062	SoulCrystal	230	A																				487	48689	3062	BonesBlock	286	A																				487	3062	Wax	559	A																				487	48689	3062	Potion2	669	A																				487	3062	Mushroom	740	A																				487	48689	3062	MagicScrolls	1071	A																				487	48689	3062	SoulCrystal2	1167	A																				487	48689	3062	EvilHoney	1637	A																				487	48689	3062	Mushroom2	1741	A																						18.8	150000	BonesBlock	100	A						
40																																																																																																																													545	2041	Wood	20	A																				531	3674	Stone	65	A																				531	3674	Potion	65	A																				531	3674	Book	68	A																				531	53071	3674	Board	160	A																				531	3674	SoulCrystal	230	A																				531	53071	3674	BonesBlock	286	A																				531	3674	Wax	559	A																				531	53071	3674	Potion2	669	A																				531	3674	Mushroom	740	A																				531	53071	3674	MagicScrolls	1071	A																				531	53071	3674	SoulCrystal2	1167	A																				531	53071	3674	EvilHoney	1637	A																				531	53071	3674	Mushroom2	1830	A																						18.4	200000	BonesBlock	100	A						
41																																																																																																																													594	2450	Wood	20	A																				578	4409	Stone	65	A																				578	4409	Potion	65	A																				578	4409	Book	68	A																				578	57847	4409	Board	160	A																				578	4409	SoulCrystal	230	A																				578	57847	4409	BonesBlock	286	A																				578	4409	Wax	559	A																				578	57847	4409	Potion2	669	A																				578	4409	Mushroom	740	A																				578	57847	4409	MagicScrolls	1071	A																				578	57847	4409	SoulCrystal2	1167	A																				578	57847	4409	EvilHoney	1637	A																				578	57847	4409	Mushroom2	1830	A																						18.0	300000	Wax	100	A						
42																																																																																																																													648	2940	Wood	20	A																				631	5291	Stone	65	A																				631	5291	Potion	65	A																				631	5291	Book	68	A																				631	63053	5291	Board	160	A																				631	5291	SoulCrystal	230	A																				631	63053	5291	BonesBlock	286	A																				631	5291	Wax	559	A																				631	63053	5291	Potion2	669	A																				631	5291	Mushroom	740	A																				631	63053	5291	MagicScrolls	1071	A																				631	63053	5291	SoulCrystal2	1167	A																				631	63053	5291	EvilHoney	1637	A																				631	63053	5291	Mushroom2	1830	A																						17.6	100	Wax	100	A						
43																																																																																																																													706	3527	Wood	20	A																				687	6349	Stone	65	A																				687	6349	Potion	65	A																				687	6349	Book	68	A																				687	68728	6349	Board	160	A																				687	6349	SoulCrystal	230	A																				687	68728	6349	BonesBlock	286	A																				687	6349	Wax	559	A																				687	68728	6349	Potion2	669	A																				687	6349	Mushroom	740	A																				687	68728	6349	MagicScrolls	1071	A																				687	68728	6349	SoulCrystal2	1167	A																				687	68728	6349	EvilHoney	1637	A																				687	68728	6349	Mushroom2	1830	A																						17.3	500	Wax	100	A						
44																																																																																																																													770	4233	Wood	20	A																				749	7619	Stone	65	A																				749	7619	Potion	65	A																				749	7619	Book	68	A																				749	74914	7619	Board	160	A																				749	7619	SoulCrystal	230	A																				749	74914	7619	BonesBlock	286	A																				749	7619	Wax	559	A																				749	74914	7619	Potion2	669	A																				749	7619	Mushroom	740	A																				749	74914	7619	MagicScrolls	1071	A																				749	74914	7619	SoulCrystal2	1167	A																				749	74914	7619	EvilHoney	1637	A																				749	74914	7619	Mushroom2	1830	A																						17.0	1000	Wax	100	A						
45																																																																																																																													839	5080	Wood	20	A																				817	9143	Stone	65	A																				817	9143	Potion	65	A																				817	9143	Book	68	A																				817	81656	9143	Board	160	A																				817	9143	SoulCrystal	230	A																				817	81656	9143	BonesBlock	286	A																				817	9143	Wax	559	A																				817	81656	9143	Potion2	669	A																				817	9143	Mushroom	740	A																				817	81656	9143	MagicScrolls	1071	A																				817	81656	9143	SoulCrystal2	1167	A																				817	81656	9143	EvilHoney	1637	A																				817	81656	9143	Mushroom2	1830	A																						16.7	10000	Wax	100	A						
46																																																																																																																													914	6095	Wood	30	A																				890	10972	Stone	65	A																				890	10972	Potion	65	A																				890	10972	Book	68	A																				890	89005	10972	Board	160	A																				890	10972	SoulCrystal	230	A																				890	89005	10972	BonesBlock	286	A																				890	10972	Wax	559	A																				890	89005	10972	Potion2	669	A																				890	10972	Mushroom	740	A																				890	89005	10972	MagicScrolls	1071	A																				890	89005	10972	SoulCrystal2	1167	A																				890	89005	10972	EvilHoney	1637	A																				890	89005	10972	Mushroom2	1830	A																						16.4	30000	Wax	100	A						
47																																																																																																																													997	7315	Wood	30	A																				970	13166	Stone	65	A																				970	13166	Potion	65	A																				970	13166	Book	68	A																				970	97015	13166	Board	160	A																				970	13166	SoulCrystal	230	A																				970	97015	13166	BonesBlock	286	A																				970	13166	Wax	559	A																				970	97015	13166	Potion2	669	A																				970	13166	Mushroom	740	A																				970	97015	13166	MagicScrolls	1071	A																				970	97015	13166	SoulCrystal2	1167	A																				970	97015	13166	EvilHoney	1637	A																				970	97015	13166	Mushroom2	1830	A																						16.1	50000	Wax	100	A						
48																																																																																																																													1086	8777	Wood	30	A																				1057	15799	Stone	65	A																				1057	15799	Potion	65	A																				1057	15799	Book	68	A																				1057	105747	15799	Board	160	A																				1057	15799	SoulCrystal	230	A																				1057	105747	15799	BonesBlock	286	A																				1057	15799	Wax	559	A																				1057	105747	15799	Potion2	669	A																				1057	15799	Mushroom	740	A																				1057	105747	15799	MagicScrolls	1071	A																				1057	105747	15799	SoulCrystal2	1167	A																				1057	105747	15799	EvilHoney	1637	A																				1057	105747	15799	Mushroom2	1830	A																						15.8	10000	Wax	100	A						
49																																																																																																																													1184	10533	Wood	30	A																				1153	18959	Stone	65	A																				1153	18959	Potion	65	A																				1153	18959	Book	68	A																				1153	115264	18959	Board	160	A																				1153	18959	SoulCrystal	230	A																				1153	115264	18959	BonesBlock	286	A																				1153	18959	Wax	559	A																				1153	115264	18959	Potion2	669	A																				1153	18959	Mushroom	740	A																				1153	115264	18959	MagicScrolls	1071	A																				1153	115264	18959	SoulCrystal2	1167	A																				1153	115264	18959	EvilHoney	1637	A																				1153	115264	18959	Mushroom2	1830	A																						15.5	150000	Wax	100	A						
50																																																																																																																													1291	12639	Wood	30	A																				1256	22751	Stone	65	A																				1256	22751	Potion	75	A																				1256	22751	Book	68	A																				1256	125638	22751	Board	160	A																				1256	22751	SoulCrystal	252	A																				1256	125638	22751	BonesBlock	312	A																				1256	22751	Wax	559	A																				1256	125638	22751	Potion2	669	A																				1256	22751	Mushroom	788	A																				1256	125638	22751	MagicScrolls	1138	A																				1256	125638	22751	SoulCrystal2	1167	A																				1256	125638	22751	EvilHoney	1637	A																				1256	125638	22751	Mushroom2	1830	A																						15.3	200000	Wax	100	A						
51																																																																																																																													2813	15167	Wood	30	A																				2739	27301	Stone	65	A																				2739	27301	Potion	68	A																				2739	27301	Book	84	A																				2739	273890	27301	Board	197	A																				2739	27301	SoulCrystal	299	A																				2739	273890	27301	BonesBlock	497	A																				2739	27301	Wax	645	A																				2739	273890	27301	Potion2	937	A																				2739	27301	Mushroom	1105	A																				2739	273890	27301	MagicScrolls	1138	A																				2739	273890	27301	SoulCrystal2	1167	A																				2739	273890	27301	EvilHoney	1637	A																				2739	273890	27301	Mushroom2	1830	A																						15.0	300000	Wax	100	A						
52																																																																																																																													3067	18201	Wood	30	A																				2985	32762	Stone	65	A																				2985	32762	Potion	68	A																				2985	32762	Book	84	A																				2985	298540	32762	Board	197	A																				2985	32762	SoulCrystal	299	A																				2985	298540	32762	BonesBlock	497	A																				2985	32762	Wax	645	A																				2985	298540	32762	Potion2	937	A																				2985	32762	Mushroom	1105	A																				2985	298540	32762	MagicScrolls	1138	A																				2985	298540	32762	SoulCrystal2	1167	A																				2985	298540	32762	EvilHoney	1637	A																				2985	298540	32762	Mushroom2	1830	A																						14.8	100	Potion2	100	A						
53																																																																																																																													3343	21841	Wood	30	A																				3254	39314	Stone	65	A																				3254	39314	Potion	68	A																				3254	39314	Book	84	A																				3254	325409	39314	Board	197	A																				3254	39314	SoulCrystal	299	A																				3254	325409	39314	BonesBlock	497	A																				3254	39314	Wax	645	A																				3254	325409	39314	Potion2	937	A																				3254	39314	Mushroom	1105	A																				3254	325409	39314	MagicScrolls	1138	A																				3254	325409	39314	SoulCrystal2	1167	A																				3254	325409	39314	EvilHoney	1637	A																				3254	325409	39314	Mushroom2	1830	A																						14.5	500	Potion2	100	A						
54																																																																																																																													3643	26209	Wood	30	A																				3547	47177	Stone	65	A																				3547	47177	Potion	68	A																				3547	47177	Book	84	A																				3547	354696	47177	Board	197	A																				3547	47177	SoulCrystal	299	A																				3547	354696	47177	BonesBlock	497	A																				3547	47177	Wax	645	A																				3547	354696	47177	Potion2	937	A																				3547	47177	Mushroom	1105	A																				3547	354696	47177	MagicScrolls	1138	A																				3547	354696	47177	SoulCrystal2	1167	A																				3547	354696	47177	EvilHoney	1637	A																				3547	354696	47177	Mushroom2	1830	A																						14.3	1000	Potion2	100	A						
55																																																																																																																													3971	31451	Wood	30	A																				3866	56612	Stone	65	A																				3866	56612	Potion	68	A																				3866	56612	Book	84	A																				3866	386618	56612	Board	197	A																				3866	56612	SoulCrystal	299	A																				3866	386618	56612	BonesBlock	497	A																				3866	56612	Wax	645	A																				3866	386618	56612	Potion2	937	A																				3866	56612	Mushroom	1105	A																				3866	386618	56612	MagicScrolls	1138	A																				3866	386618	56612	SoulCrystal2	1167	A																				3866	386618	56612	EvilHoney	1637	A																				3866	386618	56612	Mushroom2	1830	A																						14.1	10000	Potion2	100	A						
56																																																																																																																													4329	37741	Wood	30	A																				4214	67934	Stone	65	A																				4214	67934	Potion	68	A																				4214	67934	Book	84	A																				4214	421414	67934	Board	197	A																				4214	67934	SoulCrystal	299	A																				4214	421414	67934	BonesBlock	497	A																				4214	67934	Wax	645	A																				4214	421414	67934	Potion2	937	A																				4214	67934	Mushroom	1105	A																				4214	421414	67934	MagicScrolls	1138	A																				4214	421414	67934	SoulCrystal2	1167	A																				4214	421414	67934	EvilHoney	1637	A																				4214	421414	67934	Mushroom2	1830	A																						13.8	30000	Potion2	100	A						
57																																																																																																																													4718	45290	Wood	30	A																				4593	81521	Stone	65	A																				4593	81521	Potion	68	A																				4593	81521	Book	84	A																				4593	459341	81521	Board	197	A																				4593	81521	SoulCrystal	299	A																				4593	459341	81521	BonesBlock	497	A																				4593	81521	Wax	645	A																				4593	459341	81521	Potion2	937	A																				4593	81521	Mushroom	1105	A																				4593	459341	81521	MagicScrolls	1138	A																				4593	459341	81521	SoulCrystal2	1167	A																				4593	459341	81521	EvilHoney	1637	A																				4593	459341	81521	Mushroom2	1830	A																						13.6	50000	Potion2	100	A						
58																																																																																																																													5143	54348	Wood	30	A																				5007	97826	Stone	65	A																				5007	97826	Potion	68	A																				5007	97826	Book	84	A																				5007	500682	97826	Board	197	A																				5007	97826	SoulCrystal	299	A																				5007	500682	97826	BonesBlock	497	A																				5007	97826	Wax	645	A																				5007	500682	97826	Potion2	937	A																				5007	97826	Mushroom	1105	A																				5007	500682	97826	MagicScrolls	1138	A																				5007	500682	97826	SoulCrystal2	1167	A																				5007	500682	97826	EvilHoney	1637	A																				5007	500682	97826	Mushroom2	1830	A																						13.4	10000	Potion2	100	A						
59																																																																																																																													5606	65217	Wood	30	A																				5457	117391	Stone	65	A																				5457	117391	Potion	68	A																				5457	117391	Book	84	A																				5457	545743	117391	Board	197	A																				5457	117391	SoulCrystal	299	A																				5457	545743	117391	BonesBlock	497	A																				5457	117391	Wax	645	A																				5457	545743	117391	Potion2	937	A																				5457	117391	Mushroom	1105	A																				5457	545743	117391	MagicScrolls	1138	A																				5457	545743	117391	SoulCrystal2	1167	A																				5457	545743	117391	EvilHoney	1637	A																				5457	545743	117391	Mushroom2	1830	A																						13.2	150000	Potion2	100	A						
60																																																																																																																													6111	78260	Wood	30	A																				5949	140869	Stone	65	A																				5949	140869	Potion	68	A																				5949	140869	Book	95	A																				5949	594860	140869	Board	197	A																				5949	140869	SoulCrystal	299	A																				5949	594860	140869	BonesBlock	497	A																				5949	140869	Wax	645	A																				5949	594860	140869	Potion2	937	A																				5949	140869	Mushroom	1105	A																				5949	594860	140869	MagicScrolls	1138	A																				5949	594860	140869	SoulCrystal2	1233	A																				5949	594860	140869	EvilHoney	1637	A																				5949	594860	140869	Mushroom2	1830	A																						13.0	200000	Potion2	100	A						
61																																																																																																																													6660	93913	Wood	30	A																				6484	2000	Potion	65	A																				6484	2000	Book	68	A																				6484	32420	Book	95	A																				6484	648398	2000	SoulCrystal	219	A																				6484	2000	BonesBlock	299	A																				6484	648398	2000	Wax	539	A																				6484	2000	Potion2	645	A																				6484	648398	2000	Mushroom	1004	A																				6484	2000	MagicScrolls	1105	A																				6484	648398	2000	SoulCrystal2	1205	A																				6484	648398	2000	EvilHoney	1233	A																				6484	648398	2000	Mushroom2	1723	A																				6484	648398	3241988	Mushroom2	1920	A																						12.9	300000	Potion2	100	A						
62																																																																																																																													7260	112695	Wood	30	A																				7068	2300	Potion	65	A																				7068	2300	Book	68	A																				7068	37931	Book	95	A																				7068	706753	2300	SoulCrystal	219	A																				7068	2300	BonesBlock	299	A																				7068	706753	2300	Wax	539	A																				7068	2300	Potion2	645	A																				7068	706753	2300	Mushroom	1004	A																				7068	2300	MagicScrolls	1105	A																				7068	706753	2300	SoulCrystal2	1205	A																				7068	706753	2300	EvilHoney	1233	A																				7068	706753	2300	Mushroom2	1723	A																				7068	706753	3793126	Mushroom2	1920	A																						12.7	100	Mushroom	100	A						
63																																																																																																																													7913	135234	Wood	30	A																				7704	2645	Potion	65	A																				7704	2645	Book	68	A																				7704	44380	Book	95	A																				7704	770361	2645	SoulCrystal	219	A																				7704	2645	BonesBlock	299	A																				7704	770361	2645	Wax	539	A																				7704	2645	Potion2	645	A																				7704	770361	2645	Mushroom	1004	A																				7704	2645	MagicScrolls	1105	A																				7704	770361	2645	SoulCrystal2	1205	A																				7704	770361	2645	EvilHoney	1233	A																				7704	770361	2645	Mushroom2	1723	A																				7704	770361	4437957	Mushroom2	1920	A																						12.5	500	Mushroom	100	A						
64																																																																																																																													8625	162281	Wood	30	A																				8397	3042	Potion	65	A																				8397	3042	Book	68	A																				8397	51924	Book	95	A																				8397	839694	3042	SoulCrystal	219	A																				8397	3042	BonesBlock	299	A																				8397	839694	3042	Wax	539	A																				8397	3042	Potion2	645	A																				8397	839694	3042	Mushroom	1004	A																				8397	3042	MagicScrolls	1105	A																				8397	839694	3042	SoulCrystal2	1205	A																				8397	839694	3042	EvilHoney	1233	A																				8397	839694	3042	Mushroom2	1723	A																				8397	839694	5192410	Mushroom2	1920	A																						12.3	1000	Mushroom	100	A						
65																																																																																																																													9402	194737	Wood	30	A																				9153	3498	Potion	65	A																				9153	3498	Book	68	A																				9153	60751	Book	95	A																				9153	915266	3498	SoulCrystal	219	A																				9153	3498	BonesBlock	299	A																				9153	915266	3498	Wax	539	A																				9153	3498	Potion2	645	A																				9153	915266	3498	Mushroom	1004	A																				9153	3498	MagicScrolls	1105	A																				9153	915266	3498	SoulCrystal2	1205	A																				9153	915266	3498	EvilHoney	1233	A																				9153	915266	3498	Mushroom2	1723	A																				9153	915266	6075120	Mushroom2	1920	A																						12.2	10000	Mushroom	100	A						
66																																																																																																																													10248	233684	Wood	30	A																				9976	4023	Potion	65	A																				9976	4023	Book	68	A																				9976	71079	Book	95	A																				9976	997640	4023	SoulCrystal	219	A																				9976	4023	BonesBlock	299	A																				9976	997640	4023	Wax	539	A																				9976	4023	Potion2	645	A																				9976	997640	4023	Mushroom	1004	A																				9976	4023	MagicScrolls	1105	A																				9976	997640	4023	SoulCrystal2	1205	A																				9976	997640	4023	EvilHoney	1233	A																				9976	997640	4023	Mushroom2	1723	A																				9976	997640	7107890	Mushroom2	1920	A																						12.0	30000	Mushroom	100	A						
67																																																																																																																													11170	280421	Wood	30	A																				10874	4626	Potion	65	A																				10874	4626	Book	68	A																				10874	83162	Book	95	A																				10874	1087428	4626	SoulCrystal	219	A																				10874	4626	BonesBlock	299	A																				10874	1087428	4626	Wax	539	A																				10874	4626	Potion2	645	A																				10874	1087428	4626	Mushroom	1004	A																				10874	4626	MagicScrolls	1105	A																				10874	1087428	4626	SoulCrystal2	1205	A																				10874	1087428	4626	EvilHoney	1233	A																				10874	1087428	4626	Mushroom2	1723	A																				10874	1087428	8316231	Mushroom2	1920	A																						11.8	50000	Mushroom	100	A						
68																																																																																																																													12176	336506	Wood	30	A																				11853	5320	Potion	65	A																				11853	5320	Book	68	A																				11853	97300	Book	95	A																				11853	1185296	5320	SoulCrystal	219	A																				11853	5320	BonesBlock	299	A																				11853	1185296	5320	Wax	539	A																				11853	5320	Potion2	645	A																				11853	1185296	5320	Mushroom	1004	A																				11853	5320	MagicScrolls	1105	A																				11853	1185296	5320	SoulCrystal2	1205	A																				11853	1185296	5320	EvilHoney	1233	A																				11853	1185296	5320	Mushroom2	1723	A																				11853	1185296	9729991	Mushroom2	1920	A																						11.7	10000	Mushroom	100	A						
69																																																																																																																													13271	403807	Wood	30	A																				12920	6118	Potion	65	A																				12920	6118	Book	68	A																				12920	113841	Book	95	A																				12920	1291973	6118	SoulCrystal	219	A																				12920	6118	BonesBlock	299	A																				12920	1291973	6118	Wax	539	A																				12920	6118	Potion2	645	A																				12920	1291973	6118	Mushroom	1004	A																				12920	6118	MagicScrolls	1105	A																				12920	1291973	6118	SoulCrystal2	1205	A																				12920	1291973	6118	EvilHoney	1233	A																				12920	1291973	6118	Mushroom2	1723	A																				12920	1291973	11384089	Mushroom2	1920	A																						11.5	150000	Mushroom	100	A						
70																																																																																																																													14466	5053	Stone	30	A																				14083	7036	Potion	65	A																				14083	7036	Book	68	A																				14083	133194	Book	95	A																				14083	1408250	7036	SoulCrystal	219	A																				14083	7036	BonesBlock	299	A																				14083	1408250	7036	Wax	539	A																				14083	7036	Potion2	692	A																				14083	1408250	7036	Mushroom	1004	A																				14083	7036	MagicScrolls	1105	A																				14083	1408250	7036	SoulCrystal2	1205	A																				14083	1408250	7036	EvilHoney	1300	A																				14083	1408250	7036	Mushroom2	1723	A																				14083	1408250	13319384	Mushroom2	1920	A																						11.4	200000	Mushroom	100	A						
71																																																																																																																													15768	5659	Stone	30	A																				15350	8091	Potion	65	A																				15350	8091	Book	68	A																				15350	155837	Book	95	A																				15350	1534993	8091	SoulCrystal	219	A																				15350	8091	BonesBlock	299	A																				15350	1534993	8091	Wax	539	A																				15350	8091	Potion2	692	A																				15350	1534993	8091	Mushroom	1004	A																				15350	8091	MagicScrolls	1105	A																				15350	1534993	8091	SoulCrystal2	1205	A																				15350	1534993	8091	EvilHoney	1300	A																				15350	1534993	8091	Mushroom2	1723	A																				15350	1534993	15583679	Mushroom2	1920	A																						11.3	300000	Mushroom	100	A						
72																																																																																																																													17187	6338	Stone	30	A																				16731	9305	Potion	65	A																				16731	9305	Book	68	A																				16731	182329	Book	95	A																				16731	1673142	9305	SoulCrystal	219	A																				16731	9305	BonesBlock	299	A																				16731	1673142	9305	Wax	539	A																				16731	9305	Potion2	692	A																				16731	1673142	9305	Mushroom	1004	A																				16731	9305	MagicScrolls	1105	A																				16731	1673142	9305	SoulCrystal2	1205	A																				16731	1673142	9305	EvilHoney	1300	A																				16731	1673142	9305	Mushroom2	1723	A																				16731	1673142	18232905	Mushroom2	1920	A																						11.1	100	MagicScrolls	100	A						
73																																																																																																																													18734	7099	Stone	30	A																				18237	10701	Potion	65	A																				18237	10701	Book	68	A																				18237	213325	Book	95	A																				18237	1823725	10701	SoulCrystal	219	A																				18237	10701	BonesBlock	299	A																				18237	1823725	10701	Wax	539	A																				18237	10701	Potion2	692	A																				18237	1823725	10701	Mushroom	1004	A																				18237	10701	MagicScrolls	1105	A																				18237	1823725	10701	SoulCrystal2	1205	A																				18237	1823725	10701	EvilHoney	1300	A																				18237	1823725	10701	Mushroom2	1723	A																				18237	1823725	21332499	Mushroom2	1920	A																						11.0	500	MagicScrolls	100	A						
74																																																																																																																													20420	7951	Stone	30	A																				19879	12306	Potion	65	A																				19879	12306	Book	68	A																				19879	249590	Book	95	A																				19879	1987860	12306	SoulCrystal	219	A																				19879	12306	BonesBlock	299	A																				19879	1987860	12306	Wax	539	A																				19879	12306	Potion2	692	A																				19879	1987860	12306	Mushroom	1004	A																				19879	12306	MagicScrolls	1105	A																				19879	1987860	12306	SoulCrystal2	1205	A																				19879	1987860	12306	EvilHoney	1300	A																				19879	1987860	12306	Mushroom2	1723	A																				19879	1987860	24959023	Mushroom2	1920	A																						10.8	1000	MagicScrolls	100	A						
75																																																																																																																													22257	8905	Stone	30	A																				21668	14151	Potion	65	A																				21668	14151	Book	68	A																				21668	292021	Book	95	A																				21668	2166768	14151	SoulCrystal	219	A																				21668	14151	BonesBlock	299	A																				21668	2166768	14151	Wax	539	A																				21668	14151	Potion2	692	A																				21668	2166768	14151	Mushroom	1004	A																				21668	14151	MagicScrolls	1105	A																				21668	2166768	14151	SoulCrystal2	1205	A																				21668	2166768	14151	EvilHoney	1300	A																				21668	2166768	14151	Mushroom2	1723	A																				21668	2166768	29202057	Mushroom2	1920	A																						10.7	10000	MagicScrolls	100	A						
76																																																																																																																													24261	9973	Stone	45	A																				23618	16274	Potion	65	A																				23618	16274	Book	68	A																				23618	341664	Book	95	A																				23618	2361777	16274	SoulCrystal	219	A																				23618	16274	BonesBlock	299	A																				23618	2361777	16274	Wax	539	A																				23618	16274	Potion2	692	A																				23618	2361777	16274	Mushroom	1004	A																				23618	16274	MagicScrolls	1105	A																				23618	2361777	16274	SoulCrystal2	1205	A																				23618	2361777	16274	EvilHoney	1300	A																				23618	2361777	16274	Mushroom2	1723	A																				23618	2361777	34166407	Mushroom2	1920	A																						10.6	30000	MagicScrolls	100	A						
77																																																																																																																													26444	11170	Stone	45	A																				25743	18715	Potion	65	A																				25743	18715	Book	68	A																				25743	399747	Book	95	A																				25743	2574337	18715	SoulCrystal	219	A																				25743	18715	BonesBlock	299	A																				25743	2574337	18715	Wax	539	A																				25743	18715	Potion2	692	A																				25743	2574337	18715	Mushroom	1004	A																				25743	18715	MagicScrolls	1105	A																				25743	2574337	18715	SoulCrystal2	1205	A																				25743	2574337	18715	EvilHoney	1300	A																				25743	2574337	18715	Mushroom2	1723	A																				25743	2574337	39974696	Mushroom2	1920	A																						10.5	50000	MagicScrolls	100	A						
78																																																																																																																													28824	12510	Stone	45	A																				28060	21523	Potion	65	A																				28060	21523	Book	68	A																				28060	467704	Book	95	A																				28060	2806027	21523	SoulCrystal	219	A																				28060	21523	BonesBlock	299	A																				28060	2806027	21523	Wax	539	A																				28060	21523	Potion2	692	A																				28060	2806027	21523	Mushroom	1004	A																				28060	21523	MagicScrolls	1105	A																				28060	2806027	21523	SoulCrystal2	1205	A																				28060	2806027	21523	EvilHoney	1300	A																				28060	2806027	21523	Mushroom2	1723	A																				28060	2806027	46770395	Mushroom2	1920	A																						10.3	10000	MagicScrolls	100	A						
79																																																																																																																													31418	14012	Stone	45	A																				30586	24751	Potion	65	A																				30586	24751	Book	68	A																				30586	547214	Book	95	A																				30586	3058569	24751	SoulCrystal	219	A																				30586	24751	BonesBlock	299	A																				30586	3058569	24751	Wax	539	A																				30586	24751	Potion2	692	A																				30586	3058569	24751	Mushroom	1004	A																				30586	24751	MagicScrolls	1105	A																				30586	3058569	24751	SoulCrystal2	1205	A																				30586	3058569	24751	EvilHoney	1300	A																				30586	3058569	24751	Mushroom2	1723	A																				30586	3058569	54721362	Mushroom2	1920	A																						10.2	150000	MagicScrolls	100	A						
80																																																																																																																													34246	15693	Stone	45	A																				33338	28464	Potion	75	A																				33338	28464	Book	68	A																				33338	640240	Book	95	A																				33338	3333841	28464	SoulCrystal	241	A																				33338	28464	BonesBlock	299	A																				33338	3333841	28464	Wax	539	A																				33338	28464	Potion2	692	A																				33338	3333841	28464	Mushroom	1071	A																				33338	28464	MagicScrolls	1105	A																				33338	3333841	28464	SoulCrystal2	1205	A																				33338	3333841	28464	EvilHoney	1300	A																				33338	3333841	28464	Mushroom2	1810	A																				33338	3333841	64023993	Mushroom2	1920	A																						10.1	200000	MagicScrolls	100	A						
81																																																																																																																													74656	17576	Stone	41	A																				72678	32733	Potion	68	A																				72678	32733	Book	84	A																				72678	749081	Book	151	A																				72678	7267773	32733	SoulCrystal	286	A																				72678	32733	BonesBlock	477	A																				72678	7267773	32733	Wax	621	A																				72678	32733	Potion2	971	A																				72678	7267773	32733	Mushroom	1067	A																				72678	32733	MagicScrolls	1100	A																				72678	7267773	32733	SoulCrystal2	1200	A																				72678	7267773	32733	EvilHoney	1300	A																				72678	7267773	32733	Mushroom2	1810	A																				72678	7267773	74908072	Mushroom2	1920	A																						10.0	300000	MagicScrolls	100	A						
82																																																																																																																													81375	19685	Stone	41	A																				79219	37643	Potion	68	A																				79219	37643	Book	84	A																				79219	876424	Book	151	A																				79219	7921872	37643	SoulCrystal	286	A																				79219	37643	BonesBlock	477	A																				79219	7921872	37643	Wax	621	A																				79219	37643	Potion2	971	A																				79219	7921872	37643	Mushroom	1067	A																				79219	37643	MagicScrolls	1100	A																				79219	7921872	37643	SoulCrystal2	1200	A																				79219	7921872	37643	EvilHoney	1300	A																				79219	7921872	37643	Mushroom2	1810	A																				79219	7921872	87642445	Mushroom2	1920	A																						9.9	100	SoulCrystal2	100	A						
83																																																																																																																													88699	22048	Stone	41	A																				86348	43289	Potion	68	A																				86348	43289	Book	84	A																				86348	1025417	Book	151	A																				86348	8634841	43289	SoulCrystal	286	A																				86348	43289	BonesBlock	477	A																				86348	8634841	43289	Wax	621	A																				86348	43289	Potion2	971	A																				86348	8634841	43289	Mushroom	1067	A																				86348	43289	MagicScrolls	1100	A																				86348	8634841	43289	SoulCrystal2	1200	A																				86348	8634841	43289	EvilHoney	1300	A																				86348	8634841	43289	Mushroom2	1810	A																				86348	8634841	102541660	Mushroom2	1920	A																						9.8	500	SoulCrystal2	100	A						
84																																																																																																																													96681	24693	Stone	41	A																				94120	49783	Potion	68	A																				94120	49783	Book	84	A																				94120	1199737	Book	151	A																				94120	9411976	49783	SoulCrystal	286	A																				94120	49783	BonesBlock	477	A																				94120	9411976	49783	Wax	621	A																				94120	49783	Potion2	971	A																				94120	9411976	49783	Mushroom	1067	A																				94120	49783	MagicScrolls	1100	A																				94120	9411976	49783	SoulCrystal2	1200	A																				94120	9411976	49783	EvilHoney	1300	A																				94120	9411976	49783	Mushroom2	1810	A																				94120	9411976	119973742	Mushroom2	1920	A																						9.7	1000	SoulCrystal2	100	A						
85																																																																																																																													105383	27657	Stone	41	A																				102591	57250	Potion	68	A																				102591	57250	Book	84	A																				102591	1403693	Book	151	A																				102591	10259054	57250	SoulCrystal	286	A																				102591	57250	BonesBlock	477	A																				102591	10259054	57250	Wax	621	A																				102591	57250	Potion2	971	A																				102591	10259054	57250	Mushroom	1067	A																				102591	57250	MagicScrolls	1100	A																				102591	10259054	57250	SoulCrystal2	1200	A																				102591	10259054	57250	EvilHoney	1300	A																				102591	10259054	57250	Mushroom2	1810	A																				102591	10259054	140369279	Mushroom2	1920	A																						9.6	10000	SoulCrystal2	100	A						
86																																																																																																																													114867	30975	Stone	41	A																				111824	65838	Potion	68	A																				111824	65838	Book	84	A																				111824	1642321	Book	151	A																				111824	11182369	65838	SoulCrystal	286	A																				111824	65838	BonesBlock	477	A																				111824	11182369	65838	Wax	621	A																				111824	65838	Potion2	971	A																				111824	11182369	65838	Mushroom	1067	A																				111824	65838	MagicScrolls	1100	A																				111824	11182369	65838	SoulCrystal2	1200	A																				111824	11182369	65838	EvilHoney	1300	A																				111824	11182369	65838	Mushroom2	1810	A																				111824	11182369	164232056	Mushroom2	1920	A																						9.5	30000	SoulCrystal2	100	A						
87																																																																																																																													125205	34692	Stone	41	A																				121888	75714	Potion	68	A																				121888	75714	Book	84	A																				121888	1921515	Book	151	A																				121888	12188782	75714	SoulCrystal	286	A																				121888	75714	BonesBlock	477	A																				121888	12188782	75714	Wax	621	A																				121888	75714	Potion2	971	A																				121888	12188782	75714	Mushroom	1067	A																				121888	75714	MagicScrolls	1100	A																				121888	12188782	75714	SoulCrystal2	1200	A																				121888	12188782	75714	EvilHoney	1300	A																				121888	12188782	75714	Mushroom2	1810	A																				121888	12188782	192151506	Mushroom2	1920	A																						9.4	50000	SoulCrystal2	100	A						
88																																																																																																																													136474	38855	Stone	41	A																				132858	87071	Potion	68	A																				132858	87071	Book	84	A																				132858	2248173	Book	151	A																				132858	13285773	87071	SoulCrystal	286	A																				132858	87071	BonesBlock	477	A																				132858	13285773	87071	Wax	621	A																				132858	87071	Potion2	971	A																				132858	13285773	87071	Mushroom	1067	A																				132858	87071	MagicScrolls	1100	A																				132858	13285773	87071	SoulCrystal2	1200	A																				132858	13285773	87071	EvilHoney	1300	A																				132858	13285773	87071	Mushroom2	1810	A																				132858	13285773	224817262	Mushroom2	1920	A																						9.3	10000	SoulCrystal2	100	A						
89																																																																																																																													148756	43518	Stone	41	A																				144815	100131	Potion	68	A																				144815	100131	Book	84	A																				144815	2630362	Book	151	A																				144815	14481492	100131	SoulCrystal	286	A																				144815	100131	BonesBlock	477	A																				144815	14481492	100131	Wax	621	A																				144815	100131	Potion2	971	A																				144815	14481492	100131	Mushroom	1067	A																				144815	100131	MagicScrolls	1100	A																				144815	14481492	100131	SoulCrystal2	1200	A																				144815	14481492	100131	EvilHoney	1300	A																				144815	14481492	100131	Mushroom2	1810	A																				144815	14481492	263036196	Mushroom2	1920	A																						9.2	150000	SoulCrystal2	100	A						
90																																																																																																																													162144	48740	Stone	41	A																				157848	115151	Potion	68	A																				157848	115151	Book	95	A																				157848	3077523	Book	151	A																				157848	15784827	115151	SoulCrystal	286	A																				157848	115151	BonesBlock	518	A																				157848	15784827	115151	Wax	621	A																				157848	115151	Potion2	971	A																				157848	15784827	115151	Mushroom	1067	A																				157848	115151	MagicScrolls	1167	A																				157848	15784827	115151	SoulCrystal2	1200	A																				157848	15784827	115151	EvilHoney	1300	A																				157848	15784827	115151	Mushroom2	1810	A																				157848	15784827	307752349	Mushroom2	2009	A																						9.1	200000	SoulCrystal2	100	A						
91																																																																																																																													176737	54589	Stone	50	A																				172055	2000	Book	68	A																				172055	860273	Stone	95	A																				172055	2000	Board	151	A																				172055	17205461	2000	BonesBlock	286	A																				172055	2000	Wax	518	A																				172055	17205461	2000	Potion2	621	A																				172055	2000	Mushroom	971	A																				172055	17205461	2000	MagicScrolls	1067	A																				172055	2000	SoulCrystal2	1167	A																				172055	17205461	2000	EvilHoney	1200	A																				172055	17205461	2000	Mushroom2	1300	A																				172055	17205461	86027305	EvilHoney	1810	A																				172055	17205461	360070249	Mushroom2	2009	A																						9.0	300000	SoulCrystal2	100	A						
92																																																																																																																													192644	61140	Stone	50	A																				187540	2300	Book	68	A																				187540	1006519	Stone	95	A																				187540	2300	Board	151	A																				187540	18753953	2300	BonesBlock	286	A																				187540	2300	Wax	518	A																				187540	18753953	2300	Potion2	621	A																				187540	2300	Mushroom	971	A																				187540	18753953	2300	MagicScrolls	1067	A																				187540	2300	SoulCrystal2	1167	A																				187540	18753953	2300	EvilHoney	1200	A																				187540	18753953	2300	Mushroom2	1300	A																				187540	18753953	100651947	EvilHoney	1810	A																				187540	18753953	421282191	Mushroom2	2009	A																						8.9	100	EvilHoney	100	A						
93																																																																																																																													209982	68477	Stone	50	A																				204418	2645	Book	68	A																				204418	1177628	Stone	95	A																				204418	2645	Board	151	A																				204418	20441808	2645	BonesBlock	286	A																				204418	2645	Wax	518	A																				204418	20441808	2645	Potion2	621	A																				204418	2645	Mushroom	971	A																				204418	20441808	2645	MagicScrolls	1067	A																				204418	2645	SoulCrystal2	1167	A																				204418	20441808	2645	EvilHoney	1200	A																				204418	20441808	2645	Mushroom2	1300	A																				204418	20441808	117762778	EvilHoney	1810	A																				204418	20441808	492900163	Mushroom2	2009	A																						8.8	500	EvilHoney	100	A						
94																																																																																																																													228880	76694	Stone	50	A																				222816	3042	Book	68	A																				222816	1377825	Stone	95	A																				222816	3042	Board	151	A																				222816	22281571	3042	BonesBlock	286	A																				222816	3042	Wax	518	A																				222816	22281571	3042	Potion2	621	A																				222816	3042	Mushroom	971	A																				222816	22281571	3042	MagicScrolls	1067	A																				222816	3042	SoulCrystal2	1167	A																				222816	22281571	3042	EvilHoney	1200	A																				222816	22281571	3042	Mushroom2	1300	A																				222816	22281571	137782451	EvilHoney	1810	A																				222816	22281571	576693191	Mushroom2	2009	A																						8.7	1000	EvilHoney	100	A						
95																																																																																																																													249479	85897	Stone	50	A																				242869	3498	Book	68	A																				242869	1612055	Stone	95	A																				242869	3498	Board	151	A																				242869	24286912	3498	BonesBlock	286	A																				242869	3498	Wax	518	A																				242869	24286912	3498	Potion2	621	A																				242869	3498	Mushroom	971	A																				242869	24286912	3498	MagicScrolls	1067	A																				242869	3498	SoulCrystal2	1167	A																				242869	24286912	3498	EvilHoney	1200	A																				242869	24286912	3498	Mushroom2	1300	A																				242869	24286912	161205467	EvilHoney	1810	A																				242869	24286912	674731034	Mushroom2	2009	A																						8.7	10000	EvilHoney	100	A						
96																																																																																																																													271932	96205	Stone	50	A																				264727	4023	Book	68	A																				264727	1886104	Stone	95	A																				264727	4023	Board	151	A																				264727	26472735	4023	BonesBlock	286	A																				264727	4023	Wax	518	A																				264727	26472735	4023	Potion2	621	A																				264727	4023	Mushroom	971	A																				264727	26472735	4023	MagicScrolls	1067	A																				264727	4023	SoulCrystal2	1167	A																				264727	26472735	4023	EvilHoney	1200	A																				264727	26472735	4023	Mushroom2	1300	A																				264727	26472735	188610397	EvilHoney	1810	A																				264727	26472735	789435309	Mushroom2	2009	A																						8.6	30000	EvilHoney	100	A						
97																																																																																																																													296406	107749	Stone	50	A																				288553	4626	Book	68	A																				288553	2206742	Stone	95	A																				288553	4626	Board	151	A																				288553	28855281	4626	BonesBlock	286	A																				288553	4626	Wax	518	A																				288553	28855281	4626	Potion2	621	A																				288553	4626	Mushroom	971	A																				288553	28855281	4626	MagicScrolls	1067	A																				288553	4626	SoulCrystal2	1167	A																				288553	28855281	4626	EvilHoney	1200	A																				288553	28855281	4626	Mushroom2	1300	A																				288553	28855281	220674164	EvilHoney	1810	A																				288553	28855281	923639312	Mushroom2	2009	A																						8.5	50000	EvilHoney	100	A						
98																																																																																																																													323083	120679	Stone	50	A																				314523	5320	Book	68	A																				314523	2581888	Stone	95	A																				314523	5320	Board	151	A																				314523	31452256	5320	BonesBlock	286	A																				314523	5320	Wax	518	A																				314523	31452256	5320	Potion2	621	A																				314523	5320	Mushroom	971	A																				314523	31452256	5320	MagicScrolls	1067	A																				314523	5320	SoulCrystal2	1167	A																				314523	31452256	5320	EvilHoney	1200	A																				314523	31452256	5320	Mushroom2	1300	A																				314523	31452256	258188772	EvilHoney	1810	A																				314523	31452256	1080657995	Mushroom2	2009	A																						8.4	10000	EvilHoney	100	A						
99																																																																																																																													352160	135161	Stone	50	A																				342830	6118	Book	68	A																				342830	3020809	Stone	95	A																				342830	6118	Board	151	A																				342830	34282959	6118	BonesBlock	286	A																				342830	6118	Wax	518	A																				342830	34282959	6118	Potion2	621	A																				342830	6118	Mushroom	971	A																				342830	34282959	6118	MagicScrolls	1067	A																				342830	6118	SoulCrystal2	1167	A																				342830	34282959	6118	EvilHoney	1200	A																				342830	34282959	6118	Mushroom2	1300	A																				342830	34282959	302080864	EvilHoney	1810	A																				342830	34282959	1264369854	Mushroom2	2009	A																						8.3	150000	EvilHoney	100	A						
100																																																																																																																													383855	151380	Stone	50	A																				373684	7036	Book	68	A																				373684	3534346	Stone	95	A																				373684	7036	Board	169	A																				373684	37368425	7036	BonesBlock	286	A																				373684	7036	Wax	518	A																				373684	37368425	7036	Potion2	669	A																				373684	7036	Mushroom	971	A																				373684	37368425	7036	MagicScrolls	1067	A																				373684	7036	SoulCrystal2	1167	A																				373684	37368425	7036	EvilHoney	1267	A																				373684	37368425	7036	Mushroom2	1300	A																				373684	37368425	353434610	EvilHoney	1810	A																				373684	37368425	1479312730	Mushroom2	2009	A																						8.3	200000	EvilHoney	100	A						
101																																																																																																																													418402	169546	Stone	50	A																				407316	8091	Book	68	A																				407316	4135185	Stone	95	A																				407316	8091	Board	169	A																				407316	40731584	8091	BonesBlock	286	A																				407316	8091	Wax	518	A																				407316	40731584	8091	Potion2	669	A																				407316	8091	Mushroom	971	A																				407316	40731584	8091	MagicScrolls	1067	A																				407316	8091	SoulCrystal2	1167	A																				407316	40731584	8091	EvilHoney	1267	A																				407316	40731584	8091	Mushroom2	1300	A																				407316	40731584	413518494	EvilHoney	1810	A																				407316	40731584	1730795894	Mushroom2	2009	A																						8.2	300000	EvilHoney	100	A						
102																																																																																																																													456058	189891	Stone	50	A																				443974	9305	Book	68	A																				443974	4838166	Stone	95	A																				443974	9305	Board	169	A																				443974	44397426	9305	BonesBlock	286	A																				443974	9305	Wax	518	A																				443974	44397426	9305	Potion2	669	A																				443974	9305	Mushroom	971	A																				443974	44397426	9305	MagicScrolls	1067	A																				443974	9305	SoulCrystal2	1167	A																				443974	44397426	9305	EvilHoney	1267	A																				443974	44397426	9305	Mushroom2	1300	A																				443974	44397426	483816638	EvilHoney	1810	A																				443974	44397426	2025031196	Mushroom2	2009	A																						8.1	100	Mushroom2	100	A						
103																																																																																																																													497103	212678	Stone	50	A																				483932	10701	Book	68	A																				483932	5660655	Stone	95	A																				483932	10701	Board	169	A																				483932	48393194	10701	BonesBlock	286	A																				483932	10701	Wax	518	A																				483932	48393194	10701	Potion2	669	A																				483932	10701	Mushroom	971	A																				483932	48393194	10701	MagicScrolls	1067	A																				483932	10701	SoulCrystal2	1167	A																				483932	48393194	10701	EvilHoney	1267	A																				483932	48393194	10701	Mushroom2	1300	A																				483932	48393194	566065467	EvilHoney	1810	A																				483932	48393194	2369286499	Mushroom2	2009	A																						8.0	500	Mushroom2	100	A						
104																																																																																																																													541842	238200	Stone	50	A																				527486	12306	Book	68	A																				527486	6622966	Stone	95	A																				527486	12306	Board	169	A																				527486	52748582	12306	BonesBlock	286	A																				527486	12306	Wax	518	A																				527486	52748582	12306	Potion2	669	A																				527486	12306	Mushroom	971	A																				527486	52748582	12306	MagicScrolls	1067	A																				527486	12306	SoulCrystal2	1167	A																				527486	52748582	12306	EvilHoney	1267	A																				527486	52748582	12306	Mushroom2	1300	A																				527486	52748582	662296596	EvilHoney	1810	A																				527486	52748582	2772065204	Mushroom2	2009	A																						8.0	1000	Mushroom2	100	A						
105																																																																																																																													590608	266783	Stone	50	A																				574960	14151	Book	68	A																				574960	7748870	Stone	95	A																				574960	14151	Board	169	A																				574960	57495954	14151	BonesBlock	286	A																				574960	14151	Wax	518	A																				574960	57495954	14151	Potion2	669	A																				574960	14151	Mushroom	971	A																				574960	57495954	14151	MagicScrolls	1067	A																				574960	14151	SoulCrystal2	1167	A																				574960	57495954	14151	EvilHoney	1267	A																				574960	57495954	14151	Mushroom2	1300	A																				574960	57495954	774887017	EvilHoney	1810	A																				574960	57495954	3243316288	Mushroom2	2009	A																						7.9	10000	Mushroom2	100	A						
106																																																																																																																													643763	298797	Stone	50	A																				626706	16274	Book	68	A																				626706	9066178	Stone	95	A																				626706	16274	Board	169	A																				626706	62670590	16274	BonesBlock	286	A																				626706	16274	Wax	518	A																				626706	62670590	16274	Potion2	669	A																				626706	16274	Mushroom	971	A																				626706	62670590	16274	MagicScrolls	1067	A																				626706	16274	SoulCrystal2	1167	A																				626706	62670590	16274	EvilHoney	1267	A																				626706	62670590	16274	Mushroom2	1300	A																				626706	62670590	906617810	EvilHoney	1810	A																				626706	62670590	3794680057	Mushroom2	2009	A																						7.8	30000	Mushroom2	100	A						
107																																																																																																																													701701	334653	Stone	50	A																				683109	18715	Book	68	A																				683109	10607428	Stone	95	A																				683109	18715	Board	169	A																				683109	68310943	18715	BonesBlock	286	A																				683109	18715	Wax	518	A																				683109	68310943	18715	Potion2	669	A																				683109	18715	Mushroom	971	A																				683109	68310943	18715	MagicScrolls	1067	A																				683109	18715	SoulCrystal2	1167	A																				683109	68310943	18715	EvilHoney	1267	A																				683109	68310943	18715	Mushroom2	1300	A																				683109	68310943	1060742838	EvilHoney	1810	A																				683109	68310943	4439775667	Mushroom2	2009	A																						7.8	50000	Mushroom2	100	A						
108																																																																																																																													764854	374812	Stone	50	A																				744589	21523	Book	68	A																				744589	12410691	Stone	95	A																				744589	21523	Board	169	A																				744589	74458928	21523	BonesBlock	286	A																				744589	21523	Wax	518	A																				744589	74458928	21523	Potion2	669	A																				744589	21523	Mushroom	971	A																				744589	74458928	21523	MagicScrolls	1067	A																				744589	21523	SoulCrystal2	1167	A																				744589	74458928	21523	EvilHoney	1267	A																				744589	74458928	21523	Mushroom2	1300	A																				744589	74458928	1241069120	EvilHoney	1810	A																				744589	74458928	5194537530	Mushroom2	2009	A																						7.7	10000	Mushroom2	100	A						
109																																																																																																																													833691	419789	Stone	50	A																				811602	24751	Book	68	A																				811602	14520509	Stone	95	A																				811602	24751	Board	169	A																				811602	81160232	24751	BonesBlock	286	A																				811602	24751	Wax	518	A																				811602	81160232	24751	Potion2	669	A																				811602	24751	Mushroom	971	A																				811602	81160232	24751	MagicScrolls	1067	A																				811602	24751	SoulCrystal2	1167	A																				811602	81160232	24751	EvilHoney	1267	A																				811602	81160232	24751	Mushroom2	1300	A																				811602	81160232	1452050871	EvilHoney	1810	A																				811602	81160232	6077608910	Mushroom2	2009	A																						7.6	150000	Mushroom2	100	A						
110																																																																																																																													908724	470164	Stone	50	A																				884647	28464	Book	68	A																				884647	16988995	Stone	95	A																				884647	28464	Board	169	A																				884647	88464653	28464	BonesBlock	286	A																				884647	28464	Wax	518	A																				884647	88464653	28464	Potion2	669	A																				884647	28464	Mushroom	1038	A																				884647	88464653	28464	MagicScrolls	1067	A																				884647	28464	SoulCrystal2	1167	A																				884647	88464653	28464	EvilHoney	1267	A																				884647	88464653	28464	Mushroom2	1367	A																				884647	88464653	1698899519	EvilHoney	1810	A																				884647	88464653	7110802425	Mushroom2	2009	A																						7.6	200000	Mushroom2	100	A						
111																																																																																																																													1981017	8000	Potion	73	A																				1928529	32733	Book	84	A																				1928529	19877124	Stone	151	A																				1928529	32733	Board	208	A																				1928529	192852943	32733	BonesBlock	456	A																				1928529	32733	Wax	597	A																				1928529	192852943	32733	Potion2	937	A																				1928529	32733	Mushroom	1033	A																				1928529	192852943	32733	MagicScrolls	1379	A																				1928529	32733	SoulCrystal2	1508	A																				1928529	192852943	32733	EvilHoney	1637	A																				1928529	192852943	32733	Mushroom2	1766	A																				1928529	192852943	1987712437	EvilHoney	1810	A																				1928529	192852943	8319638837	Mushroom2	2009	A																						7.5	300000	Mushroom2	100	A						
112																																																																																																																													2159309	8960	Potion	73	A																				2102097	37643	Book	84	A																				2102097	23256236	Stone	151	A																				2102097	37643	Board	208	A																				2102097	210209708	37643	BonesBlock	456	A																				2102097	37643	Wax	597	A																				2102097	210209708	37643	Potion2	937	A																				2102097	37643	Mushroom	1033	A																				2102097	210209708	37643	MagicScrolls	1379	A																				2102097	37643	SoulCrystal2	1508	A																				2102097	210209708	37643	EvilHoney	1637	A																				2102097	210209708	37643	Mushroom2	1766	A																				2102097	210209708	2325623551	EvilHoney	1810	A																				1986385	198638487	8818817167	Mushroom2	2009	A																							Infinity									
113																																																																																																																													2353647	10035	Potion	73	A																				2291286	43289	Book	84	A																				2291286	27209796	Stone	151	A																				2291286	43289	Board	208	A																				2291286	229128581	43289	BonesBlock	456	A																				2291286	43289	Wax	597	A																				2291286	229128581	43289	Potion2	937	A																				2291286	43289	Mushroom	1033	A																				2291286	229128581	43289	MagicScrolls	1379	A																				2291286	43289	SoulCrystal2	1508	A																				2291286	229128581	43289	EvilHoney	1637	A																				2291286	229128581	43289	Mushroom2	1766	A																				2291286	229128581	2720979555	EvilHoney	1810	A																				2045976	204597642	9347946197	Mushroom2	2009	A																																
114																																																																																																																													2565475	11239	Potion	73	A																				2497502	49783	Book	84	A																				2497502	31835461	Stone	151	A																				2497502	49783	Board	208	A																				2497502	249750154	49783	BonesBlock	456	A																				2497502	49783	Wax	597	A																				2497502	249750154	49783	Potion2	937	A																				2497502	49783	Mushroom	1033	A																				2497502	249750154	49783	MagicScrolls	1379	A																				2497502	49783	SoulCrystal2	1508	A																				2497502	249750154	49783	EvilHoney	1637	A																				2497502	249750154	49783	Mushroom2	1766	A																				2497502	249750154	3183546080	EvilHoney	1810	A																				2107356	210735571	9908822969	Mushroom2	2009	A																																
115																																																																																																																													2796368	12588	Potion	73	A																				2722277	57250	Book	84	A																				2722277	37247489	Stone	151	A																				2722277	57250	Board	208	A																				2722277	272227668	57250	BonesBlock	456	A																				2722277	57250	Wax	597	A																				2722277	272227668	57250	Potion2	937	A																				2722277	57250	Mushroom	1033	A																				2722277	272227668	57250	MagicScrolls	1379	A																				2722277	57250	SoulCrystal2	1508	A																				2722277	272227668	57250	EvilHoney	1637	A																				2722277	272227668	57250	Mushroom2	1766	A																				2722277	272227668	3724748913	EvilHoney	1810	A																				2170576	217057638	10503352347	Mushroom2	2009	A																																
116																																																																																																																													3048041	14099	Potion	73	A																				2967282	65838	Book	84	A																				2967282	43579562	Stone	151	A																				2967282	65838	Board	208	A																				2967282	296728158	65838	BonesBlock	456	A																				2967282	65838	Wax	597	A																				2967282	296728158	65838	Potion2	937	A																				2967282	65838	Mushroom	1033	A																				2967282	296728158	65838	MagicScrolls	1379	A																				2967282	65838	SoulCrystal2	1508	A																				2967282	296728158	65838	EvilHoney	1637	A																				2967282	296728158	65838	Mushroom2	1766	A																				2967282	296728158	4357956228	EvilHoney	1810	A																				2235694	223569367	11133553488	Mushroom2	2009	A																																
117																																																																																																																													3322364	15791	Potion	73	A																				3234337	75714	Book	84	A																				3234337	50988088	Stone	151	A																				3234337	75714	Board	208	A																				3234337	323433692	75714	BonesBlock	456	A																				3234337	75714	Wax	597	A																				3234337	323433692	75714	Potion2	937	A																				3234337	75714	Mushroom	1033	A																				3234337	323433692	75714	MagicScrolls	1379	A																				3234337	75714	SoulCrystal2	1508	A																				3234337	323433692	75714	EvilHoney	1637	A																				3234337	323433692	75714	Mushroom2	1766	A																				3234337	323433692	5098808787	EvilHoney	1810	A																				2302764	230276448	11801566697	Mushroom2	2009	A																																
118																																																																																																																													3621377	17685	Potion	73	A																				3525427	87071	Book	84	A																				3525427	59656063	Stone	151	A																				3525427	87071	Board	208	A																				3525427	352542724	87071	BonesBlock	456	A																				3525427	87071	Wax	597	A																				3525427	352542724	87071	Potion2	937	A																				3525427	87071	Mushroom	1033	A																				3525427	352542724	87071	MagicScrolls	1379	A																				3525427	87071	SoulCrystal2	1508	A																				3525427	352542724	87071	EvilHoney	1637	A																				3525427	352542724	87071	Mushroom2	1766	A																				3525427	352542724	5965606281	EvilHoney	1810	A																				2371847	237184742	12509660699	Mushroom2	2009	A																																
119																																																																																																																													3947301	19808	Potion	73	A																				3842716	100131	Book	84	A																				3842716	69797593	Stone	151	A																				3842716	100131	Board	208	A																				3842716	384271569	100131	BonesBlock	456	A																				3842716	100131	Wax	597	A																				3842716	384271569	100131	Potion2	937	A																				3842716	100131	Mushroom	1033	A																				3842716	384271569	100131	MagicScrolls	1379	A																				3842716	100131	SoulCrystal2	1508	A																				3842716	384271569	100131	EvilHoney	1637	A																				3842716	384271569	100131	Mushroom2	1766	A																				3842716	384271569	6979759349	EvilHoney	1810	A																				2443003	244300284	13260240341	Mushroom2	2009	A																																
120																																																																																																																													4302558	22185	Potion	73	A																				4188560	115151	Book	95	A																				4188560	81663184	Stone	151	A																				4188560	115151	Board	208	A																				4188560	418856010	115151	BonesBlock	497	A																				4188560	115151	Wax	597	A																				4188560	418856010	115151	Potion2	937	A																				4188560	115151	Mushroom	1033	A																				4188560	418856010	115151	MagicScrolls	1465	A																				4188560	115151	SoulCrystal2	1508	A																				4188560	418856010	115151	EvilHoney	1637	A																				4188560	418856010	115151	Mushroom2	1766	A																				4188560	418856010	8166318438	EvilHoney	1896	A																				2516293	251629292	14055854762	Mushroom2	2009	A																																
121																																																																																																																													4689789	24847	Potion	73	A																				4565531	22827653	Stone	95	A																				4565531	2000	Board	151	A																				4565531	2000	SoulCrystal	208	A																				4565531	456553051	2000	Wax	497	A																				4565531	2000	Potion2	597	A																				4565531	456553051	2000	Mushroom	937	A																				4565531	2000	MagicScrolls	1033	A																				4565531	456553051	2000	SoulCrystal2	1465	A																				4565531	2000	EvilHoney	1508	A																				4565531	456553051	2000	Mushroom2	1637	A																				4565531	456553051	2282765257	SoulCrystal2	1766	A																				4565531	456553051	9554592572	EvilHoney	1896	A																				5032586	503258585	14899206047	Mushroom2	2009	A																																
122																																																																																																																													5111869	27828	Potion	73	A																				4976428	26708354	Stone	95	A																				4976428	2300	Board	151	A																				4976428	2300	SoulCrystal	208	A																				4976428	497642826	2300	Wax	497	A																				4976428	2300	Potion2	597	A																				4976428	497642826	2300	Mushroom	937	A																				4976428	2300	MagicScrolls	1033	A																				4976428	497642826	2300	SoulCrystal2	1465	A																				4976428	2300	EvilHoney	1508	A																				4976428	497642826	2300	Mushroom2	1637	A																				4976428	497642826	2670835351	SoulCrystal2	1766	A																				4976428	497642826	11178873310	EvilHoney	1896	A																				5183563	518356342	15793158410	Mushroom2	2009	A																																
123																																																																																																																													5571938	31168	Potion	73	A																				5424307	31248774	Stone	95	A																				5424307	2645	Board	151	A																				5424307	2645	SoulCrystal	208	A																				5424307	542430680	2645	Wax	497	A																				5424307	2645	Potion2	597	A																				5424307	542430680	2645	Mushroom	937	A																				5424307	2645	MagicScrolls	1033	A																				5424307	542430680	2645	SoulCrystal2	1465	A																				5424307	2645	EvilHoney	1508	A																				5424307	542430680	2645	Mushroom2	1637	A																				5424307	542430680	3124877360	SoulCrystal2	1766	A																				5424307	542430680	13079281772	EvilHoney	1896	A																				5339070	533907032	16740747915	Mushroom2	2009	A																																
124																																																																																																																													6073412	34908	Potion	73	A																				5912494	36561065	Stone	95	A																				5912494	3042	Board	151	A																				5912494	3042	SoulCrystal	208	A																				5912494	591249442	3042	Wax	497	A																				5912494	3042	Potion2	597	A																				5912494	591249442	3042	Mushroom	937	A																				5912494	3042	MagicScrolls	1033	A																				5912494	591249442	3042	SoulCrystal2	1465	A																				5912494	3042	EvilHoney	1508	A																				5912494	591249442	3042	Mushroom2	1637	A																				5912494	591249442	3656106511	SoulCrystal2	1766	A																				5912494	591249442	15302759674	EvilHoney	1896	A																				5499242	549924243	17745192790	Mushroom2	2009	A																																
125																																																																																																																													6620019	39097	Potion	73	A																				6444619	42776446	Stone	95	A																				6444619	3498	Board	151	A																				6444619	3498	SoulCrystal	208	A																				6444619	644461891	3498	Wax	497	A																				6444619	3498	Potion2	597	A																				6444619	644461891	3498	Mushroom	937	A																				6444619	3498	MagicScrolls	1033	A																				6444619	644461891	3498	SoulCrystal2	1465	A																				6444619	3498	EvilHoney	1508	A																				6444619	644461891	3498	Mushroom2	1637	A																				6444619	644461891	4277644618	SoulCrystal2	1766	A																				6444619	644461891	17904228818	EvilHoney	1896	A																				5664220	566421971	18809904357	Mushroom2	2009	A																																
126																																																																																																																													7215821	43789	Potion	73	A																				7024635	50048442	Stone	95	A																				7024635	4023	Board	151	A																				7024635	4023	SoulCrystal	208	A																				7024635	702463462	4023	Wax	497	A																				7024635	4023	Potion2	597	A																				7024635	702463462	4023	Mushroom	937	A																				7024635	4023	MagicScrolls	1033	A																				7024635	702463462	4023	SoulCrystal2	1465	A																				7024635	4023	EvilHoney	1508	A																				7024635	702463462	4023	Mushroom2	1637	A																				7024635	702463462	5004844203	SoulCrystal2	1766	A																				7024635	702463462	20947947717	EvilHoney	1896	A																				5834146	583414630	19938498618	Mushroom2	2009	A																																
127																																																																																																																													7865245	49043	Potion	73	A																				7656852	58556677	Stone	95	A																				7656852	4626	Board	151	A																				7656852	4626	SoulCrystal	208	A																				7656852	765685173	4626	Wax	497	A																				7656852	4626	Potion2	597	A																				7656852	765685173	4626	Mushroom	937	A																				7656852	4626	MagicScrolls	1033	A																				7656852	765685173	4626	SoulCrystal2	1465	A																				7656852	4626	EvilHoney	1508	A																				7656852	765685173	4626	Mushroom2	1637	A																				7656852	765685173	5855667718	SoulCrystal2	1766	A																				7656852	765685173	24509098829	EvilHoney	1896	A																				6009171	600917069	21134808536	Mushroom2	2009	A																																
128																																																																																																																													8573117	54928	Potion	73	A																				8345968	68511312	Stone	95	A																				8345968	5320	Board	151	A																				8345968	5320	SoulCrystal	208	A																				8345968	834596839	5320	Wax	497	A																				8345968	5320	Potion2	597	A																				8345968	834596839	5320	Mushroom	937	A																				8345968	5320	MagicScrolls	1033	A																				8345968	834596839	5320	SoulCrystal2	1465	A																				8345968	5320	EvilHoney	1508	A																				8345968	834596839	5320	Mushroom2	1637	A																				8345968	834596839	6851131230	SoulCrystal2	1766	A																				8345968	834596839	28675645630	EvilHoney	1896	A																				6189446	618944581	22402897048	Mushroom2	2009	A																																
129																																																																																																																													9344697	61520	Potion	73	A																				9097106	80158235	Stone	95	A																				9097106	6118	Board	151	A																				9097106	6118	SoulCrystal	208	A																				9097106	909710554	6118	Wax	497	A																				9097106	6118	Potion2	597	A																				9097106	909710554	6118	Mushroom	937	A																				9097106	6118	MagicScrolls	1033	A																				9097106	909710554	6118	SoulCrystal2	1465	A																				9097106	6118	EvilHoney	1508	A																				9097106	909710554	6118	Mushroom2	1637	A																				9097106	909710554	8015823539	SoulCrystal2	1766	A																				9097106	909710554	33550505387	EvilHoney	1896	A																				6375129	637512918	23747070871	Mushroom2	2009	A																																
130																																																																																																																													10185720	68902	Potion	73	A																				9915845	93785135	Stone	95	A																				9915845	7036	Board	169	A																				9915845	7036	SoulCrystal	208	A																				9915845	991584504	7036	Wax	497	A																				9915845	7036	Potion2	645	A																				9915845	991584504	7036	Mushroom	937	A																				9915845	7036	MagicScrolls	1033	A																				9915845	991584504	7036	SoulCrystal2	1465	A																				9915845	7036	EvilHoney	1594	A																				9915845	991584504	7036	Mushroom2	1637	A																				9915845	991584504	9378513541	SoulCrystal2	1766	A																				9915845	991584504	39254091303	EvilHoney	1896	A																				6566383	656638306	25171895123	Mushroom2	2009	A																																
131																																																																																																																													11102435	77170	Potion	84	A																				10808271	109728608	Stone	95	A																				10808271	8091	Board	169	A																				10808271	8091	SoulCrystal	208	A																				10808271	1080827109	8091	Wax	497	A																				10808271	8091	Potion2	645	A																				10808271	1080827109	8091	Mushroom	937	A																				10808271	8091	MagicScrolls	1033	A																				10808271	1080827109	8091	SoulCrystal2	1465	A																				10808271	8091	EvilHoney	1594	A																				10808271	1080827109	8091	Mushroom2	1637	A																				10808271	1080827109	10972860843	SoulCrystal2	1766	A																				10808271	1080827109	45927286824	EvilHoney	1896	A																				6763375	676337455	26682208830	Mushroom2	2009	A																																
132																																																																																																																													12101654	86431	Potion	84	A																				11781015	128382472	Stone	95	A																				11781015	9305	Board	169	A																				11781015	9305	SoulCrystal	208	A																				11781015	1178101549	9305	Wax	497	A																				11781015	9305	Potion2	645	A																				11781015	1178101549	9305	Mushroom	937	A																				11781015	9305	MagicScrolls	1033	A																				11781015	1178101549	9305	SoulCrystal2	1465	A																				11781015	9305	EvilHoney	1594	A																				11781015	1178101549	9305	Mushroom2	1637	A																				11781015	1178101549	12838247186	SoulCrystal2	1766	A																				11781015	1178101549	53734925584	EvilHoney	1896	A																				6966276	696627579	28283141360	Mushroom2	2009	A																																
133																																																																																																																													13190803	96802	Potion	84	A																				12841307	150207492	Stone	95	A																				12841307	10701	Board	169	A																				12841307	10701	SoulCrystal	208	A																				12841307	1284130689	10701	Wax	497	A																				12841307	10701	Potion2	645	A																				12841307	1284130689	10701	Mushroom	937	A																				12841307	10701	MagicScrolls	1033	A																				12841307	1284130689	10701	SoulCrystal2	1465	A																				12841307	10701	EvilHoney	1594	A																				12841307	1284130689	10701	Mushroom2	1637	A																				12841307	1284130689	15020749207	SoulCrystal2	1766	A																				12841307	1284130689	62869862934	EvilHoney	1896	A																				7175264	717526406	29980129842	Mushroom2	2009	A																																
134																																																																																																																													14377975	108419	Potion	84	A																				13997025	175742766	Stone	95	A																				13997025	12306	Board	169	A																				13997025	12306	SoulCrystal	208	A																				13997025	1399702451	12306	Wax	497	A																				13997025	12306	Potion2	645	A																				13997025	1399702451	12306	Mushroom	937	A																				13997025	12306	MagicScrolls	1033	A																				13997025	1399702451	12306	SoulCrystal2	1465	A																				13997025	12306	EvilHoney	1594	A																				13997025	1399702451	12306	Mushroom2	1637	A																				13997025	1399702451	17574276573	SoulCrystal2	1766	A																				13997025	1399702451	73557739633	EvilHoney	1896	A																				7390522	739052198	31778937632	Mushroom2	2009	A																																
135																																																																																																																													15671993	121429	Potion	84	A																				15256757	205619036	Stone	95	A																				15256757	14151	Board	169	A																				15256757	14151	SoulCrystal	208	A																				15256757	1525675671	14151	Wax	497	A																				15256757	14151	Potion2	645	A																				15256757	1525675671	14151	Mushroom	937	A																				15256757	14151	MagicScrolls	1033	A																				15256757	1525675671	14151	SoulCrystal2	1465	A																				15256757	14151	EvilHoney	1594	A																				15256757	1525675671	14151	Mushroom2	1637	A																				15256757	1525675671	20561903590	SoulCrystal2	1766	A																				15256757	1525675671	86062555370	EvilHoney	1896	A																				7612238	761223764	33685673890	Mushroom2	2009	A																																
136																																																																																																																													17082472	136001	Potion	84	A																				16629865	240574272	Stone	95	A																				16629865	16274	Board	169	A																				16629865	16274	SoulCrystal	208	A																				16629865	1662986482	16274	Wax	497	A																				16629865	16274	Potion2	645	A																				16629865	1662986482	16274	Mushroom	937	A																				16629865	16274	MagicScrolls	1033	A																				16629865	1662986482	16274	SoulCrystal2	1465	A																				16629865	16274	EvilHoney	1594	A																				16629865	1662986482	16274	Mushroom2	1637	A																				16629865	1662986482	24057427200	SoulCrystal2	1766	A																				16629865	1662986482	100693189783	EvilHoney	1896	A																				7840605	784060477	35706814323	Mushroom2	2009	A																																
137																																																																																																																													18619895	152321	Potion	84	A																				18126553	281471898	Stone	95	A																				18126553	18715	Board	169	A																				18126553	18715	SoulCrystal	208	A																				18126553	1812655265	18715	Wax	497	A																				18126553	18715	Potion2	645	A																				18126553	1812655265	18715	Mushroom	937	A																				18126553	18715	MagicScrolls	1033	A																				18126553	1812655265	18715	SoulCrystal2	1465	A																				18126553	18715	EvilHoney	1594	A																				18126553	1812655265	18715	Mushroom2	1637	A																				18126553	1812655265	28147189824	SoulCrystal2	1766	A																				18126553	1812655265	117811032046	EvilHoney	1896	A																				8075823	807582291	37849223183	Mushroom2	2009	A																																
138																																																																																																																													20295686	170599	Potion	84	A																				19757942	329322121	Stone	95	A																				19757942	21523	Board	169	A																				19757942	21523	SoulCrystal	208	A																				19757942	1975794239	21523	Wax	497	A																				19757942	21523	Potion2	645	A																				19757942	1975794239	21523	Mushroom	937	A																				19757942	21523	MagicScrolls	1033	A																				19757942	1975794239	21523	SoulCrystal2	1465	A																				19757942	21523	EvilHoney	1594	A																				19757942	1975794239	21523	Mushroom2	1637	A																				19757942	1975794239	32932212094	SoulCrystal2	1766	A																				19757942	1975794239	137838907494	EvilHoney	1896	A																				8318098	831809760	40120176574	Mushroom2	2009	A																																
139																																																																																																																													22122297	191071	Potion	84	A																				21536157	385306882	Stone	95	A																				21536157	24751	Board	169	A																				21536157	24751	SoulCrystal	208	A																				21536157	2153615720	24751	Wax	497	A																				21536157	24751	Potion2	645	A																				21536157	2153615720	24751	Mushroom	937	A																				21536157	24751	MagicScrolls	1033	A																				21536157	2153615720	24751	SoulCrystal2	1465	A																				21536157	24751	EvilHoney	1594	A																				21536157	2153615720	24751	Mushroom2	1637	A																				21536157	2153615720	38530688150	SoulCrystal2	1766	A																				21536157	2153615720	161271521768	EvilHoney	1896	A																				8567641	856764053	42527387168	Mushroom2	2009	A																																
140																																																																																																																													24113304	213999	Potion	84	A																				23474411	450809051	Stone	95	A																				23474411	28464	Board	169	A																				23474411	28464	SoulCrystal	230	A																				23474411	2347441135	28464	Wax	497	A																				23474411	28464	Potion2	645	A																				23474411	2347441135	28464	Mushroom	1004	A																				23474411	28464	MagicScrolls	1033	A																				23474411	2347441135	28464	SoulCrystal2	1465	A																				23474411	28464	EvilHoney	1594	A																				23474411	2347441135	28464	Mushroom2	1723	A																				23474411	2347441135	45080905136	SoulCrystal2	1766	A																				23474411	2347441135	188687680469	EvilHoney	1896	A																				8824670	882466975	45079030398	Mushroom2	2009	A																																
141																																																																																																																													52567003	150000	Book	134	A																				51174217	527446590	Stone	151	A																				51174217	32733	Board	208	A																				51174217	32733	SoulCrystal	273	A																				51174217	5117421674	32733	Wax	573	A																				51174217	32733	Potion2	904	A																				51174217	5117421674	32733	Mushroom	1000	A																				51174217	32733	MagicScrolls	1336	A																				51174217	5117421674	32733	SoulCrystal2	1518	A																				51174217	32733	EvilHoney	1652	A																				51174217	5117421674	32733	Mushroom2	1786	A																				51174217	5117421674	52744659009	SoulCrystal2	1830	A																				51174217	5117421674	220764586148	EvilHoney	1964	A																				17649339	1764933949	47783772222	Mushroom2	2009	A																																
142																																																																																																																													57298033	168000	Book	134	A																				55779896	617112510	Stone	151	A																				55779896	37643	Board	208	A																				55779896	37643	SoulCrystal	273	A																				55779896	5577989625	37643	Wax	573	A																				55779896	37643	Potion2	904	A																				55779896	5577989625	37643	Mushroom	1000	A																				55779896	37643	MagicScrolls	1336	A																				55779896	5577989625	37643	SoulCrystal2	1518	A																				55779896	37643	EvilHoney	1652	A																				55779896	5577989625	37643	Mushroom2	1786	A																				55779896	5577989625	61711251041	SoulCrystal2	1830	A																				52709444	5270944351	234010461317	Mushroom2	1964	A																				18178820	1817881967	50650798555	Mushroom2	2009	A																																
143																																																																																																																													62454856	188160	Book	134	A																				60800087	722021637	Stone	151	A																				60800087	43289	Board	208	A																				60800087	43289	SoulCrystal	273	A																				60800087	6080008691	43289	Wax	573	A																				60800087	43289	Potion2	904	A																				60800087	6080008691	43289	Mushroom	1000	A																				60800087	43289	MagicScrolls	1336	A																				60800087	6080008691	43289	SoulCrystal2	1518	A																				60800087	43289	EvilHoney	1652	A																				60800087	6080008691	43289	Mushroom2	1786	A																				60800087	6080008691	72202163718	SoulCrystal2	1830	A																				54290727	5429072682	248051088996	Mushroom2	1964	A																				18724184	1872418427	53689846469	Mushroom2	2009	A																																
144																																																																																																																													68075793	210739	Book	134	A																				66272095	844765315	Stone	151	A																				66272095	49783	Board	208	A																				66272095	49783	SoulCrystal	273	A																				66272095	6627209473	49783	Wax	573	A																				66272095	49783	Potion2	904	A																				66272095	6627209473	49783	Mushroom	1000	A																				66272095	49783	MagicScrolls	1336	A																				66272095	6627209473	49783	SoulCrystal2	1518	A																				66272095	49783	EvilHoney	1652	A																				66272095	6627209473	49783	Mushroom2	1786	A																				66272095	6627209473	84476531550	SoulCrystal2	1830	A																				55919449	5591944862	262934154336	Mushroom2	1964	A																				19285910	1928590979	56911237257	Mushroom2	2009	A																																
145																																																																																																																													74202614	236028	Book	134	A																				72236583	988375419	Stone	151	A																				72236583	57250	Board	208	A																				72236583	57250	SoulCrystal	273	A																				72236583	7223658326	57250	Wax	573	A																				72236583	57250	Potion2	904	A																				72236583	7223658326	57250	Mushroom	1000	A																				72236583	57250	MagicScrolls	1336	A																				72236583	7223658326	57250	SoulCrystal2	1518	A																				72236583	57250	EvilHoney	1652	A																				72236583	7223658326	57250	Mushroom2	1786	A																				72236583	7223658326	98837541913	SoulCrystal2	1830	A																				57597032	5759703208	278710203596	Mushroom2	1964	A																				19864487	1986448709	60325911492	Mushroom2	2009	A																																
146																																																																																																																													80880850	264351	Book	134	A																				78737876	1156399240	Stone	151	A																				78737876	65838	Board	208	A																				78737876	65838	SoulCrystal	273	A																				78737876	7873787575	65838	Wax	573	A																				78737876	65838	Potion2	904	A																				78737876	7873787575	65838	Mushroom	1000	A																				78737876	65838	MagicScrolls	1336	A																				78737876	7873787575	65838	SoulCrystal2	1518	A																				78737876	65838	EvilHoney	1652	A																				78737876	7873787575	65838	Mushroom2	1786	A																				78737876	7873787575	115639924038	SoulCrystal2	1830	A																				59324943	5932494304	295432815812	Mushroom2	1964	A																				20460422	2046042170	63945466182	Mushroom2	2009	A																																
147																																																																																																																													88160126	296073	Book	134	A																				85824285	1352987111	Stone	151	A																				85824285	75714	Board	208	A																				85824285	75714	SoulCrystal	273	A																				85824285	8582428457	75714	Wax	573	A																				85824285	75714	Potion2	904	A																				85824285	8582428457	75714	Mushroom	1000	A																				85824285	75714	MagicScrolls	1336	A																				85824285	8582428457	75714	SoulCrystal2	1518	A																				85824285	75714	EvilHoney	1652	A																				85824285	8582428457	75714	Mushroom2	1786	A																				85824285	8582428457	135298711125	SoulCrystal2	1830	A																				61104691	6110469133	313158784760	Mushroom2	1964	A																				21074234	2107423435	67782194153	Mushroom2	2009	A																																
148																																																																																																																													96094537	331602	Book	134	A																				93548470	1582994920	Stone	151	A																				93548470	87071	Board	208	A																				93548470	87071	SoulCrystal	273	A																				93548470	9354847018	87071	Wax	573	A																				93548470	87071	Potion2	904	A																				93548470	9354847018	87071	Mushroom	1000	A																				93548470	87071	MagicScrolls	1336	A																				93548470	9354847018	87071	SoulCrystal2	1518	A																				93548470	87071	EvilHoney	1652	A																				93548470	9354847018	87071	Mushroom2	1786	A																				93548470	9354847018	158299492016	SoulCrystal2	1830	A																				62937832	6293783207	331948311846	Mushroom2	1964	A																				21706461	2170646138	71849125802	Mushroom2	2009	A																																
149																																																																																																																													104743046	371394	Book	134	A																				101967832	1852104057	Stone	151	A																				101967832	100131	Board	208	A																				101967832	100131	SoulCrystal	273	A																				101967832	10196783250	100131	Wax	573	A																				101967832	100131	Potion2	904	A																				101967832	10196783250	100131	Mushroom	1000	A																				101967832	100131	MagicScrolls	1336	A																				101967832	10196783250	100131	SoulCrystal2	1518	A																				101967832	100131	EvilHoney	1652	A																				101967832	10196783250	100131	Mushroom2	1786	A																				101967832	10196783250	185210405659	SoulCrystal2	1830	A																				64825967	6482596703	351865210557	Mushroom2	1964	A																				22357655	2235765522	76160073350	Mushroom2	2009	A																																
150																																																																																																																													114169920	415962	Book	134	A																				111144937	2166961746	Stone	151	A																				111144937	115151	Board	208	A																				111144937	115151	SoulCrystal	273	A																				111144937	11114493742	115151	Wax	573	A																				111144937	115151	Potion2	904	A																				111144937	11114493742	115151	Mushroom	1000	A																				111144937	115151	MagicScrolls	1422	A																				111144937	11114493742	115151	SoulCrystal2	1518	A																				111144937	115151	EvilHoney	1652	A																				111144937	11114493742	115151	Mushroom2	1786	A																				111144937	11114493742	216696174621	SoulCrystal2	1920	A																				66770746	6677074605	372977123190	Mushroom2	1964	A																				23028385	2302838488	80729677751	Mushroom2	2009	A																																
151																																																																																																																													124445213	465877	Book	134	A																				121147982	2000	Board	151	A																				121147982	2000	SoulCrystal	208	A																				121147982	2000	BonesBlock	273	A																				121147982	12114798179	2000	Potion2	573	A																				121147982	2000	Mushroom	904	A																				121147982	12114798179	2000	MagicScrolls	1000	A																				121147982	2000	SoulCrystal2	1422	A																				121147982	12114798179	2000	EvilHoney	1518	A																				121147982	2000	Mushroom2	1652	A																				121147982	12114798179	60573990896	MagicScrolls	1786	A																				121147982	12114798179	253534524306	SoulCrystal2	1920	A																				68773868	6877386843	395355750581	Mushroom2	1964	A																				23719236	2371923643	85573458416	Mushroom2	2009	A																																
152																																																																																																																													135645282	521782	Book	134	A																				132051300	2300	Board	151	A																				132051300	2300	SoulCrystal	208	A																				132051300	2300	BonesBlock	273	A																				132051300	13205130015	2300	Potion2	573	A																				132051300	2300	Mushroom	904	A																				132051300	13205130015	2300	MagicScrolls	1000	A																				132051300	2300	SoulCrystal2	1422	A																				132051300	13205130015	2300	EvilHoney	1518	A																				132051300	2300	Mushroom2	1652	A																				132051300	13205130015	70871569349	MagicScrolls	1786	A																				132051300	13205130015	296635393439	SoulCrystal2	1920	A																				70837084	7083708448	419077095616	Mushroom2	1964	A																				24430814	2443081352	90707865921	Mushroom2	2009	A																																
153																																																																																																																													147853357	584396	Book	134	A																				143935917	2645	Board	151	A																				143935917	2645	SoulCrystal	208	A																				143935917	2645	BonesBlock	273	A																				143935917	14393591717	2645	Potion2	573	A																				143935917	2645	Mushroom	904	A																				143935917	14393591717	2645	MagicScrolls	1000	A																				143935917	2645	SoulCrystal2	1422	A																				143935917	14393591717	2645	EvilHoney	1518	A																				143935917	2645	Mushroom2	1652	A																				143935917	14393591717	82919736138	MagicScrolls	1786	A																				143935917	14393591717	347063410323	SoulCrystal2	1920	A																				72962197	7296219701	444221721353	Mushroom2	1964	A																				25163738	2516373792	96150337876	Mushroom2	2009	A																																
154																																																																																																																													161160159	654524	Book	134	A																				156890150	3042	Board	151	A																				156890150	3042	SoulCrystal	208	A																				156890150	3042	BonesBlock	273	A																				156890150	15689014971	3042	Potion2	573	A																				156890150	3042	Mushroom	904	A																				156890150	15689014971	3042	MagicScrolls	1000	A																				156890150	3042	SoulCrystal2	1422	A																				156890150	15689014971	3042	EvilHoney	1518	A																				156890150	3042	Mushroom2	1652	A																				156890150	15689014971	97016091282	MagicScrolls	1786	A																				156890150	15689014971	406064190078	SoulCrystal2	1920	A																				75151063	7515106292	470875024634	Mushroom2	1964	A																				25918650	2591865006	101919358149	Mushroom2	2009	A																																
155																																																																																																																													175664574	733067	Book	134	A																				171010263	3498	Board	151	A																				171010263	3498	SoulCrystal	208	A																				171010263	3498	BonesBlock	273	A																				171010263	17101026319	3498	Potion2	573	A																				171010263	3498	Mushroom	904	A																				171010263	17101026319	3498	MagicScrolls	1000	A																				171010263	3498	SoulCrystal2	1422	A																				171010263	17101026319	3498	EvilHoney	1518	A																				171010263	3498	Mushroom2	1652	A																				171010263	17101026319	113508826800	MagicScrolls	1786	A																				171010263	17101026319	475095102391	SoulCrystal2	1920	A																				77405595	7740559481	499127526113	Mushroom2	1964	A																				26696210	2669620956	108034519638	Mushroom2	2009	A																																
156																																																																																																																													191474385	821035	Book	134	A																				186401187	4023	Board	151	A																				186401187	4023	SoulCrystal	208	A																				186401187	4023	BonesBlock	273	A																				186401187	18640118687	4023	Potion2	573	A																				186401187	4023	Mushroom	904	A																				186401187	18640118687	4023	MagicScrolls	1000	A																				186401187	4023	SoulCrystal2	1422	A																				186401187	18640118687	4023	EvilHoney	1518	A																				186401187	4023	Mushroom2	1652	A																				186401187	18640118687	132805327355	MagicScrolls	1786	A																				186401187	18640118687	555861269798	SoulCrystal2	1920	A																				79727763	7972776266	529075177679	Mushroom2	1964	A																				27497096	2749709585	114516590816	Mushroom2	2009	A																																
157																																																																																																																													208707080	919559	Book	134	A																				203177294	4626	Board	151	A																				203177294	4626	SoulCrystal	208	A																				203177294	4626	BonesBlock	273	A																				203177294	20317729369	4626	Potion2	573	A																				203177294	4626	Mushroom	904	A																				203177294	20317729369	4626	MagicScrolls	1000	A																				203177294	4626	SoulCrystal2	1422	A																				203177294	20317729369	4626	EvilHoney	1518	A																				203177294	4626	Mushroom2	1652	A																				203177294	20317729369	155382233006	MagicScrolls	1786	A																				203177294	20317729369	650357685664	SoulCrystal2	1920	A																				82119596	8211959554	560819688340	Mushroom2	1964	A																				28322009	2832200873	121387586265	Mushroom2	2009	A																																
158																																																																																																																													227490717	1029906	Book	134	A																				221463250	5320	Board	151	A																				221463250	5320	SoulCrystal	208	A																				221463250	5320	BonesBlock	273	A																				221463250	22146325013	5320	Potion2	573	A																				221463250	5320	Mushroom	904	A																				221463250	22146325013	5320	MagicScrolls	1000	A																				221463250	5320	SoulCrystal2	1422	A																				221463250	22146325013	5320	EvilHoney	1518	A																				221463250	5320	Mushroom2	1652	A																				221463250	22146325013	181797212617	MagicScrolls	1786	A																				221463250	22146325013	760918492226	SoulCrystal2	1920	A																				84583183	8458318340	594468869640	Mushroom2	1964	A																				29171669	2917166899	128670841441	Mushroom2	2009	A																																
159																																																																																																																													247964882	1153495	Book	134	A																				241394943	6118	Board	151	A																				241394943	6118	SoulCrystal	208	A																				241394943	6118	BonesBlock	273	A																				241394943	24139494264	6118	Potion2	573	A																				241394943	6118	Mushroom	904	A																				241394943	24139494264	6118	MagicScrolls	1000	A																				241394943	6118	SoulCrystal2	1422	A																				241394943	24139494264	6118	EvilHoney	1518	A																				241394943	6118	Mushroom2	1652	A																				241394943	24139494264	212702738762	MagicScrolls	1786	A																				241394943	24139494264	890274635905	SoulCrystal2	1920	A																				87120679	8712067890	630137001819	Mushroom2	1964	A																				30046819	3004681906	136391091928	Mushroom2	2009	A																																
160																																																																																																																													270281721	1291914	Book	134	A																				263120487	7036	Board	169	A																				263120487	7036	SoulCrystal	208	A																				263120487	7036	BonesBlock	273	A																				263120487	26312048747	7036	Potion2	621	A																				263120487	7036	Mushroom	904	A																				263120487	26312048747	7036	MagicScrolls	1000	A																				263120487	7036	SoulCrystal2	1422	A																				263120487	26312048747	7036	EvilHoney	1607	A																				263120487	7036	Mushroom2	1652	A																				263120487	26312048747	248862204351	MagicScrolls	1786	A																				263120487	26312048747	1041621324009	SoulCrystal2	1920	A																				89734299	8973429927	667945221928	Mushroom2	1964	A																				30948224	3094822363	144574557443	Mushroom2	2009	A																																
161																																																																																																																													294607076	1446944	Book	134	A																				286801331	8091	Board	169	A																				286801331	8091	SoulCrystal	208	A																				286801331	8091	BonesBlock	273	A																				286801331	28680133135	8091	Potion2	621	A																				286801331	8091	Mushroom	904	A																				286801331	28680133135	8091	MagicScrolls	1000	A																				286801331	8091	SoulCrystal2	1422	A																				286801331	28680133135	8091	EvilHoney	1607	A																				286801331	8091	Mushroom2	1652	A																				286801331	28680133135	291168779091	MagicScrolls	1786	A																				286801331	28680133135	1218696949090	SoulCrystal2	1920	A																				179468599	17946859854	708021935244	Mushroom2	1964	A																				61896447	6189644726	153249030890	Mushroom2	2009	A																																
162																																																																																																																													321121713	1620577	Book	134	A																				312613451	9305	Board	169	A																				312613451	9305	SoulCrystal	208	A																				312613451	9305	BonesBlock	273	A																				312613451	31261345117	9305	Potion2	621	A																				312613451	9305	Mushroom	904	A																				312613451	31261345117	9305	MagicScrolls	1000	A																				312613451	9305	SoulCrystal2	1422	A																				312613451	31261345117	9305	EvilHoney	1607	A																				312613451	9305	Mushroom2	1652	A																				312613451	31261345117	340667471536	MagicScrolls	1786	A																				312613451	31261345117	1425875430435	SoulCrystal2	1920	A																				184852656	18485265650	750503251358	Mushroom2	1964	A																				63753341	6375334068	162443972743	Mushroom2	2009	A																																
163																																																																																																																													350022667	1815047	Book	134	A																				340748662	10701	Board	169	A																				340748662	10701	SoulCrystal	208	A																				340748662	10701	BonesBlock	273	A																				340748662	34074866177	10701	Potion2	621	A																				340748662	10701	Mushroom	904	A																				340748662	34074866177	10701	MagicScrolls	1000	A																				340748662	10701	SoulCrystal2	1422	A																				340748662	34074866177	10701	EvilHoney	1607	A																				340748662	10701	Mushroom2	1652	A																				340748662	34074866177	398580941698	MagicScrolls	1786	A																				340748662	34074866177	1668274253609	SoulCrystal2	1920	A																				190398236	19039823619	795533446440	Mushroom2	1964	A																				65665941	6566594090	172190611108	Mushroom2	2009	A																																
164																																																																																																																													381524707	2032852	Book	134	A																				371416041	12306	Board	169	A																				371416041	12306	SoulCrystal	208	A																				371416041	12306	BonesBlock	273	A																				371416041	37141604133	12306	Potion2	621	A																				371416041	12306	Mushroom	904	A																				371416041	37141604133	12306	MagicScrolls	1000	A																				371416041	12306	SoulCrystal2	1422	A																				371416041	37141604133	12306	EvilHoney	1607	A																				371416041	12306	Mushroom2	1652	A																				371416041	37141604133	466339701786	MagicScrolls	1786	A																				371416041	37141604133	1951880876723	SoulCrystal2	1920	A																				196110183	19611018328	843265453226	Mushroom2	1964	A																				67635919	6763591912	182522047774	Mushroom2	2009	A																																
165																																																																																																																													415861930	2276794	Book	134	A																				404843485	14151	Board	169	A																				404843485	14151	SoulCrystal	208	A																				404843485	14151	BonesBlock	273	A																				404843485	40484348505	14151	Potion2	621	A																				404843485	14151	Mushroom	904	A																				404843485	40484348505	14151	MagicScrolls	1000	A																				404843485	14151	SoulCrystal2	1422	A																				404843485	40484348505	14151	EvilHoney	1607	A																				404843485	14151	Mushroom2	1652	A																				404843485	40484348505	545617451090	MagicScrolls	1786	A																				404843485	40484348505	2283700625766	SoulCrystal2	1920	A																				201993489	20199348878	893861380420	Mushroom2	1964	A																				69664997	6966499670	193473370641	Mushroom2	2009	A																																
166																																																																																																																													453289504	2550010	Book	134	A																				441279399	16274	Board	169	A																				441279399	16274	SoulCrystal	208	A																				441279399	16274	BonesBlock	273	A																				441279399	44127939871	16274	Potion2	621	A																				441279399	16274	Mushroom	904	A																				441279399	44127939871	16274	MagicScrolls	1000	A																				441279399	16274	SoulCrystal2	1422	A																				441279399	44127939871	16274	EvilHoney	1607	A																				441279399	16274	Mushroom2	1652	A																				441279399	44127939871	638372417775	MagicScrolls	1786	A																				441279399	44127939871	2671929732146	SoulCrystal2	1920	A																				208053293	20805329344	947493063245	Mushroom2	1964	A																				71754947	7175494660	205081772879	Mushroom2	2009	A																																
167																																																																																																																													494085560	2856011	Book	134	A																				480994545	18715	Board	169	A																				480994545	18715	SoulCrystal	208	A																				480994545	18715	BonesBlock	273	A																				480994545	48099454459	18715	Potion2	621	A																				480994545	18715	Mushroom	904	A																				480994545	48099454459	18715	MagicScrolls	1000	A																				480994545	18715	SoulCrystal2	1422	A																				480994545	48099454459	18715	EvilHoney	1607	A																				480994545	18715	Mushroom2	1652	A																				480994545	48099454459	746895728797	MagicScrolls	1786	A																				480994545	48099454459	3126157786611	SoulCrystal2	1920	A																				214294892	21429489224	1004342647040	Mushroom2	1964	A																				73907595	7390759500	217386679252	Mushroom2	2009	A																																
168																																																																																																																													538553260	3198732	Book	134	A																				524284054	21523	Board	169	A																				524284054	21523	SoulCrystal	208	A																				524284054	21523	BonesBlock	273	A																				524284054	52428405360	21523	Potion2	621	A																				524284054	21523	Mushroom	904	A																				524284054	52428405360	21523	MagicScrolls	1000	A																				524284054	21523	SoulCrystal2	1422	A																				524284054	52428405360	21523	EvilHoney	1607	A																				524284054	21523	Mushroom2	1652	A																				524284054	52428405360	873868002692	MagicScrolls	1786	A																				524284054	52428405360	3657604610335	SoulCrystal2	1920	A																				220723739	22072373901	1064603205862	Mushroom2	1964	A																				76124823	7612482285	230429880007	Mushroom2	2009	A																																
169																																																																																																																													587023053	3582580	Book	134	A																				571469618	24751	Board	169	A																				571469618	24751	SoulCrystal	208	A																				571469618	24751	BonesBlock	273	A																				571469618	57146961843	24751	Potion2	621	A																				571469618	24751	Mushroom	904	A																				571469618	57146961843	24751	MagicScrolls	1000	A																				571469618	24751	SoulCrystal2	1422	A																				571469618	57146961843	24751	EvilHoney	1607	A																				571469618	24751	Mushroom2	1652	A																				571469618	57146961843	1022425563150	MagicScrolls	1786	A																				571469618	57146961843	4279397394092	SoulCrystal2	1920	A																				227345451	22734545118	1128479398214	Mushroom2	1964	A																				78408568	7840856753	244255672807	Mushroom2	2009	A																																
170																																																																																																																													639855128	4012490	Book	134	A																				622901884	28464	Board	169	A																				622901884	28464	SoulCrystal	230	A																				622901884	28464	BonesBlock	273	A																				622901884	62290188409	28464	Potion2	621	A																				622901884	28464	Mushroom	971	A																				622901884	62290188409	28464	MagicScrolls	1000	A																				622901884	28464	SoulCrystal2	1422	A																				622901884	62290188409	28464	EvilHoney	1607	A																				622901884	28464	Mushroom2	1741	A																				622901884	62290188409	1196237908886	MagicScrolls	1786	A																				622901884	62290188409	5006894951088	SoulCrystal2	1920	A																				234165815	23416581472	1196188162107	Mushroom2	1964	A																				80760825	8076082456	258911013176	Mushroom2	2009	A																																
171																																																																																																																													1394884179	4814987	Wood	186	A																				1357926107	32733	Board	208	A																				1357926107	32733	SoulCrystal	273	A																				1357926107	32733	BonesBlock	435	A																				1357926107	135792610731	32733	Potion2	870	A																				1357926107	32733	Mushroom	967	A																				1357926107	135792610731	32733	MagicScrolls	1293	A																				1357926107	32733	SoulCrystal2	1473	A																				1357926107	135792610731	32733	EvilHoney	1632	A																				1357926107	32733	Mushroom2	1768	A																				1357926107	135792610731	1399598353396	MagicScrolls	1813	A																				1357926107	135792610731	5858067092772	SoulCrystal2	1949	A																				241190789	24119078916	1267959451833	Mushroom2	1994	A																				83183649	8318364929	274445673966	Mushroom2	2040	A																																
172																																																																																																																													1520423755	5777985	Wood	186	A																				1480139457	37643	Board	208	A																				1480139457	37643	SoulCrystal	273	A																				1480139457	37643	BonesBlock	435	A																				1480139457	148013945697	37643	Potion2	870	A																				1480139457	37643	Mushroom	967	A																				1480139457	148013945697	37643	MagicScrolls	1293	A																				1480139457	37643	SoulCrystal2	1473	A																				1480139457	148013945697	37643	EvilHoney	1632	A																				1480139457	37643	Mushroom2	1768	A																				1480139457	148013945697	1637530073474	MagicScrolls	1813	A																				1398663890	139866389021	6209551118338	Mushroom2	1949	A																				248426513	24842651283	1344037018943	Mushroom2	1994	A																				85679159	8567915877	290912414404	Mushroom2	2040	A																																
173																																																																																																																													1657261893	6933582	Wood	186	A																				1613352008	43289	Board	208	A																				1613352008	43289	SoulCrystal	273	A																				1613352008	43289	BonesBlock	435	A																				1613352008	161335200809	43289	Potion2	870	A																				1613352008	43289	Mushroom	967	A																				1613352008	161335200809	43289	MagicScrolls	1293	A																				1613352008	43289	SoulCrystal2	1473	A																				1613352008	161335200809	43289	EvilHoney	1632	A																				1613352008	43289	Mushroom2	1768	A																				1613352008	161335200809	1915910185964	MagicScrolls	1813	A																				1440623807	144062380692	6582124185439	Mushroom2	1949	A																				255879308	25587930822	1424679240079	Mushroom2	1994	A																				88249534	8824953354	308367159269	Mushroom2	2040	A																																
174																																																																																																																													1806415464	8320298	Wood	186	A																				1758553689	49783	Board	208	A																				1758553689	49783	SoulCrystal	273	A																				1758553689	49783	BonesBlock	435	A																				1758553689	175855368882	49783	Potion2	870	A																				1758553689	49783	Mushroom	967	A																				1758553689	175855368882	49783	MagicScrolls	1293	A																				1758553689	49783	SoulCrystal2	1473	A																				1758553689	175855368882	49783	EvilHoney	1632	A																				1758553689	49783	Mushroom2	1768	A																				1758553689	175855368882	2241614917578	MagicScrolls	1813	A																				1483842521	148384252112	6977051636565	Mushroom2	1949	A																				263555687	26355568746	1510159994484	Mushroom2	1994	A																				90897020	9089701954	326869188825	Mushroom2	2040	A																																
175																																																																																																																													1968992856	9984358	Wood	186	A																				1916823521	57250	Board	208	A																				1916823521	57250	SoulCrystal	273	A																				1916823521	57250	BonesBlock	435	A																				1916823521	191682352082	57250	Potion2	870	A																				1916823521	57250	Mushroom	967	A																				1916823521	191682352082	57250	MagicScrolls	1293	A																				1916823521	57250	SoulCrystal2	1473	A																				1916823521	191682352082	57250	EvilHoney	1632	A																				1916823521	57250	Mushroom2	1768	A																				1916823521	191682352082	2622689453566	MagicScrolls	1813	A																				1528357797	152835779676	7395674734759	Mushroom2	1949	A																				271462358	27146235809	1600769594153	Mushroom2	1994	A																				93623930	9362393013	346481340154	Mushroom2	2040	A																																
176																																																																																																																													2146202213	11981230	Wood	186	A																				2089337638	65838	Board	208	A																				2089337638	65838	SoulCrystal	273	A																				2089337638	65838	BonesBlock	435	A																				2089337638	208933763769	65838	Potion2	870	A																				2089337638	65838	Mushroom	967	A																				2089337638	208933763769	65838	MagicScrolls	1293	A																				2089337638	65838	SoulCrystal2	1473	A																				2089337638	208933763769	65838	EvilHoney	1632	A																				2089337638	65838	Mushroom2	1768	A																				2089337638	208933763769	3068546660673	MagicScrolls	1813	A																				1574208531	157420853066	7839415218844	Mushroom2	1949	A																				279606229	27960622883	1696815769802	Mushroom2	1994	A																				96432648	9643264803	367270220563	Mushroom2	2040	A																																
177																																																																																																																													2339360412	14377476	Wood	186	A																				2277378025	75714	Board	208	A																				2277378025	75714	SoulCrystal	273	A																				2277378025	75714	BonesBlock	435	A																				2277378025	227737802508	75714	Potion2	870	A																				2277378025	75714	Mushroom	967	A																				2277378025	227737802508	75714	MagicScrolls	1293	A																				2277378025	75714	SoulCrystal2	1473	A																				2277378025	227737802508	75714	EvilHoney	1632	A																				2277378025	75714	Mushroom2	1768	A																				2277378025	227737802508	3590199592987	MagicScrolls	1813	A																				1621434787	162143478658	8309780131975	Mushroom2	1949	A																				287994416	28799441570	1798624715991	Mushroom2	1994	A																				99325627	9932562747	389306433797	Mushroom2	2040	A																																
178																																																																																																																													2549902849	17252971	Wood	186	A																				2482342047	87071	Board	208	A																				2482342047	87071	SoulCrystal	273	A																				2482342047	87071	BonesBlock	435	A																				2482342047	248234204734	87071	Potion2	870	A																				2482342047	87071	Mushroom	967	A																				2482342047	248234204734	87071	MagicScrolls	1293	A																				2482342047	87071	SoulCrystal2	1473	A																				2482342047	248234204734	87071	EvilHoney	1632	A																				2482342047	87071	Mushroom2	1768	A																				2482342047	248234204734	4200533523795	MagicScrolls	1813	A																				1670077830	167007783018	8808366939894	Mushroom2	1949	A																				296634248	29663424817	1906542198950	Mushroom2	1994	A																				102305396	10230539630	412664819825	Mushroom2	2040	A																																
179																																																																																																																													2779394105	20703565	Wood	186	A																				2705752832	100131	Board	208	A																				2705752832	100131	SoulCrystal	273	A																				2705752832	100131	BonesBlock	435	A																				2705752832	270575283160	100131	Potion2	870	A																				2705752832	100131	Mushroom	967	A																				2705752832	270575283160	100131	MagicScrolls	1293	A																				2705752832	100131	SoulCrystal2	1473	A																				2705752832	270575283160	100131	EvilHoney	1632	A																				2705752832	100131	Mushroom2	1768	A																				2705752832	270575283160	4914624222840	MagicScrolls	1813	A																				1720180165	172018016508	9336868956287	Mushroom2	1949	A																				305533276	30553327561	2020934730887	Mushroom2	1994	A																				105374558	10537455819	437424709015	Mushroom2	2040	A																																
180																																																																																																																													3029539575	24844278	Wood	186	A																				2949270586	115151	Board	208	A																				2949270586	115151	SoulCrystal	273	A																				2949270586	115151	BonesBlock	477	A																				2949270586	294927058645	115151	Potion2	870	A																				2949270586	115151	Mushroom	967	A																				2949270586	294927058645	115151	MagicScrolls	1379	A																				2949270586	115151	SoulCrystal2	1473	A																				2949270586	294927058645	115151	EvilHoney	1632	A																				2949270586	115151	Mushroom2	1768	A																				2949270586	294927058645	5750110340723	MagicScrolls	1904	A																				1771785570	177178557004	9897081093664	Mushroom2	1949	A																				314699274	31469927388	2142190814740	Mushroom2	1994	A																				108535795	10853579493	463670191555	Mushroom2	2040	A																																
181																																																																																																																													3302198136	29813133	Wood	186	A																				3214704939	2000	SoulCrystal	208	A																				3214704939	2000	BonesBlock	273	A																				3214704939	2000	Wax	477	A																				3214704939	321470493923	2000	Mushroom	870	A																				3214704939	2000	MagicScrolls	967	A																				3214704939	321470493923	2000	SoulCrystal2	1379	A																				3214704939	2000	EvilHoney	1473	A																				3214704939	321470493923	2000	Mushroom2	1632	A																				3214704939	16073524696	Mushroom	1768	A																				3214704939	321470493923	6727629098645	MagicScrolls	1904	A																				3543571140	354357114007	10490905959284	Mushroom2	1949	A																				629398548	62939854776	2270722263625	Mushroom2	1994	A																				217071590	21707158986	491490403049	Mushroom2	2040	A																																
182																																																																																																																													3599395969	35775760	Wood	186	A																				3504028384	2300	SoulCrystal	208	A																				3504028384	2300	BonesBlock	273	A																				3504028384	2300	Wax	477	A																				3504028384	350402838376	2300	Mushroom	870	A																				3504028384	2300	MagicScrolls	967	A																				3504028384	350402838376	2300	SoulCrystal2	1379	A																				3504028384	2300	EvilHoney	1473	A																				3504028384	350402838376	2300	Mushroom2	1632	A																				3504028384	18806023894	Mushroom	1768	A																				3504028384	350402838376	7871326045415	MagicScrolls	1904	A																				3649878274	364987827427	11120360316841	Mushroom2	1949	A																				648280504	64828050419	2406965599442	Mushroom2	1994	A																				223583738	22358373756	520979827232	Mushroom2	2040	A																																
183																																																																																																																													3923341606	42930912	Wood	186	A																				3819390938	2645	SoulCrystal	208	A																				3819390938	2645	BonesBlock	273	A																				3819390938	2645	Wax	477	A																				3819390938	381939093829	2645	Mushroom	870	A																				3819390938	2645	MagicScrolls	967	A																				3819390938	381939093829	2645	SoulCrystal2	1379	A																				3819390938	2645	EvilHoney	1473	A																				3819390938	381939093829	2645	Mushroom2	1632	A																				3819390938	22003047957	Mushroom	1768	A																				3819390938	381939093829	9209451473136	MagicScrolls	1904	A																				3759374623	375937462250	11787581935852	Mushroom2	1949	A																				667728919	66772891932	2551383535409	Mushroom2	1994	A																				230291250	23029124968	552238616866	Mushroom2	2040	A																																
184																																																																																																																													4276442350	51517094	Wood	186	A																				4163136123	3042	SoulCrystal	208	A																				4163136123	3042	BonesBlock	273	A																				4163136123	3042	Wax	477	A																				4163136123	416313612274	3042	Mushroom	870	A																				4163136123	3042	MagicScrolls	967	A																				4163136123	416313612274	3042	SoulCrystal2	1379	A																				4163136123	3042	EvilHoney	1473	A																				4163136123	416313612274	3042	Mushroom2	1632	A																				4163136123	25743566109	Mushroom	1768	A																				4163136123	416313612274	10775058223569	MagicScrolls	1904	A																				3872155861	387215586118	12494836852003	Mushroom2	1949	A																				687760787	68776078690	2704466547533	Mushroom2	1994	A																				237199987	23719998717	585372933878	Mushroom2	2040	A																																
185																																																																																																																													4661322162	61820513	Wood	186	A																				4537818374	3498	SoulCrystal	208	A																				4537818374	3498	BonesBlock	273	A																				4537818374	3498	Wax	477	A																				4537818374	453781837379	3498	Mushroom	870	A																				4537818374	3498	MagicScrolls	967	A																				4537818374	453781837379	3498	SoulCrystal2	1379	A																				4537818374	3498	EvilHoney	1473	A																				4537818374	453781837379	3498	Mushroom2	1632	A																				4537818374	30119972348	Mushroom	1768	A																				4537818374	453781837379	12606818121576	MagicScrolls	1904	A																				3988320537	398832053701	13244527063123	Mushroom2	1949	A																				708393611	70839361051	2866734540385	Mushroom2	1994	A																				244315987	24431598679	620495309910	Mushroom2	2040	A																																
186																																																																																																																													5080841156	74184616	Wood	186	A																				4946222027	4023	SoulCrystal	208	A																				4946222027	4023	BonesBlock	273	A																				4946222027	4023	Wax	477	A																				4946222027	494622202743	4023	Mushroom	870	A																				4946222027	4023	MagicScrolls	967	A																				4946222027	494622202743	4023	SoulCrystal2	1379	A																				4946222027	4023	EvilHoney	1473	A																				4946222027	494622202743	4023	Mushroom2	1632	A																				4946222027	35240367647	Mushroom	1768	A																				4946222027	494622202743	14749977202243	MagicScrolls	1904	A																				4107970153	410797015312	14039198686910	Mushroom2	1949	A																				729645419	72964541882	3038738612808	Mushroom2	1994	A																				251645466	25164546639	657725028505	Mushroom2	2040	A																																
187																																																																																																																													5538116861	89021539	Wood	186	A																				5391382010	4626	SoulCrystal	208	A																				5391382010	4626	BonesBlock	273	A																				5391382010	4626	Wax	477	A																				5391382010	539138200990	4626	Mushroom	870	A																				5391382010	4626	MagicScrolls	967	A																				5391382010	539138200990	4626	SoulCrystal2	1379	A																				5391382010	4626	EvilHoney	1473	A																				5391382010	539138200990	4626	Mushroom2	1632	A																				5391382010	41231230147	Mushroom	1768	A																				5391382010	539138200990	17257473326625	MagicScrolls	1904	A																				4231209258	423120925772	14881550608125	Mushroom2	1949	A																				751534781	75153478139	3221062929577	Mushroom2	1994	A																				259194830	25919483039	697188530215	Mushroom2	2040	A																																
188																																																																																																																													6036547378	106825847	Wood	186	A																				5876606391	5320	SoulCrystal	208	A																				5876606391	5320	BonesBlock	273	A																				5876606391	5320	Wax	477	A																				5876606391	587660639079	5320	Mushroom	870	A																				5876606391	5320	MagicScrolls	967	A																				5876606391	587660639079	5320	SoulCrystal2	1379	A																				5876606391	5320	EvilHoney	1473	A																				5876606391	587660639079	5320	Mushroom2	1632	A																				5876606391	48240539272	Mushroom	1768	A																				5876606391	587660639079	20191243792151	MagicScrolls	1904	A																				4358145535	435814553545	15774443644613	Mushroom2	1949	A																				774080825	77408082483	3414326705351	Mushroom2	1994	A																				266970675	26697067530	739019842028	Mushroom2	2040	A																																
189																																																																																																																													6579836642	128191017	Wood	186	A																				6405500966	6118	SoulCrystal	208	A																				6405500966	6118	BonesBlock	273	A																				6405500966	6118	Wax	477	A																				6405500966	640550096596	6118	Mushroom	870	A																				6405500966	6118	MagicScrolls	967	A																				6405500966	640550096596	6118	SoulCrystal2	1379	A																				6405500966	6118	EvilHoney	1473	A																				6405500966	640550096596	6118	Mushroom2	1632	A																				6405500966	56441430948	Mushroom	1768	A																				6405500966	640550096596	23623755236817	MagicScrolls	1904	A																				4488889902	448888990151	16720910263289	Mushroom2	1949	A																				797303250	79730324957	3619186307672	Mushroom2	1994	A																				274979796	27497979556	783361032550	Mushroom2	2040	A																																
190																																																																																																																													7172021940	153829220	Wood	186	A																				6981996053	7036	SoulCrystal	208	A																				6981996053	7036	BonesBlock	273	A																				6981996053	7036	Wax	477	A																				6981996053	698199605289	7036	Mushroom	870	A																				6981996053	7036	MagicScrolls	967	A																				6981996053	698199605289	7036	SoulCrystal2	1379	A																				6981996053	7036	EvilHoney	1563	A																				6981996053	698199605289	7036	Mushroom2	1632	A																				6981996053	66036474209	Mushroom	1768	A																				6981996053	698199605289	27639793627075	MagicScrolls	1904	A																				4623556599	462355659856	17724164879087	Mushroom2	1949	A																				821222347	82122234706	3836337486133	Mushroom2	1994	A																				283229189	28322918942	830362694503	Mushroom2	2040	A																																
191																																																																																																																													7817503914	184595064	Wood	186	A																				7610375698	8091	SoulCrystal	208	A																				7610375698	8091	BonesBlock	273	A																				7610375698	8091	Wax	477	A																				7610375698	761037569765	8091	Mushroom	870	A																				7610375698	8091	MagicScrolls	967	A																				7610375698	761037569765	8091	SoulCrystal2	1379	A																				7610375698	8091	EvilHoney	1563	A																				7610375698	761037569765	8091	Mushroom2	1632	A																				7610375698	77262674825	Mushroom	1768	A																				7610375698	761037569765	32338558543678	MagicScrolls	1904	A																				4762263297	476226329651	18787614771832	Mushroom2	1949	A																				845859017	84585901747	4066517735301	Mushroom2	1994	A																				291726065	29172606511	880184456173	Mushroom2	2040	A																																
192																																																																																																																													8521079267	221514077	Wood	186	A																				8295309510	9305	SoulCrystal	208	A																				8295309510	9305	BonesBlock	273	A																				8295309510	9305	Wax	477	A																				8295309510	829530951044	9305	Mushroom	870	A																				8295309510	9305	MagicScrolls	967	A																				8295309510	829530951044	9305	SoulCrystal2	1379	A																				8295309510	9305	EvilHoney	1563	A																				8295309510	829530951044	9305	Mushroom2	1632	A																				8295309510	90397329545	Mushroom	1768	A																				8295309510	829530951044	37836113496104	MagicScrolls	1904	A																				4905131195	490513119541	19914871658142	Mushroom2	1949	A																				871234788	87123478800	4310508799419	Mushroom2	1994	A																				300477847	30047784706	932995523543	Mushroom2	2040	A																																
193																																																																																																																													9287976401	265816892	Wood	186	A																				9041887366	10701	SoulCrystal	208	A																				9041887366	10701	BonesBlock	273	A																				9041887366	10701	Wax	477	A																				9041887366	904188736638	10701	Mushroom	870	A																				9041887366	10701	MagicScrolls	967	A																				9041887366	904188736638	10701	SoulCrystal2	1379	A																				9041887366	10701	EvilHoney	1563	A																				9041887366	904188736638	10701	Mushroom2	1632	A																				9041887366	105764875567	Mushroom	1768	A																				9041887366	904188736638	44268252790441	MagicScrolls	1904	A																				5052285131	505228513127	21109763957630	Mushroom2	1949	A																				897371832	89737183164	4569139327384	Mushroom2	1994	A																				309492182	30949218247	988975254956	Mushroom2	2040	A																																
194																																																																																																																													10123894277	318980270	Wood	186	A																				9855657229	12306	SoulCrystal	208	A																				9855657229	12306	BonesBlock	273	A																				9855657229	12306	Wax	477	A																				9855657229	985565722936	12306	Mushroom	870	A																				9855657229	12306	MagicScrolls	967	A																				9855657229	985565722936	12306	SoulCrystal2	1379	A																				9855657229	12306	EvilHoney	1563	A																				9855657229	985565722936	12306	Mushroom2	1632	A																				9855657229	123744904414	Mushroom	1768	A																				9855657229	985565722936	51793855764816	MagicScrolls	1904	A																				5203853685	520385368521	22376349795088	Mushroom2	1949	A																				924292987	92429298658	4843287687027	Mushroom2	1994	A																				318776948	31877694794	1048313770253	Mushroom2	2040	A																																
195																																																																																																																													11035044762	382776324	Wood	186	A																				10742666380	14151	SoulCrystal	208	A																				10742666380	14151	BonesBlock	273	A																				10742666380	14151	Wax	477	A																				10742666380	1074266638000	14151	Mushroom	870	A																				10742666380	14151	MagicScrolls	967	A																				10742666380	1074266638000	14151	SoulCrystal2	1379	A																				10742666380	14151	EvilHoney	1563	A																				10742666380	1074266638000	14151	Mushroom2	1632	A																				10742666380	144781538164	Mushroom	1768	A																				10742666380	1074266638000	60598811244835	MagicScrolls	1904	A																				5359969296	535996929576	23718930782793	Mushroom2	1949	A																				952021776	95202177618	5133884948249	Mushroom2	1994	A																				328340256	32834025638	1111212596468	Mushroom2	2040	A																																
196																																																																																																																													12028198790	459331589	Wood	186	A																				11709506354	16274	SoulCrystal	208	A																				11709506354	16274	BonesBlock	273	A																				11709506354	16274	Wax	477	A																				11709506354	1170950635420	16274	Mushroom	870	A																				11709506354	16274	MagicScrolls	967	A																				11709506354	1170950635420	16274	SoulCrystal2	1379	A																				11709506354	16274	EvilHoney	1563	A																				11709506354	1170950635420	16274	Mushroom2	1632	A																				11709506354	169394399652	Mushroom	1768	A																				11709506354	1170950635420	70900609156457	MagicScrolls	1904	A																				5520768375	552076837464	25142066629761	Mushroom2	1949	A																				980582429	98058242947	5441918045144	Mushroom2	1994	A																				338190464	33819046407	1177885352256	Mushroom2	2040	A																																
197																																																																																																																													13110736681	551197907	Wood	186	A																				12763361926	18715	SoulCrystal	208	A																				12763361926	18715	BonesBlock	273	A																				12763361926	18715	Wax	477	A																				12763361926	1276336192608	18715	Mushroom	870	A																				12763361926	18715	MagicScrolls	967	A																				12763361926	1276336192608	18715	SoulCrystal2	1379	A																				12763361926	18715	EvilHoney	1563	A																				12763361926	1276336192608	18715	Mushroom2	1632	A																				12763361926	198191447593	Mushroom	1768	A																				12763361926	1276336192608	82953712713054	MagicScrolls	1904	A																				5686391426	568639142588	26650590627547	Mushroom2	1949	A																				1009999902	100999990235	5768433127852	Mushroom2	1994	A																				348336178	34833617800	1248558473392	Mushroom2	2040	A																																
198																																																																																																																													14290702983	661437488	Wood	186	A																				13912064499	21523	SoulCrystal	208	A																				13912064499	21523	BonesBlock	273	A																				13912064499	21523	Wax	477	A																				13912064499	1391206449942	21523	Mushroom	870	A																				13912064499	21523	MagicScrolls	967	A																				13912064499	1391206449942	21523	SoulCrystal2	1379	A																				13912064499	21523	EvilHoney	1563	A																				13912064499	1391206449942	21523	Mushroom2	1632	A																				13912064499	231883993684	Mushroom	1768	A																				13912064499	1391206449942	97055843874274	MagicScrolls	1904	A																				5856983169	585698316865	28249626065200	Mushroom2	1949	A																				1040299899	104029989942	6114539115523	Mushroom2	1994	A																				358786263	35878626334	1323471981795	Mushroom2	2040	A																																
199																																																																																																																													15576866251	793724986	Wood	186	A																				15164150304	24751	SoulCrystal	208	A																				15164150304	24751	BonesBlock	273	A																				15164150304	24751	Wax	477	A																				15164150304	1516415030437	24751	Mushroom	870	A																				15164150304	24751	MagicScrolls	967	A																				15164150304	1516415030437	24751	SoulCrystal2	1379	A																				15164150304	24751	EvilHoney	1563	A																				15164150304	1516415030437	24751	Mushroom2	1632	A																				15164150304	271304272610	Mushroom	1768	A																				15164150304	1516415030437	113555337332900	MagicScrolls	1904	A																				6032692664	603269266371	29944603629112	Mushroom2	1949	A																				1071508896	107150889641	6481411462455	Mushroom2	1994	A																				369549851	36954985124	1402880300703	Mushroom2	2040	A																																
200																																																																																																																													16978784214	952469983	Wood	186	A																				16528923832	28464	SoulCrystal	230	A																				16528923832	28464	BonesBlock	273	A																				16528923832	28464	Wax	477	A																				16528923832	1652892383177	28464	Mushroom	937	A																				16528923832	28464	MagicScrolls	967	A																				16528923832	1652892383177	28464	SoulCrystal2	1379	A																				16528923832	28464	EvilHoney	1563	A																				16528923832	1652892383177	28464	Mushroom2	1722	A																				16528923832	317425998954	Mushroom	1768	A																				16528923832	1652892383177	132859744679493	MagicScrolls	1904	A																				6213673444	621367344362	31741279846858	Mushroom2	1949	A																				1103654163	110365416330	6870296150202	Mushroom2	1994	A																				380636347	38063634677	1487053118745	Mushroom2	2040	A																																
201																																																																																																																													37013749586	1142963980	Wood	221	A																				36033053953	32733	SoulCrystal	273	A																				36033053953	32733	BonesBlock	435	A																				36033053953	32733	Wax	549	A																				36033053953	3603305395325	32733	Mushroom	933	A																				36033053953	32733	MagicScrolls	1249	A																				36033053953	3603305395325	32733	SoulCrystal2	1429	A																				36033053953	32733	EvilHoney	1586	A																				36033053953	3603305395325	32733	Mushroom2	1627	A																				36033053953	371388418776	Mushroom	1670	A																				36033053953	3603305395325	155445901275007	MagicScrolls	1798	A																				12427346887	1242734688725	33645756637670	Mushroom2	1841	A																				2207308327	220730832659	7282513919214	Mushroom2	1884	A																				761272694	76127269355	1576276305870	Mushroom2	1926	A																																
202																																																																																																																													40344987048	1371556776	Wood	221	A																				39276028809	37643	SoulCrystal	273	A																				39276028809	37643	BonesBlock	435	A																				39276028809	37643	Wax	549	A																				39276028809	3927602880904	37643	Mushroom	933	A																				39276028809	37643	MagicScrolls	1249	A																				39276028809	3927602880904	37643	SoulCrystal2	1429	A																				39276028809	37643	EvilHoney	1586	A																				39276028809	3927602880904	37643	Mushroom2	1627	A																				39276028809	434524449968	Mushroom	1670	A																				37114045572	3711404557159	164772655351507	Mushroom2	1798	A																				12800167294	1280016729386	35664502035930	Mushroom2	1841	A																				2273527576	227352757639	7719464754367	Mushroom2	1884	A																				784110874	78411087435	1670852884222	Mushroom2	1926	A																																
203																																																																																																																													43976035883	1645868131	Wood	221	A																				42810871402	43289	SoulCrystal	273	A																				42810871402	43289	BonesBlock	435	A																				42810871402	43289	Wax	549	A																				42810871402	4281087140186	43289	Mushroom	933	A																				42810871402	43289	MagicScrolls	1249	A																				42810871402	4281087140186	43289	SoulCrystal2	1429	A																				42810871402	43289	EvilHoney	1586	A																				42810871402	4281087140186	43289	Mushroom2	1627	A																				42810871402	508393606462	Mushroom	1670	A																				38227466939	3822746693874	174659014672598	Mushroom2	1798	A																				13184172313	1318417231268	37804372158086	Mushroom2	1841	A																				2341733404	234173340368	8182632639629	Mushroom2	1884	A																				807634201	80763420058	1771104057275	Mushroom2	1926	A																																
204																																																																																																																													47933879112	1975041757	Wood	221	A																				46663849828	49783	SoulCrystal	273	A																				46663849828	49783	BonesBlock	435	A																				46663849828	49783	Wax	549	A																				46663849828	4666384982802	49783	Mushroom	933	A																				46663849828	49783	MagicScrolls	1249	A																				46663849828	4666384982802	49783	SoulCrystal2	1429	A																				46663849828	49783	EvilHoney	1586	A																				46663849828	4666384982802	49783	Mushroom2	1627	A																				46663849828	594820519561	Mushroom	1670	A																				39374290947	3937429094690	185138555552954	Mushroom2	1798	A																				13579697482	1357969748206	40072634487571	Mushroom2	1841	A																				2411985406	241198540579	8673590598007	Mushroom2	1884	A																				831863227	83186322660	1877370300712	Mushroom2	1926	A																																
205																																																																																																																													52247928232	2370050109	Wood	221	A																				50863596313	57250	SoulCrystal	273	A																				50863596313	57250	BonesBlock	435	A																				50863596313	57250	Wax	549	A																				50863596313	5086359631255	57250	Mushroom	933	A																				50863596313	57250	MagicScrolls	1249	A																				50863596313	5086359631255	57250	SoulCrystal2	1429	A																				50863596313	57250	EvilHoney	1586	A																				50863596313	5086359631255	57250	Mushroom2	1627	A																				50863596313	695940007886	Mushroom	1670	A																				40555519675	4055551967531	196246868886131	Mushroom2	1798	A																				13987088407	1398708840652	42476992556825	Mushroom2	1841	A																				2484344968	248434496797	9194006033887	Mushroom2	1884	A																				856819123	85681912340	1990012518755	Mushroom2	1926	A																																
206																																																																																																																													56950241773	2844060130	Wood	221	A																				55441319981	65838	SoulCrystal	273	A																				55441319981	65838	BonesBlock	435	A																				55441319981	65838	Wax	549	A																				55441319981	5544131998068	65838	Mushroom	933	A																				55441319981	65838	MagicScrolls	1249	A																				55441319981	5544131998068	65838	SoulCrystal2	1429	A																				55441319981	65838	EvilHoney	1586	A																				55441319981	5544131998068	65838	Mushroom2	1627	A																				55441319981	814249809227	Mushroom	1670	A																				41772185266	4177218526557	208021681019299	Mushroom2	1798	A																				14406701059	1440670105872	45025612110235	Mushroom2	1841	A																				2558875317	255887531701	9745646395920	Mushroom2	1884	A																				882523697	88252369710	2109413269880	Mushroom2	1926	A																																
207																																																																																																																													62075763533	3412872156	Wood	221	A																				60431038779	75714	SoulCrystal	273	A																				60431038779	75714	BonesBlock	435	A																				60431038779	75714	Wax	549	A																				60431038779	6043103877894	75714	Mushroom	933	A																				60431038779	75714	MagicScrolls	1249	A																				60431038779	6043103877894	75714	SoulCrystal2	1429	A																				60431038779	75714	EvilHoney	1586	A																				60431038779	6043103877894	75714	Mushroom2	1627	A																				60431038779	952672276795	Mushroom	1670	A																				43025350824	4302535082353	220502981880457	Mushroom2	1798	A																				14838902090	1483890209048	47727148836849	Mushroom2	1841	A																				2635641577	263564157652	10330385179676	Mushroom2	1884	A																				908999408	90899940801	2235978066073	Mushroom2	1926	A																																
208																																																																																																																													67662582251	4095446588	Wood	221	A																				65869832269	87071	SoulCrystal	273	A																				65869832269	87071	BonesBlock	435	A																				65869832269	87071	Wax	549	A																				65869832269	6586983226904	87071	Mushroom	933	A																				65869832269	87071	MagicScrolls	1249	A																				65869832269	6586983226904	87071	SoulCrystal2	1429	A																				65869832269	87071	EvilHoney	1586	A																				65869832269	6586983226904	87071	Mushroom2	1627	A																				65869832269	1114626563850	Mushroom	1670	A																				44316111348	4431611134824	233733160793284	Mushroom2	1798	A																				15284069153	1528406915319	50590777767060	Mushroom2	1841	A																				2714710824	271471082381	10950208290456	Mushroom2	1884	A																				936269390	93626939025	2370136750037	Mushroom2	1926	A																																
209																																																																																																																													73752214653	4914535905	Wood	221	A																				71798117173	100131	SoulCrystal	273	A																				71798117173	100131	BonesBlock	435	A																				71798117173	100131	Wax	549	A																				71798117173	7179811717326	100131	Mushroom	933	A																				71798117173	100131	MagicScrolls	1249	A																				71798117173	7179811717326	100131	SoulCrystal2	1429	A																				71798117173	100131	EvilHoney	1586	A																				71798117173	7179811717326	100131	Mushroom2	1627	A																				71798117173	1304113079705	Mushroom	1670	A																				45645594689	4564559468869	247757150440881	Mushroom2	1798	A																				15742591228	1574259122779	53626224433083	Mushroom2	1841	A																				2796152149	279615214853	11607220787884	Mushroom2	1884	A																				964357472	96435747196	2512344955039	Mushroom2	1926	A																																
210																																																																																																																													80389913972	5897443086	Wood	221	A																				78259947719	115151	SoulCrystal	273	A																				78259947719	115151	BonesBlock	477	A																				78259947719	115151	Wax	549	A																				78259947719	7825994771885	115151	Mushroom	933	A																				78259947719	115151	MagicScrolls	1336	A																				78259947719	7825994771885	115151	SoulCrystal2	1429	A																				78259947719	115151	EvilHoney	1586	A																				78259947719	7825994771885	115151	Mushroom2	1627	A																				78259947719	1525812303255	Mushroom	1755	A																				47014962529	4701496252935	262622579467334	Mushroom2	1798	A																				16214868965	1621486896462	56843797899068	Mushroom2	1841	A																				2880036713	288003671298	12303654035157	Mushroom2	1884	A																				993288196	99328819612	2663085652342	Mushroom2	1926	A																																
211																																																																																																																													87625006229	7076931704	Wood	247	A																				85303343014	2000	BonesBlock	273	A																				85303343014	2000	Wax	477	A																				85303343014	2000	Potion2	549	A																				85303343014	8530334301354	2000	MagicScrolls	933	A																				85303343014	2000	SoulCrystal2	1336	A																				85303343014	8530334301354	2000	EvilHoney	1429	A																				85303343014	2000	Mushroom2	1586	A																				85303343014	8530334301354	42651671506772	Potion2	1627	A																				85303343014	1785200394808	Mushroom	1755	A																				48425411405	4842541140523	278379934235374	Mushroom2	1798	A																				16701315034	1670131503356	60254425773012	Mushroom2	1841	A																				2966437814	296643781437	13041873277266	Mushroom2	1884	A																				1023086842	102308684200	2822870791482	Mushroom2	1926	A																																
212																																																																																																																													95511256790	8492318044	Wood	247	A																				92980643885	2300	BonesBlock	273	A																				92980643885	2300	Wax	477	A																				92980643885	2300	Potion2	549	A																				92980643885	9298064388476	2300	MagicScrolls	933	A																				92980643885	2300	SoulCrystal2	1336	A																				92980643885	9298064388476	2300	EvilHoney	1429	A																				92980643885	2300	Mushroom2	1586	A																				92980643885	9298064388476	49902455662923	Potion2	1627	A																				92980643885	2088684461925	Mushroom	1755	A																				49878173747	4987817374738	295082730289497	Mushroom2	1798	A																				17202354485	1720235448457	63869691319393	Mushroom2	1841	A																				3055430949	305543094880	13824385673902	Mushroom2	1884	A																				1053779447	105377944726	2992243038971	Mushroom2	1926	A																																
213																																																																																																																													104107269901	10190781653	Wood	247	A																				101348901834	2645	BonesBlock	273	A																				101348901834	2645	Wax	477	A																				101348901834	2645	Potion2	549	A																				101348901834	10134890183439	2645	MagicScrolls	933	A																				101348901834	2645	SoulCrystal2	1336	A																				101348901834	10134890183439	2645	EvilHoney	1429	A																				101348901834	2645	Mushroom2	1586	A																				101348901834	10134890183439	58385873125620	Potion2	1627	A																				101348901834	2443760820453	Mushroom	1755	A																				51374518960	5137451895981	312787694106867	Mushroom2	1798	A																				17718425119	1771842511910	67701872798556	Mushroom2	1841	A																				3147093877	314709387727	14653848814336	Mushroom2	1884	A																				1085392831	108539283068	3171777621309	Mushroom2	1926	A																																
214																																																																																																																													113476924192	12228937984	Wood	247	A																				110470302999	3042	BonesBlock	273	A																				110470302999	3042	Wax	477	A																				110470302999	3042	Potion2	549	A																				110470302999	11047030299949	3042	MagicScrolls	933	A																				110470302999	3042	SoulCrystal2	1336	A																				110470302999	11047030299949	3042	EvilHoney	1429	A																				110470302999	3042	Mushroom2	1586	A																				110470302999	11047030299949	68311471556976	Potion2	1627	A																				110470302999	2859200159930	Mushroom	1755	A																				52915754529	5291575452860	331554955753279	Mushroom2	1798	A																				18249977873	1824997787268	71763985166470	Mushroom2	1841	A																				3241506694	324150669359	15533079743196	Mushroom2	1884	A																				1117954616	111795461560	3362084278588	Mushroom2	1926	A																																
215																																																																																																																													123689847370	14674725581	Wood	247	A																				120412630269	3498	BonesBlock	273	A																				120412630269	3498	Wax	477	A																				120412630269	3498	Potion2	549	A																				120412630269	12041263026944	3498	MagicScrolls	933	A																				120412630269	3498	SoulCrystal2	1336	A																				120412630269	12041263026944	3498	EvilHoney	1429	A																				120412630269	3498	Mushroom2	1586	A																				120412630269	12041263026944	79924421721662	Potion2	1627	A																				120412630269	3345264187118	Mushroom	1755	A																				54503227164	5450322716446	351448253098475	Mushroom2	1798	A																				18797477209	1879747720886	76069824276458	Mushroom2	1841	A																				3338751894	333875189439	16465064527788	Mushroom2	1884	A																				1151493254	115149325407	3563809335303	Mushroom2	1926	A																																
216																																																																																																																													134821933633	17609670697	Wood	247	A																				131249766994	4023	BonesBlock	273	A																				131249766994	4023	Wax	477	A																				131249766994	4023	Potion2	549	A																				131249766994	13124976699369	4023	MagicScrolls	933	A																				131249766994	4023	SoulCrystal2	1336	A																				131249766994	13124976699369	4023	EvilHoney	1429	A																				131249766994	4023	Mushroom2	1586	A																				131249766994	13124976699369	93511573414344	Potion2	1627	A																				131249766994	3913959098928	Mushroom	1755	A																				56138323979	5613832397939	372535148284384	Mushroom2	1798	A																				19361401525	1936140152512	80634013733046	Mushroom2	1841	A																				3438914451	343891445123	17452968399455	Mushroom2	1884	A																				1186038052	118603805169	3777637895421	Mushroom2	1926	A																																
217																																																																																																																													146955907660	21131604836	Wood	247	A																				143062246023	4626	BonesBlock	273	A																				143062246023	4626	Wax	477	A																				143062246023	4626	Potion2	549	A																				143062246023	14306224602312	4626	MagicScrolls	933	A																				143062246023	4626	SoulCrystal2	1336	A																				143062246023	14306224602312	4626	EvilHoney	1429	A																				143062246023	4626	Mushroom2	1586	A																				143062246023	14306224602312	109408540894783	Potion2	1627	A																				143062246023	4579332145745	Mushroom	1755	A																				57822473699	5782247369877	394887257181447	Mushroom2	1798	A																				19942243571	1994224357088	85472054557028	Mushroom2	1841	A																				3542081885	354208188476	18500146503423	Mushroom2	1884	A																				1221619193	122161919324	4004296169147	Mushroom2	1926	A																																
218																																																																																																																													160181939349	25357925804	Wood	247	A																				155937848165	5320	BonesBlock	273	A																				155937848165	5320	Wax	477	A																				155937848165	5320	Potion2	549	A																				155937848165	15593784816520	5320	MagicScrolls	933	A																				155937848165	5320	SoulCrystal2	1336	A																				155937848165	15593784816520	5320	EvilHoney	1429	A																				155937848165	5320	Mushroom2	1586	A																				155937848165	15593784816520	128007992846896	Potion2	1627	A																				155937848165	5357818610522	Mushroom	1755	A																				59557147910	5955714790974	418580492612334	Mushroom2	1798	A																				20540510878	2054051087800	90600377830450	Mushroom2	1841	A																				3648344341	364834434131	19610155293628	Mushroom2	1884	A																				1258267769	125826776904	4244553939295	Mushroom2	1926	A																																
219																																																																																																																													174598313891	30429510964	Wood	247	A																				169972254500	6118	BonesBlock	273	A																				169972254500	6118	Wax	477	A																				169972254500	6118	Potion2	549	A																				169972254500	16997225450007	6118	MagicScrolls	933	A																				169972254500	6118	SoulCrystal2	1336	A																				169972254500	16997225450007	6118	EvilHoney	1429	A																				169972254500	6118	Mushroom2	1586	A																				169972254500	16997225450007	149769351630868	Potion2	1627	A																				169972254500	6268647774311	Mushroom	1755	A																				61343862347	6134386234703	443695322169074	Mushroom2	1798	A																				21156726204	2115672620434	96036400500277	Mushroom2	1841	A																				3757794672	375779467154	20786764611246	Mushroom2	1884	A																				1296015802	129601580211	4499227175653	Mushroom2	1926	A																																
220																																																																																																																													190312162141	36515413157	Wood	247	A																				185269757405	7036	BonesBlock	273	A																				185269757405	7036	Wax	477	A																				185269757405	7036	Potion2	597	A																				185269757405	18526975740508	7036	MagicScrolls	933	A																				185269757405	7036	SoulCrystal2	1336	A																				185269757405	18526975740508	7036	EvilHoney	1518	A																				185269757405	7036	Mushroom2	1586	A																				185269757405	18526975740508	175230141408116	Potion2	1627	A																				185269757405	7334317895944	Mushroom	1755	A																				63184178217	6318417821744	470317041499218	Mushroom2	1798	A																				21791427990	2179142799047	101798584530294	Mushroom2	1841	A																				3870528512	387052851169	22033970487920	Mushroom2	1884	A																				1334896276	133489627618	4769180806192	Mushroom2	1926	A																																
																																																																																																																													207440256734	43818495789	Wood	247	A																				201944035572	8091	BonesBlock	273	A																				201944035572	8091	Wax	477	A																				201944035572	8091	Potion2	597	A																				201944035572	20194403557154	8091	MagicScrolls	933	A																				201944035572	8091	SoulCrystal2	1336	A																				201944035572	20194403557154	8091	EvilHoney	1518	A																				201944035572	8091	Mushroom2	1586	A																				201944035572	20194403557154	205019265447495	Potion2	1627	A																				201944035572	8581151938254	Mushroom	1755	A																						Infinity																									Infinity																									Infinity																									Infinity																																			
																																																																																																																													226109879840	52582194946	Wood	247	A																				220118998773	9305	BonesBlock	273	A																				220118998773	9305	Wax	477	A																				220118998773	9305	Potion2	597	A																				220118998773	22011899877297	9305	MagicScrolls	933	A																				220118998773	9305	SoulCrystal2	1336	A																				220118998773	22011899877297	9305	EvilHoney	1518	A																				220118998773	9305	Mushroom2	1586	A																				220118998773	22011899877297	239872540573569	Potion2	1627	A																				220118998773	10039947767757	Mushroom	1755	A																																																																																																																																				
																																																																																																																													246459769025	63098633936	Wood	247	A																				239929708663	10701	BonesBlock	273	A																				239929708663	10701	Wax	477	A																				239929708663	10701	Potion2	597	A																				239929708663	23992970866254	10701	MagicScrolls	933	A																				239929708663	10701	SoulCrystal2	1336	A																				239929708663	23992970866254	10701	EvilHoney	1518	A																				239929708663	10701	Mushroom2	1586	A																				239929708663	23992970866254	280650872471076	Potion2	1627	A																				239929708663	11746738888276	Mushroom	1755	A																																																																																																																																				
																																																																																																																													268641148237	75718360723	Wood	247	A																				261523382442	12306	BonesBlock	273	A																				261523382442	12306	Wax	477	A																				261523382442	12306	Potion2	597	A																				261523382442	26152338244217	12306	MagicScrolls	933	A																				261523382442	12306	SoulCrystal2	1336	A																				261523382442	26152338244217	12306	EvilHoney	1518	A																				261523382442	12306	Mushroom2	1586	A																				261523382442	26152338244217	328361520791159	Potion2	1627	A																				261523382442	13743684499283	Mushroom	1755	A																																																																																																																																				
																																																																																																																													292818851579	90862032867	Wood	247	A																				285060486862	14151	BonesBlock	273	A																				285060486862	14151	Wax	477	A																				285060486862	14151	Potion2	597	A																				285060486862	28506048686197	14151	MagicScrolls	933	A																				285060486862	14151	SoulCrystal2	1336	A																				285060486862	28506048686197	14151	EvilHoney	1518	A																				285060486862	14151	Mushroom2	1586	A																				285060486862	28506048686197	384182979325656	Potion2	1627	A																				285060486862	16080110864161	Mushroom	1755	A																																																																																																																																				
																																																																																																																													319172548221	109034439441	Wood	247	A																				310715930680	16274	BonesBlock	273	A																				310715930680	16274	Wax	477	A																				310715930680	16274	Potion2	597	A																				310715930680	31071593067954	16274	MagicScrolls	933	A																				310715930680	16274	SoulCrystal2	1336	A																				310715930680	31071593067954	16274	EvilHoney	1518	A																				310715930680	16274	Mushroom2	1586	A																				310715930680	31071593067954	449494085811018	Potion2	1627	A																				310715930680	18813729711068	Mushroom	1755	A																																																																																																																																				
																																																																																																																													347898077561	130841327329	Wood	247	A																				338680364441	18715	BonesBlock	273	A																				338680364441	18715	Wax	477	A																				338680364441	18715	Potion2	597	A																				338680364441	33868036444070	18715	MagicScrolls	933	A																				338680364441	18715	SoulCrystal2	1336	A																				338680364441	33868036444070	18715	EvilHoney	1518	A																				338680364441	18715	Mushroom2	1586	A																				338680364441	33868036444070	525908080398891	Potion2	1627	A																				338680364441	22012063761950	Mushroom	1755	A																																																																																																																																				
																																																																																																																													379208904541	157009592795	Wood	247	A																				369161597240	21523	BonesBlock	273	A																				369161597240	21523	Wax	477	A																				369161597240	21523	Potion2	597	A																				369161597240	36916159724037	21523	MagicScrolls	933	A																				369161597240	21523	SoulCrystal2	1336	A																				369161597240	36916159724037	21523	EvilHoney	1518	A																				369161597240	21523	Mushroom2	1586	A																				369161597240	36916159724037	615312454066702	Potion2	1627	A																				369161597240	25754114601481	Mushroom	1755	A																																																																																																																																				
																																																																																																																													413337705950	188411511354	Wood	247	A																				402386140992	24751	BonesBlock	273	A																				402386140992	24751	Wax	477	A																				402386140992	24751	Potion2	597	A																				402386140992	40238614099200	24751	MagicScrolls	933	A																				402386140992	24751	SoulCrystal2	1336	A																				402386140992	40238614099200	24751	EvilHoney	1518	A																				402386140992	24751	Mushroom2	1586	A																				402386140992	40238614099200	719915571258041	Potion2	1627	A																				402386140992	30132314083733	Mushroom	1755	A																																																																																																																																				
																																																																																																																													450538099485	226093813624	Wood	247	A																				438600893681	28464	BonesBlock	273	A																				438600893681	28464	Wax	477	A																				438600893681	28464	Potion2	597	A																				438600893681	43860089368128	28464	MagicScrolls	933	A																				438600893681	28464	SoulCrystal2	1336	A																				438600893681	43860089368128	28464	EvilHoney	1518	A																				438600893681	28464	Mushroom2	1677	A																				438600893681	43860089368128	842301218371908	Potion2	1627	A																				438600893681	35254807477968	Mushroom	1755	A																																																																																																																																				
																																																																																																																													982173056878	271312576349	Wood	394	A																				956149948225	32733	BonesBlock	435	A																				956149948225	32733	Wax	549	A																				956149948225	32733	Potion2	837	A																				956149948225	95614994822519	32733	MagicScrolls	1206	A																				956149948225	32733	SoulCrystal2	1384	A																				956149948225	95614994822519	32733	EvilHoney	1541	A																				956149948225	32733	Mushroom2	1584	A																				956149948225	95614994822519	985492425495133	Potion2	2081	A																				956149948225	41248124749222	Mushroom	2246	A																																																																																																																																				
																																																																																																																													1070568631997	325575091619	Wood	394	A																				1042203443565	37643	BonesBlock	435	A																				1042203443565	37643	Wax	549	A																				1042203443565	37643	Potion2	837	A																				1042203443565	104220344356545	37643	MagicScrolls	1206	A																				1042203443565	37643	SoulCrystal2	1384	A																				1042203443565	104220344356545	37643	EvilHoney	1541	A																				1042203443565	37643	Mushroom2	1584	A																				1042203443565	104220344356545	1153026137829310	Potion2	2081	A																					Infinity																																																																																																																																							
																																																																																																																													1166919808877	390690109943	Wood	394	A																				1136001753486	43289	BonesBlock	435	A																				1136001753486	43289	Wax	549	A																				1136001753486	43289	Potion2	837	A																				1136001753486	113600175348634	43289	MagicScrolls	1206	A																				1136001753486	43289	SoulCrystal2	1384	A																				1136001753486	113600175348634	43289	EvilHoney	1541	A																				1136001753486	43289	Mushroom2	1584	A																				1136001753486	113600175348634	1349040581260290	Potion2	2081	A																																																																																																																																																												
																																																																																																																													1271942591676	468828131931	Wood	394	A																				1238241911300	49783	BonesBlock	435	A																				1238241911300	49783	Wax	549	A																				1238241911300	49783	Potion2	837	A																				1238241911300	123824191130012	49783	MagicScrolls	1206	A																				1238241911300	49783	SoulCrystal2	1384	A																				1238241911300	123824191130012	49783	EvilHoney	1541	A																				1238241911300	49783	Mushroom2	1584	A																				1238241911300	123824191130012	1578377480074540	Potion2	2081	A																																																																																																																																																												
																																																																																																																													1386417424927	562593758318	Wood	394	A																				1349683683317	57250	BonesBlock	435	A																				1349683683317	57250	Wax	549	A																				1349683683317	57250	Potion2	837	A																				1349683683317	134968368331713	57250	MagicScrolls	1206	A																				1349683683317	57250	SoulCrystal2	1384	A																				1349683683317	134968368331713	57250	EvilHoney	1541	A																				1349683683317	57250	Mushroom2	1584	A																				1349683683317	134968368331713	1846701651687210	Potion2	2081	A																																																																																																																																																												
																																																																																																																													1511194993170	675112509981	Wood	394	A																				1471155214816	65838	BonesBlock	435	A																				1471155214816	65838	Wax	549	A																				1471155214816	65838	Potion2	837	A																				1471155214816	147115521481567	65838	MagicScrolls	1206	A																				1471155214816	65838	SoulCrystal2	1384	A																				1471155214816	147115521481567	65838	EvilHoney	1541	A																				1471155214816	65838	Mushroom2	1584	A																				1471155214816	147115521481567	2160640932474030	Potion2	2081	A																																																																																																																																																												
																																																																																																																													1647202542555	810135011977	Wood	394	A																				1603559184149	75714	BonesBlock	435	A																				1603559184149	75714	Wax	549	A																				1603559184149	75714	Potion2	837	A																				1603559184149	160355918414908	75714	MagicScrolls	1206	A																				1603559184149	75714	SoulCrystal2	1384	A																				1603559184149	160355918414908	75714	EvilHoney	1541	A																				1603559184149	75714	Mushroom2	1584	A																				1603559184149	160355918414908	2527949890994620	Potion2	2081	A																																																																																																																																																												
																																																																																																																													1795450771385	972162014373	Wood	394	A																				1747879510723	87071	BonesBlock	435	A																				1747879510723	87071	Wax	549	A																				1747879510723	87071	Potion2	837	A																				1747879510723	174787951072249	87071	MagicScrolls	1206	A																				1747879510723	87071	SoulCrystal2	1384	A																				1747879510723	174787951072249	87071	EvilHoney	1541	A																				1747879510723	87071	Mushroom2	1584	A																				1747879510723	174787951072249	2957701372463700	Potion2	2081	A																																																																																																																																																												
																																																																																																																													1957041340810	1166594417247	Wood	394	A																				1905188666688	100131	BonesBlock	435	A																				1905188666688	100131	Wax	549	A																				1905188666688	100131	Potion2	837	A																				1905188666688	190518866668752	100131	MagicScrolls	1206	A																				1905188666688	100131	SoulCrystal2	1384	A																				1905188666688	190518866668752	100131	EvilHoney	1541	A																				1905188666688	100131	Mushroom2	1584	A																				1905188666688	190518866668752	3460510605782530	Potion2	2081	A																																																																																																																																																												
																																																																																																																													2133175061483	1399913300697	Wood	394	A																				2076655646689	115151	BonesBlock	477	A																				2076655646689	115151	Wax	549	A																				2076655646689	115151	Potion2	837	A																				2076655646689	207665564668940	115151	MagicScrolls	1293	A																				2076655646689	115151	SoulCrystal2	1384	A																				2076655646689	207665564668940	115151	EvilHoney	1541	A																				2076655646689	115151	Mushroom2	1584	A																				2076655646689	207665564668940	4048797408765560	Potion2	2191	A																																																																																																																																																												
																																																																																																																													2325160817016	1679895960836	Wood	394	A																				2263554654891	2000	Wax	477	A																				2263554654891	2000	Potion2	549	A																				2263554654891	2000	Mushroom	837	A																				2263554654891	226355465489144	2000	SoulCrystal2	1293	A																				2263554654891	2000	EvilHoney	1384	A																				2263554654891	226355465489144	2000	Mushroom2	1541	A																				2263554654891	11317773274457	Wax	1584	A																				2263554654891	226355465489144	4737092968255710	Potion2	2191	A																																																																																																																																																												
																																																																																																																													2534425290548	2015875153003	Wood	394	A																				2467274573832	2300	Wax	477	A																				2467274573832	2300	Potion2	549	A																				2467274573832	2300	Mushroom	837	A																				2467274573832	246727457383167	2300	SoulCrystal2	1293	A																				2467274573832	2300	EvilHoney	1384	A																				2467274573832	246727457383167	2300	Mushroom2	1541	A																				2467274573832	13241794731115	Wax	1584	A																				2467274573832	246727457383167	5542398772859180	Potion2	2191	A																																																																																																																																																												
																																																																																																																													2762523566697	2419050183604	Wood	394	A																				2689329285477	2645	Wax	477	A																				2689329285477	2645	Potion2	549	A																				2689329285477	2645	Mushroom	837	A																				2689329285477	268932928547652	2645	SoulCrystal2	1293	A																				2689329285477	2645	EvilHoney	1384	A																				2689329285477	268932928547652	2645	Mushroom2	1541	A																				2689329285477	15492899835405	Wax	1584	A																				2689329285477	268932928547652	6484606564245230	Potion2	2191	A																																																																																																																																																												
																																																																																																																													3011150687700	2902860220325	Wood	394	A																				2931368921169	3042	Wax	477	A																				2931368921169	3042	Potion2	549	A																				2931368921169	3042	Mushroom	837	A																				2931368921169	293136892116941	3042	SoulCrystal2	1293	A																				2931368921169	3042	EvilHoney	1384	A																				2931368921169	293136892116941	3042	Mushroom2	1541	A																				2931368921169	18126692807423	Wax	1584	A																				2931368921169	293136892116941	7586989680166920	Potion2	2191	A																																																																																																																																																												
																																																																																																																													3282154249593	3483432264389	Wood	394	A																				3195192124075	3498	Wax	477	A																				3195192124075	3498	Potion2	549	A																				3195192124075	3498	Mushroom	837	A																				3195192124075	319519212407466	3498	SoulCrystal2	1293	A																				3195192124075	3498	EvilHoney	1384	A																				3195192124075	319519212407466	3498	Mushroom2	1541	A																				3195192124075	21208230584685	Wax	1584	A																				3195192124075	319519212407466	8876777925795300	Potion2	2191	A																																																																																																																																																												
																																																																																																																													3577548132056	4180118717267	Wood	394	A																				3482759415241	4023	Wax	477	A																				3482759415241	4023	Potion2	549	A																				3482759415241	4023	Mushroom	837	A																				3482759415241	348275941524138	4023	SoulCrystal2	1293	A																				3482759415241	4023	EvilHoney	1384	A																				3482759415241	348275941524138	4023	Mushroom2	1541	A																				3482759415241	24813629784082	Wax	1584	A																				3482759415241	348275941524138	10385830173180500	Potion2	2191	A																																																																																																																																																												
																																																																																																																													3899527463941	5016142460721	Wood	394	A																				3796207762613	4626	Wax	477	A																				3796207762613	4626	Potion2	549	A																				3796207762613	4626	Mushroom	837	A																				3796207762613	379620776261310	4626	SoulCrystal2	1293	A																				3796207762613	4626	EvilHoney	1384	A																				3796207762613	379620776261310	4626	Mushroom2	1541	A																				3796207762613	29031946847376	Wax	1584	A																				3796207762613	379620776261310	12151421302621200	Potion2	2191	A																																																																																																																																																												
																																																																																																																													4250484935696	6019370952865	Wood	394	A																				4137866461248	5320	Wax	477	A																				4137866461248	5320	Potion2	549	A																				4137866461248	5320	Mushroom	837	A																				4137866461248	413786646124828	5320	SoulCrystal2	1293	A																				4137866461248	5320	EvilHoney	1384	A																				4137866461248	413786646124828	5320	Mushroom2	1541	A																				4137866461248	33967377811429	Wax	1584	A																				4137866461248	413786646124828	14217162924066800	Potion2	2191	A																																																																																																																																																												
																																																																																																																													4633028579908	7223245143438	Wood	394	A																				4510274442761	6118	Wax	477	A																				4510274442761	6118	Potion2	549	A																				4510274442761	6118	Mushroom	837	A																				4510274442761	451027444276063	6118	SoulCrystal2	1293	A																				4510274442761	6118	EvilHoney	1384	A																				4510274442761	451027444276063	6118	Mushroom2	1541	A																				4510274442761	39741832039372	Wax	1584	A																				4510274442761	451027444276063	16634080621158100	Potion2	2191	A																																																																																																																																																												
																																																																																																																													5050001152100	8667894172126	Wood	394	A																				4916199142609	7036	Wax	477	A																				4916199142609	7036	Potion2	597	A																				4916199142609	7036	Mushroom	837	A																				4916199142609	491619914260908	7036	SoulCrystal2	1293	A																				4916199142609	7036	EvilHoney	1473	A																				4916199142609	491619914260908	7036	Mushroom2	1541	A																				4916199142609	46497943486066	Wax	1584	A																				4916199142609	491619914260908	19461874326755000	Potion2	2191	A																																																																																																																																																												
																																																																																																																													5504501255789	10401473006551	Wood	435	A																				5358657065444	8091	Wax	477	A																				5358657065444	8091	Potion2	597	A																				5358657065444	8091	Mushroom	837	A																				5358657065444	535865706544390	8091	SoulCrystal2	1293	A																				5358657065444	8091	EvilHoney	1473	A																				5358657065444	535865706544390	8091	Mushroom2	1541	A																				5358657065444	54402593878697	Wax	1584	A																				5358657065444	535865706544390	22770392962303400	Potion2	2191	A																																																																																																																																																												
																																																																																																																													5999906368810	12481767607861	Wood	435	A																				5840936201334	9305	Wax	477	A																				5840936201334	9305	Potion2	597	A																				5840936201334	9305	Mushroom	837	A																				5840936201334	584093620133385	9305	SoulCrystal2	1293	A																				5840936201334	9305	EvilHoney	1473	A																				5840936201334	584093620133385	9305	Mushroom2	1541	A																				5840936201334	63651034838075	Wax	1584	A																				5840936201334	584093620133385	26641359765894900	Potion2	2191	A																																																																																																																																																												
																																																																																																																													6539897942003	14978121129433	Wood	435	A																				6366620459454	10701	Wax	477	A																				6366620459454	10701	Potion2	597	A																				6366620459454	10701	Mushroom	837	A																				6366620459454	636662045945390	10701	SoulCrystal2	1293	A																				6366620459454	10701	EvilHoney	1473	A																				6366620459454	636662045945390	10701	Mushroom2	1541	A																				6366620459454	74471710760548	Wax	1584	A																				6366620459454	636662045945390	31170390926097100	Potion2	2191	A																																																																																																																																																												
																																																																																																																													7128488756783	17973745355320	Wood	435	A																				6939616300805	12306	Wax	477	A																				6939616300805	12306	Potion2	597	A																				6939616300805	12306	Mushroom	837	A																				6939616300805	693961630080475	12306	SoulCrystal2	1293	A																				6939616300805	12306	EvilHoney	1473	A																				6939616300805	693961630080475	12306	Mushroom2	1541	A																				6939616300805	87131901589841	Wax	1584	A																				6939616300805	693961630080475	36469357383533600	Potion2	2191	A																																																																																																																																																												
																																																																																																																													7770052744894	21568494426384	Wood	435	A																				7564181767877	14151	Wax	477	A																				7564181767877	14151	Potion2	597	A																				7564181767877	14151	Mushroom	837	A																				7564181767877	756418176787718	14151	SoulCrystal2	1293	A																				7564181767877	14151	EvilHoney	1473	A																				7564181767877	756418176787718	14151	Mushroom2	1541	A																				7564181767877	101944324860114	Wax	1584	A																				7564181767877	756418176787718	42669148138734300	Potion2	2191	A																																																																																																																																																												
																																																																																																																													8469357491934	25882193311660	Wood	435	A																				8244958126986	16274	Wax	477	A																				8244958126986	16274	Potion2	597	A																				8244958126986	16274	Mushroom	837	A																				8244958126986	824495812698613	16274	SoulCrystal2	1293	A																				8244958126986	16274	EvilHoney	1473	A																				8244958126986	824495812698613	16274	Mushroom2	1541	A																				8244958126986	119274860086334	Wax	1584	A																				8244958126986	824495812698613	49922903322319100	Potion2	2191	A																																																																																																																																																												
																																																																																																																													9231599666208	31058631973992	Wood	435	A																				8987004358415	18715	Wax	477	A																				8987004358415	18715	Potion2	597	A																				8987004358415	18715	Mushroom	837	A																				8987004358415	898700435841488	18715	SoulCrystal2	1293	A																				8987004358415	18715	EvilHoney	1473	A																				8987004358415	898700435841488	18715	Mushroom2	1541	A																				8987004358415	139551586301010	Wax	1584	A																				8987004358415	898700435841488	58409796887113400	Potion2	2191	A																																																																																																																																																												
																																																																																																																													10062443636167	37270358368791	Wood	435	A																				9795834750672	21523	Wax	477	A																				9795834750672	21523	Potion2	597	A																				9795834750672	21523	Mushroom	837	A																				9795834750672	979583475067222	21523	SoulCrystal2	1293	A																				9795834750672	21523	EvilHoney	1473	A																				9795834750672	979583475067222	21523	Mushroom2	1541	A																				9795834750672	163275355972182	Wax	1584	A																				9795834750672	979583475067222	68339462357922600	Potion2	2191	A																																																																																																																																																												
																																																																																																																													10968063563422	44724430042549	Wood	435	A																				10677459878233	24751	Wax	477	A																				10677459878233	24751	Potion2	597	A																				10677459878233	24751	Mushroom	837	A																				10677459878233	1067745987823270	24751	SoulCrystal2	1293	A																				10677459878233	24751	EvilHoney	1473	A																				10677459878233	1067745987823270	24751	Mushroom2	1541	A																				10677459878233	191032166487453	Wax	1584	A																				10677459878233	1067745987823270	79957170958769500	Potion2	2191	A																																																																																																																																																												
																																																																																																																													11955189284130	53669316051059	Wood	435	A																				11638431267274	28464	Wax	477	A																				11638431267274	28464	Potion2	597	A																				11638431267274	28464	Mushroom	904	A																				11638431267274	1163843126727370	28464	SoulCrystal2	1293	A																				11638431267274	28464	EvilHoney	1473	A																				11638431267274	1163843126727370	28464	Mushroom2	1632	A																				11638431267274	223507634790320	Wax	1584	A																				11638431267274	1163843126727370	93549890021760300	Potion2	2191	A																																																																																																																																																												
																																																																																																																													26062312639403	64403179261270	Wood	501	A																				25371780162657	32733	Wax	549	A																				25371780162657	32733	Potion2	837	A																				25371780162657	32733	Mushroom	900	A																				25371780162657	2537178016265660	32733	SoulCrystal2	1339	A																				25371780162657	32733	EvilHoney	1496	A																				25371780162657	2537178016265660	32733	Mushroom2	1541	A																				25371780162657	261503932704675	Wax	2027	A																				25371780162657	2537178016265660	109453371325459000	Potion2	2191	A																																																																																																																																																												
																																																																																																																													28407920776950	77283815113524	Wood	501	A																				27655240377296	37643	Wax	549	A																				27655240377296	37643	Potion2	837	A																				27655240377296	37643	Mushroom	900	A																				27655240377296	2765524037729570	37643	SoulCrystal2	1339	A																				27655240377296	37643	EvilHoney	1496	A																				27655240377296	2765524037729570	37643	Mushroom2	1541	A																				27655240377296	305959601264469	Wax	2027	A																						Infinity																																																																																																																																																															
																																																																																																																													30964633646875	92740578136229	Wood	501	A																				30144212011252	43289	Wax	549	A																				30144212011252	43289	Potion2	837	A																				30144212011252	43289	Mushroom	900	A																				30144212011252	3014421201125230	43289	SoulCrystal2	1339	A																				30144212011252	43289	EvilHoney	1496	A																				30144212011252	3014421201125230	43289	Mushroom2	1541	A																				30144212011252	357972733479429	Wax	2027	A																																																																																																																																																																																					
																																																																																																																													33751450675094	111288693763475	Wood	501	A																				32857191092265	49783	Wax	549	A																				32857191092265	49783	Potion2	837	A																				32857191092265	49783	Mushroom	900	A																				32857191092265	3285719109226500	49783	SoulCrystal2	1339	A																				32857191092265	49783	EvilHoney	1496	A																				32857191092265	3285719109226500	49783	Mushroom2	1541	A																				32857191092265	418828098170932	Wax	2027	A																																																																																																																																																																																					
																																																																																																																													36789081235852	133546432516170	Wood	501	A																				35814338290569	57250	Wax	549	A																				35814338290569	57250	Potion2	837	A																				35814338290569	57250	Mushroom	900	A																				35814338290569	3581433829056890	57250	SoulCrystal2	1339	A																				35814338290569	57250	EvilHoney	1496	A																				35814338290569	3581433829056890	57250	Mushroom2	1541	A																				35814338290569	490028874859990	Wax	2027	A																																																																																																																																																																																					
																																																																																																																													40100098547079	160255719019404	Wood	501	A																				39037628736720	65838	Wax	549	A																				39037628736720	65838	Potion2	837	A																				39037628736720	65838	Mushroom	900	A																				39037628736720	3903762873672010	65838	SoulCrystal2	1339	A																				39037628736720	65838	EvilHoney	1496	A																				39037628736720	3903762873672010	65838	Mushroom2	1541	A																				39037628736720	573333783586189	Wax	2027	A																																																																																																																																																																																					
																																																																																																																													43709107416316	192306862823285	Wood	501	A																				42551015323025	75714	Wax	549	A																				42551015323025	75714	Potion2	837	A																				42551015323025	75714	Mushroom	900	A																				42551015323025	4255101532302490	75714	SoulCrystal2	1339	A																				42551015323025	75714	EvilHoney	1496	A																				42551015323025	4255101532302490	75714	Mushroom2	1541	A																				42551015323025	670800526795841	Wax	2027	A																																																																																																																																																																																					
																																																																																																																													47642927083784	230768235387942	Wood	501	A																				46380606702097	87071	Wax	549	A																				46380606702097	87071	Potion2	837	A																				46380606702097	87071	Mushroom	900	A																				46380606702097	4638060670209710	87071	SoulCrystal2	1339	A																				46380606702097	87071	EvilHoney	1496	A																				46380606702097	4638060670209710	87071	Mushroom2	1541	A																				46380606702097	784836616351134	Wax	2027	A																																																																																																																																																																																					
																																																																																																																													51930790521325	276921882465530	Wood	501	A																				50554861305286	100131	Wax	549	A																				50554861305286	100131	Potion2	837	A																				50554861305286	100131	Mushroom	900	A																				50554861305286	5055486130528590	100131	SoulCrystal2	1339	A																				50554861305286	100131	EvilHoney	1496	A																				50554861305286	5055486130528590	100131	Mushroom2	1541	A																				50554861305286	918258841130826	Wax	2027	A																																																																																																																																																																																					
																																																																																																																													56604561668244	332306258958636	Wood	501	A																				55104798822762	115151	Wax	549	A																				55104798822762	115151	Potion2	837	A																				55104798822762	115151	Mushroom	900	A																				55104798822762	5510479882276160	115151	SoulCrystal2	1339	A																				55104798822762	115151	EvilHoney	1496	A																				55104798822762	5510479882276160	115151	Mushroom2	1541	A																				55104798822762	1074362844123070	Wax	2136	A																																																																																																																																																																																					
																																																																																																																													61698972218386	398767510750364	Wood	501	A																				60064230716810	2000	Potion2	549	A																				60064230716810	2000	Mushroom	837	A																				60064230716810	2000	MagicScrolls	900	A																				60064230716810	6006423071681010	2000	EvilHoney	1339	A																				60064230716810	2000	Mushroom2	1496	A																				60064230716810	6006423071681010	30032115358405100	BonesBlock	1541	A																				60064230716810	1257004527623990	Wax	2136	A																																																																																																																																																																																					
																																																																																																																													67251879718041	478521012900436	Wood	501	A																				65470011481323	2300	Potion2	549	A																				65470011481323	2300	Mushroom	837	A																				65470011481323	2300	MagicScrolls	900	A																				65470011481323	6547001148132310	2300	EvilHoney	1339	A																				65470011481323	2300	Mushroom2	1496	A																				65470011481323	6547001148132310	35137574969333900	BonesBlock	1541	A																				65470011481323	1470695297320070	Wax	2136	A																																																																																																																																																																																					
																																																																																																																													73304548892665	574225215480524	Wood	501	A																				71362312514642	2645	Potion2	549	A																				71362312514642	2645	Mushroom	837	A																				71362312514642	2645	MagicScrolls	900	A																				71362312514642	7136231251464210	2645	EvilHoney	1339	A																				71362312514642	2645	Mushroom2	1496	A																				71362312514642	7136231251464210	41110962714120700	BonesBlock	1541	A																				71362312514642	1720713497864480	Wax	2136	A																																																																																																																																																																																					
																																																																																																																													79901958293004	689070258576628	Wood	501	A																				77784920640960	3042	Potion2	549	A																				77784920640960	3042	Mushroom	837	A																				77784920640960	3042	MagicScrolls	900	A																				77784920640960	7778492064095990	3042	EvilHoney	1339	A																				77784920640960	3042	Mushroom2	1496	A																				77784920640960	7778492064095990	48099826375521200	BonesBlock	1541	A																				77784920640960	2013234792501440	Wax	2136	A																																																																																																																																																																																					
																																																																																																																													87093134539375	826884310291954	Wood	501	A																				84785563498646	3498	Potion2	549	A																				84785563498646	3498	Mushroom	837	A																				84785563498646	3498	MagicScrolls	900	A																				84785563498646	8478556349864630	3498	EvilHoney	1339	A																				84785563498646	3498	Mushroom2	1496	A																				84785563498646	8478556349864630	56276796859359800	BonesBlock	1541	A																				84785563498646	2355484707226680	Wax	2136	A																																																																																																																																																																																					
																																																																																																																													94931516647919	992261172350345	Wood	501	A																				92416264213525	4023	Potion2	549	A																				92416264213525	4023	Mushroom	837	A																				92416264213525	4023	MagicScrolls	900	A																				92416264213525	9241626421352450	4023	EvilHoney	1339	A																				92416264213525	4023	Mushroom2	1496	A																				92416264213525	9241626421352450	65843852325451000	BonesBlock	1541	A																				92416264213525	2755917107455220	Wax	2136	A																																																																																																																																																																																					
																																																																																																																													103475353146231	1190713406820410	Wood	501	A																				100733727992742	4626	Potion2	549	A																				100733727992742	4626	Mushroom	837	A																				100733727992742	4626	MagicScrolls	900	A																				100733727992742	10073372799274200	4626	EvilHoney	1339	A																				100733727992742	4626	Mushroom2	1496	A																				100733727992742	10073372799274200	77037307220777600	BonesBlock	1541	A																				100733727992742	3224423015722600	Wax	2136	A																																																																																																																																																																																					
																																																																																																																													112788134929392	1428856088184500	Wood	501	A																				109799763512089	5320	Potion2	549	A																				109799763512089	5320	Mushroom	837	A																				109799763512089	5320	MagicScrolls	900	A																				109799763512089	10979976351208900	5320	EvilHoney	1339	A																				109799763512089	5320	Mushroom2	1496	A																				109799763512089	10979976351208900	90133649448309800	BonesBlock	1541	A																				109799763512089	3772574928395450	Wax	2136	A																																																																																																																																																																																					
																																																																																																																													122939067073037	1714627305821390	Wood	501	A																				119681742228177	6118	Potion2	549	A																				119681742228177	6118	Mushroom	837	A																				119681742228177	6118	MagicScrolls	900	A																				119681742228177	11968174222817600	6118	EvilHoney	1339	A																				119681742228177	6118	Mushroom2	1496	A																				119681742228177	11968174222817600	105456369854522000	BonesBlock	1541	A																				119681742228177	4413912666222670	Wax	2136	A																																																																																																																																																																																					
																																																																																																																													134003583109611	2057552766985670	Wood	501	A																				130453099028712	7036	Potion2	597	A																				130453099028712	7036	Mushroom	837	A																				130453099028712	7036	MagicScrolls	900	A																				130453099028712	13045309902871200	7036	EvilHoney	1429	A																				130453099028712	7036	Mushroom2	1496	A																				130453099028712	13045309902871200	123383952729791000	BonesBlock	1541	A																				130453099028712	5164277819480530	Wax	2136	A																																																																																																																																																																																					
																																																																																																																													146063905589476	2469063320382810	Wood	501	A																				142193877941297	8091	Potion2	597	A																				142193877941297	8091	Mushroom	837	A																				142193877941297	8091	MagicScrolls	900	A																				142193877941297	14219387794129700	8091	EvilHoney	1429	A																				142193877941297	8091	Mushroom2	1496	A																				142193877941297	14219387794129700	144359224693856000	BonesBlock	1541	A																				142193877941297	6042205048792210	Wax	2136	A																																																																																																																																																																																					
																																																																																																																													159209657092528	2962875984459370	Wood	501	A																				154991326956013	9305	Potion2	597	A																				154991326956013	9305	Mushroom	837	A																				154991326956013	9305	MagicScrolls	900	A																				154991326956013	15499132695601300	9305	EvilHoney	1429	A																				154991326956013	9305	Mushroom2	1496	A																				154991326956013	15499132695601300	168900292891811000	BonesBlock	1541	A																				154991326956013	7069379907086890	Wax	2136	A																																																																																																																																																																																					
																																																																																																																													173538526230856	3555451181351240	Wood	501	A																				168940546382054	10701	Potion2	597	A																				168940546382054	10701	Mushroom	837	A																				168940546382054	10701	MagicScrolls	900	A																				168940546382054	16894054638205400	10701	EvilHoney	1429	A																				168940546382054	10701	Mushroom2	1496	A																				168940546382054	16894054638205400	197613342683419000	BonesBlock	1541	A																				168940546382054	8271174491291660	Wax	2136	A																																																																																																																																																																																					
																																																																																																																													189156993591633	4266541417621490	Wood	501	A																				184145195556439	12306	Potion2	597	A																				184145195556439	12306	Mushroom	837	A																				184145195556439	12306	MagicScrolls	900	A																				184145195556439	18414519555643900	12306	EvilHoney	1429	A																				184145195556439	12306	Mushroom2	1496	A																				184145195556439	18414519555643900	231207610939600000	BonesBlock	1541	A																				184145195556439	9677274154811240	Wax	2136	A																																																																																																																																																																																					
																																																																																																																													206181123014880	5119849701145790	Wood	501	A																				200718263156519	14151	Potion2	597	A																				200718263156519	14151	Mushroom	837	A																				200718263156519	14151	MagicScrolls	900	A																				200718263156519	20071826315651900	14151	EvilHoney	1429	A																				200718263156519	14151	Mushroom2	1496	A																				200718263156519	20071826315651900	270512904799333000	BonesBlock	1541	A																				200718263156519	11322410761129200	Wax	2136	A																																																																																																																																																																																					
																																																																																																																													224737424086219	6143819641374950	Wood	501	A																				218782906840606	16274	Potion2	597	A																				218782906840606	16274	Mushroom	837	A																				218782906840606	16274	MagicScrolls	900	A																				218782906840606	21878290684060600	16274	EvilHoney	1429	A																				218782906840606	16274	Mushroom2	1496	A																				218782906840606	21878290684060600	316500098615219000	BonesBlock	1541	A																				218782906840606	13247220590521100	Wax	2136	A																																																																																																																																																																																					
																																																																																																																													244963792253979	7372583569649940	Wood	501	A																				238473368456260	18715	Potion2	597	A																				238473368456260	18715	Mushroom	837	A																				238473368456260	18715	MagicScrolls	900	A																				238473368456260	23847336845626000	18715	EvilHoney	1429	A																				238473368456260	18715	Mushroom2	1496	A																				238473368456260	23847336845626000	370305115379806000	BonesBlock	1541	A																				238473368456260	15499248090909700	Wax	2136	A																																																																																																																																																																																					
																																																																																																																													267010533556837	8847100283579920	Wood	501	A																				259935971617324	21523	Potion2	597	A																				259935971617324	21523	Mushroom	837	A																				259935971617324	21523	MagicScrolls	900	A																				259935971617324	25993597161732400	21523	EvilHoney	1429	A																				259935971617324	21523	Mushroom2	1496	A																				259935971617324	25993597161732400	433256984994373000	BonesBlock	1541	A																				259935971617324	18134120266364300	Wax	2136	A																																																																																																																																																																																					
																																																																																																																													291041481576953	10616520340295900	Wood	501	A																				283330209062883	24751	Potion2	597	A																				283330209062883	24751	Mushroom	837	A																				283330209062883	24751	MagicScrolls	900	A																				283330209062883	28333020906288300	24751	EvilHoney	1429	A																				283330209062883	24751	Mushroom2	1496	A																				283330209062883	28333020906288300	506910672443417000	BonesBlock	1541	A																				283330209062883	21216920711646300	Wax	2136	A																																																																																																																																																																																					
																																																																																																																													317235214918878	12739824408355100	Wood	501	A																				308829927878542	28464	Potion2	597	A																				308829927878542	28464	Mushroom	904	A																				308829927878542	28464	MagicScrolls	900	A																				308829927878542	30882992787854200	28464	EvilHoney	1429	A																				308829927878542	28464	Mushroom2	1586	A																				308829927878542	30882992787854200	593085486758798000	BonesBlock	1541	A																				308829927878542	24823797232626100	Wax	2136	A																																																																																																																																																																																					
																																																																																																																													691572768523155	15287789290026100	Wood	770	A																				673249242775222	32733	Potion2	837	A																				673249242775222	32733	Mushroom	900	A																				673249242775222	32733	MagicScrolls	1163	A																				673249242775222	67324924277522200	32733	EvilHoney	1450	A																				673249242775222	32733	Mushroom2	1498	A																				673249242775222	67324924277522200	693910019507793000	BonesBlock	1972	A																				673249242775222	29043842762172600	Wax	2136	A																																																																																																																																																																																					
																																																																																																																													753814317690239	18345347148031300	Wood	770	A																				733841674624992	37643	Potion2	837	A																				733841674624992	37643	Mushroom	900	A																				733841674624992	37643	MagicScrolls	1163	A																				733841674624992	73384167462499200	37643	EvilHoney	1450	A																				733841674624992	37643	Mushroom2	1498	A																				733841674624992	73384167462499200	811874722824118000	BonesBlock	1972	A																					Infinity																																																																																																																																																																																								
																																																																																																																													821657606282360	22014416577637600	Wood	770	A																				799887425341242	43289	Potion2	837	A																				799887425341242	43289	Mushroom	900	A																				799887425341242	43289	MagicScrolls	1163	A																				799887425341242	79988742534124200	43289	EvilHoney	1450	A																				799887425341242	43289	Mushroom2	1498	A																				799887425341242	79988742534124200	949893425704218000	BonesBlock	1972	A																																																																																																																																																																																																													
																																																																																																																													895606790847773	26417299893165100	Wood	770	A																				871877293621953	49783	Potion2	837	A																				871877293621953	49783	Mushroom	900	A																				871877293621953	49783	MagicScrolls	1163	A																				871877293621953	87187729362195300	49783	EvilHoney	1450	A																				871877293621953	49783	Mushroom2	1498	A																				871877293621953	87187729362195300	1111375308073930000	BonesBlock	1972	A																																																																																																																																																																																																													
																																																																																																																													976211402024072	31700759871798100	Wood	770	A																				950346250047929	57250	Potion2	837	A																				950346250047929	57250	Mushroom	900	A																				950346250047929	57250	MagicScrolls	1163	A																				950346250047929	95034625004792900	57250	EvilHoney	1450	A																				950346250047929	57250	Mushroom2	1498	A																				950346250047929	95034625004792900	1300309110446500000	BonesBlock	1972	A																																																																																																																																																																																																													
																																																																																																																													1064070428206240	38040911846157800	Wood	770	A																				1035877412552240	65838	Potion2	837	A																				1035877412552240	65838	Mushroom	900	A																				1035877412552240	65838	MagicScrolls	1163	A																				1035877412552240	103587741255224000	65838	EvilHoney	1450	A																				1035877412552240	65838	Mushroom2	1498	A																				1035877412552240	103587741255224000	1521361659222410000	BonesBlock	1972	A																																																																																																																																																																																																													
																																																																																																																													1159836766744800	45649094215389300	Wood	770	A																				1129106379681940	75714	Potion2	837	A																				1129106379681940	75714	Mushroom	900	A																				1129106379681940	75714	MagicScrolls	1163	A																				1129106379681940	112910637968194000	75714	EvilHoney	1450	A																				1129106379681940	75714	Mushroom2	1498	A																				1129106379681940	112910637968194000	1779993141290220000	BonesBlock	1972	A																																																																																																																																																																																																													
																																																																																																																													1264222075751830	54778913058467200	Wood	770	A																				1230725953853320	87071	Potion2	837	A																				1230725953853320	87071	Mushroom	900	A																				1230725953853320	87071	MagicScrolls	1163	A																				1230725953853320	123072595385332000	87071	EvilHoney	1450	A																				1230725953853320	87071	Mushroom2	1498	A																				1230725953853320	123072595385332000	2082591975309560000	BonesBlock	1972	A																																																																																																																																																																																																													
																																																																																																																													1378002062569500	65734695670160600	Wood	770	A																				1341491289700120	100131	Potion2	837	A																				1341491289700120	100131	Mushroom	900	A																				1341491289700120	100131	MagicScrolls	1163	A																				1341491289700120	134149128970012000	100131	EvilHoney	1450	A																				1341491289700120	100131	Mushroom2	1498	A																				1341491289700120	134149128970012000	2436632611112180000	BonesBlock	1972	A																																																																																																																																																																																																													
																																																																																																																													1502022248200750	78881634804192700	Wood	770	A																				1462225505773130	115151	Potion2	837	A																				1462225505773130	115151	Mushroom	900	A																				1462225505773130	115151	MagicScrolls	1249	A																				1462225505773130	146222550577313000	115151	EvilHoney	1450	A																				1462225505773130	115151	Mushroom2	1498	A																				1462225505773130	146222550577313000	2850860155001250000	BonesBlock	2081	A																																																																																																																																																																																																													
																																																																																																																													1637204250538820	94657961765031300	Wood	770	A																				1593825801292710	2000	Mushroom	837	A																				1593825801292710	2000	MagicScrolls	900	A																				1593825801292710	2000	SoulCrystal2	1249	A																				1593825801292710	159382580129271000	2000	Mushroom2	1450	A																				1593825801292710	7969129006463560	SoulCrystal	1498	A																				1593825801292710	159382580129271000	3335506381351460000	BonesBlock	2081	A																																																																																																																																																																																																													
																																																																																																																													1784552633087310	113589554118037000	Wood	770	A																				1737270123409060	2300	Mushroom	837	A																				1737270123409060	2300	MagicScrolls	900	A																				1737270123409060	2300	SoulCrystal2	1249	A																				1737270123409060	173727012340906000	2300	Mushroom2	1450	A																				1737270123409060	9323880937562360	SoulCrystal	1498	A																				1737270123409060	173727012340906000	3902542466181210000	BonesBlock	2081	A																																																																																																																																																																																																													
																																																																																																																													1945162370065170	136307464941645000	Wood	770	A																				1893624434515870	2645	Mushroom	837	A																				1893624434515870	2645	MagicScrolls	900	A																				1893624434515870	2645	SoulCrystal2	1249	A																				1893624434515870	189362443451587000	2645	Mushroom2	1450	A																				1893624434515870	10908940696948000	SoulCrystal	1498	A																				1893624434515870	189362443451587000	4565974685432020000	BonesBlock	2081	A																																																																																																																																																																																																													
																																																																																																																													2120226983371040	163568957929974000	Wood	770	A																				2064050633622300	3042	Mushroom	837	A																				2064050633622300	3042	MagicScrolls	900	A																				2064050633622300	3042	SoulCrystal2	1249	A																				2064050633622300	206405063362230000	3042	Mushroom2	1450	A																				2064050633622300	12763460615429100	SoulCrystal	1498	A																				2064050633622300	206405063362230000	5342190381955460000	BonesBlock	2081	A																																																																																																																																																																																																													
																																																																																																																													2311047411874430	196282749515969000	Wood	770	A																				2249815190648310	3498	Mushroom	837	A																				2249815190648310	3498	MagicScrolls	900	A																				2249815190648310	3498	SoulCrystal2	1249	A																				2249815190648310	224981519064831000	3498	Mushroom2	1450	A																				2249815190648310	14933248920052100	SoulCrystal	1498	A																				2249815190648310	224981519064831000	6250362746887890000	BonesBlock	2081	A																																																																																																																																																																																																													
																																																																																																																													2519041678943130	235539299419162000	Wood	770	A																				2452298557806650	4023	Mushroom	837	A																				2452298557806650	4023	MagicScrolls	900	A																				2452298557806650	4023	SoulCrystal2	1249	A																				2452298557806650	245229855780665000	4023	Mushroom2	1450	A																				2452298557806650	17471901236460900	SoulCrystal	1498	A																				2452298557806650	245229855780665000	7312924413858830000	BonesBlock	2081	A																																																																																																																																																																																																													
																																																																																																																													2745755430048010	282647159302995000	Wood	770	A																				2673005428009250	4626	Mushroom	837	A																				2673005428009250	4626	MagicScrolls	900	A																				2673005428009250	4626	SoulCrystal2	1249	A																				2673005428009250	267300542800925000	4626	Mushroom2	1450	A																				2673005428009250	20442124446659300	SoulCrystal	1498	A																				2673005428009250	267300542800925000	8556121564214830000	BonesBlock	2081	A																																																																																																																																																																																																													
																																																																																																																													2992873418752340	339176591163594000	Wood	770	A																				2913575916530090	5320	Mushroom	837	A																				2913575916530090	5320	MagicScrolls	900	A																				2913575916530090	5320	SoulCrystal2	1249	A																				2913575916530090	291357591653009000	5320	Mushroom2	1450	A																				2913575916530090	23917285602591300	SoulCrystal	1498	A																				2913575916530090	291357591653009000	10010662230131300000	BonesBlock	2081	A																																																																																																																																																																																																													
																																																																																																																													3262232026440050	407011909396313000	Wood	770	A																				3175797749017790	6118	Mushroom	837	A																				3175797749017790	6118	MagicScrolls	900	A																				3175797749017790	6118	SoulCrystal2	1249	A																				3175797749017790	317579774901779000	6118	Mushroom2	1450	A																				3175797749017790	27983224155031900	SoulCrystal	1498	A																				3175797749017790	317579774901779000	11712474809253700000	BonesBlock	2081	A																																																																																																																																																																																																													
																																																																																																																													3555832908819650	488414291275575000	Wood	770	A																				3461619546429400	7036	Mushroom	837	A																				3461619546429400	7036	MagicScrolls	900	A																				3461619546429400	7036	SoulCrystal2	1249	A																				3461619546429400	346161954642940000	7036	Mushroom2	1450	A																				3461619546429400	32740372261387300	SoulCrystal	1498	A																				3461619546429400	346161954642940000	13703595526826800000	BonesBlock	2081	A																																																																																																																																																																																																													
																																																																																																																													3875857870613420	586097149530690000	Wood	770	A																				3773165305608040	8091	Mushroom	837	A																				3773165305608040	8091	MagicScrolls	900	A																				3773165305608040	8091	SoulCrystal2	1249	A																				3773165305608040	377316530560804000	8091	Mushroom2	1450	A																				3773165305608040	38306235545823100	SoulCrystal	1498	A																				3773165305608040	377316530560804000	16033206766387400000	BonesBlock	2081	A																																																																																																																																																																																																													
																																																																																																																													4224685078968630	703316579436828000	Wood	770	A																				4112750183112770	9305	Mushroom	837	A																				4112750183112770	9305	MagicScrolls	900	A																				4112750183112770	9305	SoulCrystal2	1249	A																				4112750183112770	411275018311277000	9305	Mushroom2	1450	A																				4112750183112770	44818295588613000	SoulCrystal	1498	A																				4112750183112770	411275018311277000	18758851916673200000	BonesBlock	2081	A																																																																																																																																																																																																													
																																																																																																																													4604906736075800	843979895324194000	Wood	770	A																				4482897699592910	10701	Mushroom	837	A																				4482897699592910	10701	MagicScrolls	900	A																				4482897699592910	10701	SoulCrystal2	1249	A																				4482897699592910	448289769959291000	10701	Mushroom2	1450	A																				4482897699592910	52437405838677300	SoulCrystal	1498	A																				4482897699592910	448289769959291000	21947856742507600000	BonesBlock	2081	A																																																																																																																																																																																																													
																																																																																																																													5019348342322630	1012775874389030000	Wood	770	A																				4886358492556280	12306	Mushroom	837	A																				4886358492556280	12306	MagicScrolls	900	A																				4886358492556280	12306	SoulCrystal2	1249	A																				4886358492556280	488635849255628000	12306	Mushroom2	1450	A																				4886358492556280	61351764831252400	SoulCrystal	1498	A																				4886358492556280	488635849255628000	25678992388733900000	BonesBlock	2081	A																																																																																																																																																																																																													
																																																																																																																													5471089693131660	1215331049266840000	Wood	770	A																				5326130756886340	14151	Mushroom	837	A																				5326130756886340	14151	MagicScrolls	900	A																				5326130756886340	14151	SoulCrystal2	1249	A																				5326130756886340	532613075688634000	14151	Mushroom2	1450	A																				5326130756886340	71781564852565300	SoulCrystal	1498	A																				5326130756886340	532613075688634000	30044421094818700000	BonesBlock	2081	A																																																																																																																																																																																																													
																																																																																																																													5963487765513510	1458397259120210000	Wood	770	A																				5805482525006110	16274	Mushroom	837	A																				5805482525006110	16274	MagicScrolls	900	A																				5805482525006110	16274	SoulCrystal2	1249	A																				5805482525006110	580548252500611000	16274	Mushroom2	1450	A																				5805482525006110	83984430877501400	SoulCrystal	1498	A																				5805482525006110	580548252500611000	35151972680937900000	BonesBlock	2081	A																																																																																																																																																																																																													
																																																																																																																													6500201664409730	1750076710944250000	Wood	770	A																				6327975952256660	18715	Mushroom	837	A																				6327975952256660	18715	MagicScrolls	900	A																				6327975952256660	18715	SoulCrystal2	1249	A																				6327975952256660	632797595225666000	18715	Mushroom2	1450	A																				6327975952256660	98261784126676600	SoulCrystal	1498	A																				6327975952256660	632797595225666000	41127808036697300000	BonesBlock	2081	A																																																																																																																																																																																																													
																																																																																																																													7085219814206610	2100092053133100000	Wood	770	A																				6897493787959760	21523	Mushroom	837	A																				6897493787959760	21523	MagicScrolls	900	A																				6897493787959760	21523	SoulCrystal2	1249	A																				6897493787959760	689749378795977000	21523	Mushroom2	1450	A																				6897493787959760	114966287428212000	SoulCrystal	1498	A																				6897493787959760	689749378795977000	48119535402935900000	BonesBlock	2081	A																																																																																																																																																																																																													
																																																																																																																													7722889597485200	2520110463759720000	Wood	770	A																				7518268228876140	24751	Mushroom	837	A																				7518268228876140	24751	MagicScrolls	900	A																				7518268228876140	24751	SoulCrystal2	1249	A																				7518268228876140	751826822887614000	24751	Mushroom2	1450	A																				7518268228876140	134510556291008000	SoulCrystal	1498	A																				7518268228876140	751826822887614000	56299856421435000000	BonesBlock	2081	A																																																																																																																																																																																																													
																																																																																																																													8417949661258870	3024132556511660000	Wood	770	A																				8194912369475000	28464	Mushroom	904	A																				8194912369475000	28464	MagicScrolls	900	A																				8194912369475000	28464	SoulCrystal2	1249	A																				8194912369475000	819491236947500000	28464	Mushroom2	1541	A																				8194912369475000	157377350860479000	SoulCrystal	1498	A																				8194912369475000	819491236947500000	65870832013078900000	BonesBlock	2081	A																																																																																																																																																																																																													
																																																																																																																													18351130261544300	3628959067813990000	Wood	767	A																				17864908965455500	32733	Mushroom	900	A																				17864908965455500	32733	MagicScrolls	1163	A																				17864908965455500	32733	SoulCrystal2	1295	A																				17864908965455500	1786490896545550000	32733	Mushroom2	1456	A																				17864908965455500	184131500506760000	SoulCrystal	1917	A																				17864908965455500	1786490896545550000	77068873455302300000	BonesBlock	2081	A																																																																																																																																																																																																													
																																																																																																																													20002731985083300	4354750881376790000	Wood	767	A																				19472750772346500	37643	Mushroom	900	A																				19472750772346500	37643	MagicScrolls	1163	A																				19472750772346500	37643	SoulCrystal2	1295	A																				19472750772346500	1947275077234650000	37643	Mushroom2	1456	A																				19472750772346500	215433855592910000	SoulCrystal	1917	A																						Infinity																																																																																																																																																																																																																
																																																																																																																													21802977863740800	5225701057652150000	Wood	767	A																				21225298341857700	43289	Mushroom	900	A																				21225298341857700	43289	MagicScrolls	1163	A																				21225298341857700	43289	SoulCrystal2	1295	A																				21225298341857700	2122529834185770000	43289	Mushroom2	1456	A																				21225298341857700	252057611043704000	SoulCrystal	1917	A																																																																																																																																																																																																																																						
																																																																																																																													23765245871477500	6270841269182580000	Wood	767	A																				23135575192624900	49783	Mushroom	900	A																				23135575192624900	49783	MagicScrolls	1163	A																				23135575192624900	49783	SoulCrystal2	1295	A																				23135575192624900	2313557519262490000	49783	Mushroom2	1456	A																				23135575192624900	294907404921134000	SoulCrystal	1917	A																																																																																																																																																																																																																																						
																																																																																																																													25904117999910500	7525009523019100000	Wood	767	A																				25217776959961100	57250	Mushroom	900	A																				25217776959961100	57250	MagicScrolls	1163	A																				25217776959961100	57250	SoulCrystal2	1295	A																				25217776959961100	2521777695996110000	57250	Mushroom2	1456	A																				25217776959961100	345041663757727000	SoulCrystal	1917	A																																																																																																																																																																																																																																						
																																																																																																																													28235488619902400	9030011427622920000	Wood	767	A																				27487376886357600	65838	Mushroom	900	A																				27487376886357600	65838	MagicScrolls	1163	A																				27487376886357600	65838	SoulCrystal2	1295	A																				27487376886357600	2748737688635760000	65838	Mushroom2	1456	A																				27487376886357600	403698746596540000	SoulCrystal	1917	A																																																																																																																																																																																																																																						
																																																																																																																													30776682595693700	10836013713147500000	Wood	767	A																				29961240806129800	75714	Mushroom	900	A																				29961240806129800	75714	MagicScrolls	1163	A																				29961240806129800	75714	SoulCrystal2	1295	A																				29961240806129800	2996124080612980000	75714	Mushroom2	1456	A																				29961240806129800	472327533517952000	SoulCrystal	1917	A																																																																																																																																																																																																																																						
																																																																																																																													33546584029306100	13003216455777000000	Wood	767	A																				32657752478681500	87071	Mushroom	900	A																				32657752478681500	87071	MagicScrolls	1163	A																				32657752478681500	87071	SoulCrystal2	1295	A																				32657752478681500	3265775247868150000	87071	Mushroom2	1456	A																				32657752478681500	552623214216004000	SoulCrystal	1917	A																																																																																																																																																																																																																																						
																																																																																																																													36565776591943600	15603859746932400000	Wood	767	A																				35596950201762800	100131	Mushroom	900	A																				35596950201762800	100131	MagicScrolls	1163	A																				35596950201762800	100131	SoulCrystal2	1295	A																				35596950201762800	3559695020176280000	100131	Mushroom2	1456	A																				35596950201762800	646569160632724000	SoulCrystal	1917	A																																																																																																																																																																																																																																						
																																																																																																																													39856696485218600	18724631696318900000	Wood	767	A																				38800675719921500	115151	Mushroom	900	A																				38800675719921500	115151	MagicScrolls	1249	A																				38800675719921500	115151	SoulCrystal2	1295	A																				38800675719921500	3880067571992150000	115151	Mushroom2	1456	A																				38800675719921500	756485917940287000	SoulCrystal	2027	A																																																																																																																																																																																																																																						
																																																																																																																													43443799168888200	22469558035582700000	Wood	833	A																				42292736534714400	2000	MagicScrolls	900	A																				42292736534714400	2000	SoulCrystal2	1249	A																				42292736534714400	2000	EvilHoney	1295	A																				42292736534714400	4229273653471440000	21146368267357200000	Board	1456	A																				42292736534714400	885088523990136000	SoulCrystal	2027	A																																																																																																																																																																																																																																						
																																																																																																																													47353741094088200	26963469642699200000	Wood	833	A																				46099082822838700	2300	MagicScrolls	900	A																				46099082822838700	2300	SoulCrystal2	1249	A																				46099082822838700	2300	EvilHoney	1295	A																				46099082822838700	4609908282283870000	24741250872807900000	Board	1456	A																				46099082822838700	1035553573068460000	SoulCrystal	2027	A																																																																																																																																																																																																																																						
																																																																																																																													51615577792556100	32356163571239000000	Wood	833	A																				50248000276894200	2645	MagicScrolls	900	A																				50248000276894200	2645	SoulCrystal2	1249	A																				50248000276894200	2645	EvilHoney	1295	A																				50248000276894200	5024800027689420000	28947263521185300000	Board	1456	A																				50248000276894200	1211597680490100000	SoulCrystal	2027	A																																																																																																																																																																																																																																						
																																																																																																																													56260979793886200	38827396285486800000	Wood	833	A																				54770320301814700	3042	MagicScrolls	900	A																				54770320301814700	3042	SoulCrystal2	1249	A																				54770320301814700	3042	EvilHoney	1295	A																				54770320301814700	5477032030181470000	33868298319786800000	Board	1456	A																				54770320301814700	1417569286173410000	SoulCrystal	2027	A																																																																																																																																																																																																																																						
																																																																																																																													61324467975335900	46592875542584200000	Wood	833	A																				59699649128978000	3498	MagicScrolls	900	A																				59699649128978000	3498	SoulCrystal2	1249	A																				59699649128978000	3498	EvilHoney	1295	A																				59699649128978000	5969964912897800000	39625909034150500000	Board	1456	A																				59699649128978000	1658556064822890000	SoulCrystal	2027	A																																																																																																																																																																																																																																						
																																																																																																																													66843670093116200	55911450651101000000	Wood	833	A																				65072617550586000	4023	MagicScrolls	900	A																				65072617550586000	4023	SoulCrystal2	1249	A																				65072617550586000	4023	EvilHoney	1295	A																				65072617550586000	6507261755058600000	46362313569956100000	Board	1456	A																				65072617550586000	1940510595842790000	SoulCrystal	2027	A																																																																																																																																																																																																																																						
																																																																																																																													72859600401496600	67093740781321200000	Wood	833	A																				70929153130138800	4626	MagicScrolls	900	A																				70929153130138800	4626	SoulCrystal2	1249	A																				70929153130138800	4626	EvilHoney	1295	A																				70929153130138800	7092915313013880000	54243906876848600000	Board	1456	A																				70929153130138800	2270397397136060000	SoulCrystal	2027	A																																																																																																																																																																																																																																						
																																																																																																																													79416964437631300	80512488937585400000	Wood	833	A																				77312776911851300	5320	MagicScrolls	900	A																				77312776911851300	5320	SoulCrystal2	1249	A																				77312776911851300	5320	EvilHoney	1295	A																				77312776911851300	7731277691185130000	63465371045912900000	Board	1456	A																				77312776911851300	2656364954649190000	SoulCrystal	2027	A																																																																																																																																																																																																																																						
																																																																																																																													86564491237018200	96614986725102500000	Wood	833	A																				84270926833917900	6118	MagicScrolls	900	A																				84270926833917900	6118	SoulCrystal2	1249	A																				84270926833917900	6118	EvilHoney	1295	A																				84270926833917900	8427092683391790000	74254484123718100000	Board	1456	A																				84270926833917900	3107946996939550000	SoulCrystal	2027	A																																																																																																																																																																																																																																						
																																																																																																																													94355295448349800	115937984070123000000	Wood	833	A																				91855310248970500	7036	MagicScrolls	900	A																				91855310248970500	7036	SoulCrystal2	1249	A																				91855310248970500	7036	EvilHoney	1384	A																				91855310248970500	9185531024897050000	86877746424750200000	Board	1456	A																				91855310248970500	3636297986419270000	SoulCrystal	2027	A																																																																																																																																																																																																																																						
																																																																																																																													102847272038701000	139125580884148000000	Wood	833	A																				100122288171378000	8091	MagicScrolls	900	A																				100122288171378000	8091	SoulCrystal2	1249	A																				100122288171378000	8091	EvilHoney	1384	A																				100122288171378000	10012228817137800000	101646963316958000000	Board	1456	A																				100122288171378000	4254468644110550000	SoulCrystal	2027	A																																																																																																																																																																																																																																						
																																																																																																																													112103526522184000	166950697060977000000	Wood	833	A																				109133294106802000	9305	MagicScrolls	900	A																				109133294106802000	9305	SoulCrystal2	1249	A																				109133294106802000	9305	EvilHoney	1384	A																				109133294106802000	10913329410680200000	118926947080840000000	Board	1456	A																				109133294106802000	4977728313609340000	SoulCrystal	2027	A																																																																																																																																																																																																																																						
																																																																																																																													122192843909181000	200340836473173000000	Wood	833	A																				118955290576414000	10701	MagicScrolls	900	A																				118955290576414000	10701	SoulCrystal2	1249	A																				118955290576414000	10701	EvilHoney	1384	A																				118955290576414000	11895529057641400000	139144528084583000000	Board	1456	A																				118955290576414000	5823942126922930000	SoulCrystal	2027	A																																																																																																																																																																																																																																						
																																																																																																																													133190199861007000	240409003767807000000	Wood	833	A																				129661266728291000	12306	MagicScrolls	900	A																				129661266728291000	12306	SoulCrystal2	1249	A																				129661266728291000	12306	EvilHoney	1384	A																				129661266728291000	12966126672829100000	162799097858962000000	Board	1456	A																				129661266728291000	6814012288499830000	SoulCrystal	2027	A																																																																																																																																																																																																																																						
																																																																																																																													145177317848498000	288490804521369000000	Wood	833	A																				141330780733838000	14151	MagicScrolls	900	A																				141330780733838000	14151	SoulCrystal2	1249	A																				141330780733838000	14151	EvilHoney	1384	A																				141330780733838000	14133078073383800000	190474944494986000000	Board	1456	A																				141330780733838000	7972394377544800000	SoulCrystal	2027	A																																																																																																																																																																																																																																						
																																																																																																																													158243276454863000	346188965425642000000	Wood	833	A																				154050550999883000	16274	MagicScrolls	900	A																				154050550999883000	16274	SoulCrystal2	1249	A																				154050550999883000	16274	EvilHoney	1384	A																				154050550999883000	15405055099988300000	222855685059134000000	Board	1456	A																				154050550999883000	9327701421727410000	SoulCrystal	2027	A																																																																																																																																																																																																																																						
																																																																																																																													172485171335800000	415426758510771000000	Wood	833	A																				167915100589872000	18715	MagicScrolls	900	A																				167915100589872000	18715	SoulCrystal2	1249	A																				167915100589872000	18715	EvilHoney	1384	A																				167915100589872000	16791510058987200000	260741151519186000000	Board	1456	A																				167915100589872000	10913410663421100000	SoulCrystal	2027	A																																																																																																																																																																																																																																						
																																																																																																																													188008836756023000	498512110212925000000	Wood	833	A																				183027459642961000	21523	MagicScrolls	900	A																				183027459642961000	21523	SoulCrystal2	1249	A																				183027459642961000	21523	EvilHoney	1384	A																				183027459642961000	18302745964296100000	305067147277448000000	Board	1456	A																				183027459642961000	12768690476202700000	SoulCrystal	2027	A																																																																																																																																																																																																																																						
																																																																																																																													204929632064065000	598214532255510000000	Wood	833	A																				199499931010827000	24751	MagicScrolls	900	A																				199499931010827000	24751	SoulCrystal2	1249	A																				199499931010827000	24751	EvilHoney	1384	A																				199499931010827000	19949993101082700000	356928562314614000000	Board	1456	A																				199499931010827000	14939367857157100000	SoulCrystal	2027	A																																																																																																																																																																																																																																						
																																																																																																																													223373298949830000	717857438706612000000	Wood	833	A																				217454924801802000	28464	MagicScrolls	900	A																				217454924801802000	28464	SoulCrystal2	1249	A																				217454924801802000	28464	EvilHoney	1384	A																				217454924801802000	21745492480180200000	417606417908099000000	Board	1456	A																				217454924801802000	17479060392873800000	SoulCrystal	2027	A																																																																																																																																																																																																																																						
																																																																																																																													486953791710630000	861428926447934000000	Wood	1077	A																				474051736067928000	32733	MagicScrolls	1163	A																				474051736067928000	32733	SoulCrystal2	1295	A																				474051736067928000	32733	EvilHoney	1405	A																				474051736067928000	47405173606792800000	488599508952475000000	Board	1862	A																				474051736067928000	20450500659662400000	SoulCrystal	2027	A																																																																																																																																																																																																																																						
																																																																																																																													530779632964587000	1033714711737520000000	Wood	1077	A																				516716392314042000	37643	MagicScrolls	1163	A																				516716392314042000	37643	SoulCrystal2	1295	A																				516716392314042000	37643	EvilHoney	1405	A																				516716392314042000	51671639231404200000	571661425474396000000	Board	1862	A																					Infinity																																																																																																																																																																																																																																									
																																																																																																																													578549799931400000	1240457654085020000000	Wood	1077	A																				563220867622305000	43289	MagicScrolls	1163	A																				563220867622305000	43289	SoulCrystal2	1295	A																				563220867622305000	43289	EvilHoney	1405	A																				563220867622305000	56322086762230600000	668843867805044000000	Board	1862	A																																																																																																																																																																																																																																																														
																																																																																																																													630619281925226000	1488549184902030000000	Wood	1077	A																				613910745708313000	49783	MagicScrolls	1163	A																				613910745708313000	49783	SoulCrystal2	1295	A																				613910745708313000	49783	EvilHoney	1405	A																				613910745708313000	61391074570831300000	782547325331901000000	Board	1862	A																																																																																																																																																																																																																																																														
																																																																																																																													687375017298497000	1786259021882440000000	Wood	1077	A																				669162712822061000	57250	MagicScrolls	1163	A																				669162712822061000	57250	SoulCrystal2	1295	A																				669162712822061000	57250	EvilHoney	1405	A																				669162712822061000	66916271282206100000	915580370638324000000	Board	1862	A																																																																																																																																																																																																																																																														
																																																																																																																													749238768855361000	2143510826258920000000	Wood	1077	A																				729387356976047000	65838	MagicScrolls	1163	A																				729387356976047000	65838	SoulCrystal2	1295	A																				729387356976047000	65838	EvilHoney	1405	A																				729387356976047000	72938735697604700000	1071229033646840000000	Board	1862	A																																																																																																																																																																																																																																																														
																																																																																																																													816670258052344000	2572212991510710000000	Wood	1077	A																				795032219103891000	75714	MagicScrolls	1163	A																				795032219103891000	75714	SoulCrystal2	1295	A																				795032219103891000	75714	EvilHoney	1405	A																				795032219103891000	79503221910389100000	1253337969366800000000	Board	1862	A																																																																																																																																																																																																																																																														
																																																																																																																													890170581277055000	3086655589812850000000	Wood	1077	A																				866585118823241000	87071	MagicScrolls	1163	A																				866585118823241000	87071	SoulCrystal2	1295	A																				866585118823241000	87071	EvilHoney	1405	A																				866585118823241000	86658511882324200000	1466405424159160000000	Board	1862	A																																																																																																																																																																																																																																																														
																																																																																																																													970285933591990000	3703986707775420000000	Wood	1077	A																				944577779517333000	100131	MagicScrolls	1163	A																				944577779517333000	100131	SoulCrystal2	1295	A																				944577779517333000	100131	EvilHoney	1405	A																				944577779517333000	94457777951733400000	1715694346266210000000	Board	1862	A																																																																																																																																																																																																																																																														
																																																																																																																													1057611667615270000	4444784049330500000000	Wood	1077	A																				1029589779673890000	115151	MagicScrolls	1249	A																				1029589779673890000	115151	SoulCrystal2	1295	A																				1029589779673890000	115151	EvilHoney	1405	A																				1029589779673890000	102958977967389000000	2007362385131470000000	Board	1972	A																																																																																																																																																																																																																																																														
																																																																																																																													1152796717700640000	5333740859196600000000	Wood	1077	A																				1122252859844540000	2000	SoulCrystal2	1249	A																				1122252859844540000	2000	EvilHoney	1295	A																				1122252859844540000	2000	Mushroom2	1405	A																				1122252859844540000	112225285984454000000	2348613990603820000000	Board	1972	A																																																																																																																																																																																																																																																														
																																																																																																																													1256548422293700000	6400489031035920000000	Wood	1077	A																				1223255617230550000	2300	SoulCrystal2	1249	A																				1223255617230550000	2300	EvilHoney	1295	A																				1223255617230550000	2300	Mushroom2	1405	A																				1223255617230550000	122325561723055000000	2747878369006470000000	Board	1972	A																																																																																																																																																																																																																																																														
																																																																																																																													1369637780300130000	7680586837243100000000	Wood	1077	A																				1333348622781300000	2645	SoulCrystal2	1249	A																				1333348622781300000	2645	EvilHoney	1295	A																				1333348622781300000	2645	Mushroom2	1405	A																				1333348622781300000	133334862278130000000	3215017691737570000000	Board	1972	A																																																																																																																																																																																																																																																														
																																																																																																																													1492905180527150000	9216704204691720000000	Wood	1077	A																				1453349998831620000	3042	SoulCrystal2	1249	A																				1453349998831620000	3042	EvilHoney	1295	A																				1453349998831620000	3042	Mushroom2	1405	A																				1453349998831620000	145334999883162000000	3761570699332960000000	Board	1972	A																																																																																																																																																																																																																																																														
																																																																																																																													1627266646774590000	11060045045630100000000	Wood	1077	A																				1584151498726470000	3498	SoulCrystal2	1249	A																				1584151498726470000	3498	EvilHoney	1295	A																				1584151498726470000	3498	Mushroom2	1405	A																				1584151498726470000	158415149872647000000	4401037718219560000000	Board	1972	A																																																																																																																																																																																																																																																														
																																																																																																																													1773720644984300000	13272054054756100000000	Wood	1077	A																				1726725133611850000	4023	SoulCrystal2	1249	A																				1726725133611850000	4023	EvilHoney	1295	A																				1726725133611850000	4023	Mushroom2	1405	A																				1726725133611850000	172672513361185000000	5149214130316880000000	Board	1972	A																																																																																																																																																																																																																																																														
																																																																																																																													1933355503032890000	15926464865707300000000	Wood	1077	A																				1882130395636910000	4626	SoulCrystal2	1249	A																				1882130395636910000	4626	EvilHoney	1295	A																				1882130395636910000	4626	Mushroom2	1405	A																				1882130395636910000	188213039563692000000	6024580532470750000000	Board	1972	A																																																																																																																																																																																																																																																														
																																																																																																																													2107357498305850000	19111757838848800000000	Wood	1077	A																				2051522131244240000	5320	SoulCrystal2	1249	A																				2051522131244240000	5320	EvilHoney	1295	A																				2051522131244240000	5320	Mushroom2	1405	A																				2051522131244240000	205152213124424000000	7048759222990780000000	Board	1972	A																																																																																																																																																																																																																																																														
																																																																																																																													2297019673153380000	22934109406618500000000	Wood	1077	A																				2236159123056220000	6118	SoulCrystal2	1249	A																				2236159123056220000	6118	EvilHoney	1295	A																				2236159123056220000	6118	Mushroom2	1405	A																				2236159123056220000	223615912305622000000	8247048290899210000000	Board	1972	A																																																																																																																																																																																																																																																														
																																																																																																																													2503751443737180000	27520931287942200000000	Wood	1077	A																				2437413444131280000	7036	SoulCrystal2	1249	A																				2437413444131280000	7036	EvilHoney	1384	A																				2437413444131280000	7036	Mushroom2	1405	A																				2437413444131280000	243741344413128000000	9649046500352080000000	Board	1972	A																																																																																																																																																																																																																																																														
																																																																																																																													2729089073673530000	33025117545530700000000	Wood	1163	A																				2656780654103090000	8091	SoulCrystal2	1249	A																				2656780654103090000	8091	EvilHoney	1384	A																				2656780654103090000	8091	Mushroom2	1405	A																				2656780654103090000	265678065410309000000	11289384405411900000000	Board	1972	A																																																																																																																																																																																																																																																														
																																																																																																																													2974707090304150000	39630141054636800000000	Wood	1163	A																				2895890912972370000	9305	SoulCrystal2	1249	A																				2895890912972370000	9305	EvilHoney	1384	A																				2895890912972370000	9305	Mushroom2	1405	A																				2895890912972370000	289589091297237000000	13208579754332000000000	Board	1972	A																																																																																																																																																																																																																																																														
																																																																																																																													3242430728431520000	47556169265564100000000	Wood	1163	A																				3156521095139880000	10701	SoulCrystal2	1249	A																				3156521095139880000	10701	EvilHoney	1384	A																				3156521095139880000	10701	Mushroom2	1405	A																				3156521095139880000	315652109513989000000	15454038312568400000000	Board	1972	A																																																																																																																																																																																																																																																														
																																																																																																																													3534249493990360000	57067403118677000000000	Wood	1163	A																				3440607993702470000	12306	SoulCrystal2	1249	A																				3440607993702470000	12306	EvilHoney	1384	A																				3440607993702470000	12306	Mushroom2	1405	A																				3440607993702470000	344060799370248000000	18081224825705000000000	Board	1972	A																																																																																																																																																																																																																																																														
																																																																																																																													3852331948449490000	68480883742412400000000	Wood	1163	A																				3750262713135700000	14151	SoulCrystal2	1249	A																				3750262713135700000	14151	EvilHoney	1384	A																				3750262713135700000	14151	Mushroom2	1405	A																				3750262713135700000	375026271313570000000	21155033046074900000000	Board	1972	A																																																																																																																																																																																																																																																														
																																																																																																																													4199041823809950000	82177060490894800000000	Wood	1163	A																				4087786357317910000	16274	SoulCrystal2	1249	A																				4087786357317910000	16274	EvilHoney	1384	A																				4087786357317910000	16274	Mushroom2	1405	A																				4087786357317910000	408778635731791000000	24751388663907600000000	Board	1972	A																																																																																																																																																																																																																																																														
																																																																																																																													4576955587952840000	98612472589073800000000	Wood	1163	A																				4455687129476520000	18715	SoulCrystal2	1249	A																				4455687129476520000	18715	EvilHoney	1384	A																				4455687129476520000	18715	Mushroom2	1405	A																				4455687129476520000	445568712947653000000	28959124736771900000000	Board	1972	A																																																																																																																																																																																																																																																														
																																																																																																																													4988881590868600000	118334967106889000000000	Wood	1163	A																				4856698971129410000	21523	SoulCrystal2	1249	A																				4856698971129410000	21523	EvilHoney	1384	A																				4856698971129410000	21523	Mushroom2	1405	A																				4856698971129410000	485669897112941000000	33882175942023100000000	Board	1972	A																																																																																																																																																																																																																																																														
																																																																																																																													5437880934046770000	142001960528266000000000	Wood	1163	A																				5293801878531060000	24751	SoulCrystal2	1249	A																				5293801878531060000	24751	EvilHoney	1384	A																				5293801878531060000	24751	Mushroom2	1405	A																				5293801878531060000	529380187853106000000	39642145852167000000000	Board	1972	A																																																																																																																																																																																																																																																														
																																																																																																																													5927290218110980000	170402352633920000000000	Wood	1163	A																				5770244047598850000	28464	SoulCrystal2	1249	A																				5770244047598850000	28464	EvilHoney	1384	A																				5770244047598850000	28464	Mushroom2	1496	A																				5770244047598850000	577024404759886000000	46381310647035400000000	Board	1972	A																																																																																																																																																																																																																																																														
																																																																																																																													12921492675481900000	204482823160703000000000	Wood	1205	A																				12579132023765500000	32733	SoulCrystal2	1295	A																				12579132023765500000	32733	EvilHoney	1405	A																				12579132023765500000	32733	Mushroom2	1413	A																				12579132023765500000	1257913202376550000000	54266133457031500000000	Board	1972	A																																																																																																																																																																																																																																																														
																																																																																																																													14084427016275300000	245379387792844000000000	Wood	1205	A																				13711253905904400000	37643	SoulCrystal2	1295	A																				13711253905904400000	37643	EvilHoney	1405	A																				13711253905904400000	37643	Mushroom2	1413	A																						Infinity																																																																																																																																																																																																																																																																	
																																																																																																																													15352025447740100000	294455265351413000000000	Wood	1205	A																				14945266757435800000	43289	SoulCrystal2	1295	A																				14945266757435800000	43289	EvilHoney	1405	A																				14945266757435800000	43289	Mushroom2	1413	A																																																																																																																																																																																																																																																																																							
																																																																																																																													16733707738036700000	353346318421695000000000	Wood	1205	A																				16290340765605000000	49783	SoulCrystal2	1295	A																				16290340765605000000	49783	EvilHoney	1405	A																				16290340765605000000	49783	Mushroom2	1413	A																																																																																																																																																																																																																																																																																							
																																																																																																																													18239741434460000000	424015582106035000000000	Wood	1205	A																				17756471434509500000	57250	SoulCrystal2	1295	A																				17756471434509500000	57250	EvilHoney	1405	A																				17756471434509500000	57250	Mushroom2	1413	A																																																																																																																																																																																																																																																																																							
																																																																																																																													19881318163561400000	508818698527241000000000	Wood	1205	A																				19354553863615300000	65838	SoulCrystal2	1295	A																				19354553863615300000	65838	EvilHoney	1405	A																				19354553863615300000	65838	Mushroom2	1413	A																																																																																																																																																																																																																																																																																							
																																																																																																																													21670636798281900000	610582438232690000000000	Wood	1205	A																				21096463711340700000	75714	SoulCrystal2	1295	A																				21096463711340700000	75714	EvilHoney	1405	A																				21096463711340700000	75714	Mushroom2	1413	A																																																																																																																																																																																																																																																																																							
																																																																																																																													23620994110127300000	732698925879228000000000	Wood	1205	A																				22995145445361400000	87071	SoulCrystal2	1295	A																				22995145445361400000	87071	EvilHoney	1405	A																				22995145445361400000	87071	Mushroom2	1413	A																																																																																																																																																																																																																																																																																							
																																																																																																																													25746883580038800000	879238711055073000000000	Wood	1205	A																				25064708535443900000	100131	SoulCrystal2	1295	A																				25064708535443900000	100131	EvilHoney	1405	A																				25064708535443900000	100131	Mushroom2	1413	A																																																																																																																																																																																																																																																																																							
																																																																																																																													28064103102242300000	1055086453266090000000000	Wood	1205	A																				27320532303633800000	115151	SoulCrystal2	1295	A																				27320532303633800000	115151	EvilHoney	1405	A																				27320532303633800000	115151	Mushroom2	1413	A																																																																																																																																																																																																																																																																																							
																																																																																																																													30589872381444100000	1266103743919300000000000	Wood	1205	A																				29779380210960900000	2000	EvilHoney	1295	A																				29779380210960900000	2000	Mushroom2	1405	A																				29779380210960900000	148896901054804000000	Book	1413	A																																																																																																																																																																																																																																																																																							
																																																																																																																													33342960895774100000	1519324492703170000000000	Wood	1205	A																				32459524429947400000	2300	EvilHoney	1295	A																				32459524429947400000	2300	Mushroom2	1405	A																				32459524429947400000	174209374234121000000	Book	1413	A																																																																																																																																																																																																																																																																																							
																																																																																																																													36343827376393700000	1823189391243800000000000	Wood	1205	A																				35380881628642600000	2645	EvilHoney	1295	A																				35380881628642600000	2645	Mushroom2	1405	A																				35380881628642600000	203824967853922000000	Book	1413	A																																																																																																																																																																																																																																																																																							
																																																																																																																													39614771840269200000	2187827269492560000000000	Wood	1205	A																				38565160975220500000	3042	EvilHoney	1295	A																				38565160975220500000	3042	Mushroom2	1405	A																				38565160975220500000	238475212389089000000	Book	1413	A																																																																																																																																																																																																																																																																																							
																																																																																																																													43180101305893400000	2625392723391070000000000	Wood	1205	A																				42036025462990300000	3498	EvilHoney	1295	A																				42036025462990300000	3498	Mushroom2	1405	A																				42036025462990300000	279015998495234000000	Book	1413	A																																																																																																																																																																																																																																																																																							
																																																																																																																													47066310423423800000	3150471268069280000000000	Wood	1205	A																				45819267754659500000	4023	EvilHoney	1295	A																				45819267754659500000	4023	Mushroom2	1405	A																				45819267754659500000	326448718239423000000	Book	1413	A																																																																																																																																																																																																																																																																																							
																																																																																																																													51302278361531900000	3780565521683140000000000	Wood	1205	A																				49943001852578800000	4626	EvilHoney	1295	A																				49943001852578800000	4626	Mushroom2	1405	A																				49943001852578800000	381945000340125000000	Book	1413	A																																																																																																																																																																																																																																																																																							
																																																																																																																													55919483414069800000	4536678626019770000000000	Wood	1205	A																				54437872019310900000	5320	EvilHoney	1295	A																				54437872019310900000	5320	Mushroom2	1405	A																				54437872019310900000	446875650397946000000	Book	1413	A																																																																																																																																																																																																																																																																																							
																																																																																																																													60952236921336100000	5444014351223720000000000	Wood	1205	A																				59337280501048900000	6118	EvilHoney	1295	A																				59337280501048900000	6118	Mushroom2	1405	A																				59337280501048900000	522844510965597000000	Book	1413	A																																																																																																																																																																																																																																																																																							
																																																																																																																													66437938244256400000	6532817221468470000000000	Wood	1205	A																				64677635746143300000	7036	EvilHoney	1384	A																				64677635746143300000	7036	Mushroom2	1405	A																				64677635746143300000	611728077829749000000	Book	1413	A																																																																																																																																																																																																																																																																																							
																																																																																																																													72417352686239400000	7839380665762160000000000	Wood	1205	A																				70498622963296200000	8091	EvilHoney	1384	A																				70498622963296200000	8091	Mushroom2	1405	A																				70498622963296200000	715721851060806000000	Book	1413	A																																																																																																																																																																																																																																																																																							
																																																																																																																													78934914428001000000	9407256798914590000000000	Wood	1205	A																				76843499029992900000	9305	EvilHoney	1384	A																				76843499029992900000	9305	Mushroom2	1405	A																				76843499029992900000	837394565741143000000	Book	1413	A																																																																																																																																																																																																																																																																																							
																																																																																																																													86039056726521100000	11288708158697500000000000	Wood	1205	A																				83759413942692200000	10701	EvilHoney	1384	A																				83759413942692200000	10701	Mushroom2	1405	A																				83759413942692200000	979751641917137000000	Book	1413	A																																																																																																																																																																																																																																																																																							
																																																																																																																													93782571831908000000	13546449790437000000000000	Wood	1205	A																				91297761197534600000	12306	EvilHoney	1384	A																				91297761197534600000	12306	Mushroom2	1405	A																				91297761197534600000	1146309421043050000000	Book	1413	A																																																																																																																																																																																																																																																																																							
																																																																																																																													102223003296780000000	16255739748524400000000000	Wood	1205	A																				99514559705312700000	14151	EvilHoney	1384	A																				99514559705312700000	14151	Mushroom2	1405	A																				99514559705312700000	1341182022620370000000	Book	1413	A																																																																																																																																																																																																																																																																																							
																																																																																																																													111423073593490000000	19506887698229300000000000	Wood	1205	A																				108470870078791000000	16274	EvilHoney	1384	A																				108470870078791000000	16274	Mushroom2	1405	A																				108470870078791000000	1569182966465830000000	Book	1413	A																																																																																																																																																																																																																																																																																							
																																																																																																																													121451150216904000000	23408265237875200000000000	Wood	1205	A																				118233248385882000000	18715	EvilHoney	1384	A																				118233248385882000000	18715	Mushroom2	1405	A																				118233248385882000000	1835944070765020000000	Book	1413	A																																																																																																																																																																																																																																																																																							
																																																																																																																													132381753736425000000	28089918285450200000000000	Wood	1205	A																				128874240740611000000	21523	EvilHoney	1384	A																				128874240740611000000	21523	Mushroom2	1405	A																				128874240740611000000	2148054562795080000000	Book	1413	A																																																																																																																																																																																																																																																																																							
																																																																																																																													144296111572704000000	33707901942540200000000000	Wood	1205	A																				140472922407266000000	24751	EvilHoney	1384	A																				140472922407266000000	24751	Mushroom2	1405	A																				140472922407266000000	2513223838470240000000	Book	1413	A																																																																																																																																																																																																																																																																																							
																																																																																																																													157282761614247000000	40449482331048300000000000	Wood	1205	A																				153115485423920000000	28464	EvilHoney	1384	A																				153115485423920000000	28464	Mushroom2	1496	A																				153115485423920000000	2940471891010180000000	Book	1413	A																																																																																																																																																																																																																																																																																							
																																																																																																																													342876420319058000000	48539378797257900000000000	Wood	1314	A																				333791758224147000000	32733	EvilHoney	1405	A																				333791758224147000000	32733	Mushroom2	1413	A																				333791758224147000000	3440352112481910000000	Book	1808	A																																																																																																																																																																																																																																																																																							
																																																																																																																													373735298147774000000	58247254556709500000000000	Wood	1314	A																				363833016464320000000	37643	EvilHoney	1405	A																				363833016464320000000	37643	Mushroom2	1413	A																				363833016464320000000	4025211971603840000000	Book	1808	A																																																																																																																																																																																																																																																																																							
																																																																																																																													407371474981073000000	69896705468051400000000000	Wood	1314	A																				396577987946109000000	43289	EvilHoney	1405	A																				396577987946109000000	43289	Mushroom2	1413	A																				396577987946109000000	4709498006776490000000	Book	1808	A																																																																																																																																																																																																																																																																																							
																																																																																																																													444034907729370000000	83876046561661700000000000	Wood	1314	A																				432270006861258000000	49783	EvilHoney	1405	A																				432270006861258000000	49783	Mushroom2	1413	A																				432270006861258000000	5510112667928490000000	Book	1808	A																																																																																																																																																																																																																																																																																							
																																																																																																																													483998049425013000000	100651255873994000000000000	Wood	1314	A																				471174307478772000000	57250	EvilHoney	1405	A																				471174307478772000000	57250	Mushroom2	1413	A																				471174307478772000000	6446831821476330000000	Book	1808	A																																																																																																																																																																																																																																																																																							
																																																																																																																													527557873873265000000	120781507048793000000000000	Wood	1314	A																				513579995151861000000	65838	EvilHoney	1405	A																				513579995151861000000	65838	Mushroom2	1413	A																				513579995151861000000	7542793231127310000000	Book	1808	A																																																																																																																																																																																																																																																																																							
																																																																																																																													575038082521859000000	144937808458551000000000000	Wood	1314	A																				559802194715529000000	75714	EvilHoney	1405	A																				559802194715529000000	75714	Mushroom2	1413	A																				559802194715529000000	8825068080418950000000	Book	1808	A																																																																																																																																																																																																																																																																																							
																																																																																																																													626791509948826000000	173925370150262000000000000	Wood	1314	A																				610184392239926000000	87071	EvilHoney	1405	A																				610184392239926000000	87071	Mushroom2	1413	A																				610184392239926000000	10325329654090200000000	Book	1808	A																																																																																																																																																																																																																																																																																							
																																																																																																																													683202745844220000000	208710444180314000000000000	Wood	1314	A																				665100987541520000000	100131	EvilHoney	1405	A																				665100987541520000000	100131	Mushroom2	1413	A																				665100987541520000000	12080635695285500000000	Book	1808	A																																																																																																																																																																																																																																																																																							
																																																																																																																													744690992970200000000	250452533016377000000000000	Wood	1314	A																				724960076420257000000	115151	EvilHoney	1405	A																				724960076420257000000	115151	Mushroom2	1413	A																				724960076420257000000	14134343763484000000000	Book	1917	A																																																																																																																																																																																																																																																																																							
																																																																																																																													811713182337518000000	300543039619652000000000000	Wood	1314	A																				790206483298080000000	2000	Mushroom2	1405	A																				790206483298080000000	3951032416490400000000	Potion	1413	A																				790206483298080000000	16537182203276300000000	Book	1917	A																																																																																																																																																																																																																																																																																							
																																																																																																																													884767368747895000000	360651647543582000000000000	Wood	1314	A																				861325066794907000000	2300	Mushroom2	1405	A																				861325066794907000000	4622707927293770000000	Potion	1413	A																				861325066794907000000	19348503177833300000000	Book	1917	A																																																																																																																																																																																																																																																																																							
																																																																																																																													964396431935205000000	432781977052299000000000000	Wood	1314	A																				938844322806449000000	2645	Mushroom2	1405	A																				938844322806449000000	5408568274933710000000	Potion	1413	A																				938844322806449000000	22637748718065000000000	Book	1917	A																																																																																																																																																																																																																																																																																							
																																																																																																																													1051192110809370000000	519338372462759000000000000	Wood	1314	A																				1023340311859030000000	3042	Mushroom2	1405	A																				1023340311859030000000	6328024881672440000000	Potion	1413	A																				1023340311859030000000	26486166000136000000000	Book	1917	A																																																																																																																																																																																																																																																																																							
																																																																																																																													1145799400782220000000	623206046955310000000000000	Wood	1314	A																				1115440939926340000000	3498	Mushroom2	1405	A																				1115440939926340000000	7403789111556750000000	Potion	1413	A																				1115440939926340000000	30988814220159100000000	Book	1917	A																																																																																																																																																																																																																																																																																							
																																																																																																																													1248921346852620000000	747847256346373000000000000	Wood	1314	A																				1215830624519710000000	4023	Mushroom2	1405	A																				1215830624519710000000	8662433260521400000000	Potion	1413	A																				1215830624519710000000	36256912637586200000000	Book	1917	A																																																																																																																																																																																																																																																																																							
																																																																																																																													1361324268069350000000	897416707615647000000000000	Wood	1314	A																				1325255380726490000000	4626	Mushroom2	1405	A																				1325255380726490000000	10135046914810000000000	Potion	1413	A																				1325255380726490000000	42420587785975800000000	Book	1917	A																																																																																																																																																																																																																																																																																							
																																																																																																																													1483843452195600000000	1076900049138780000000000000	Wood	1314	A																				1444528364991870000000	5320	Mushroom2	1405	A																				1444528364991870000000	11858004890327700000000	Potion	1413	A																				1444528364991870000000	49632087709591700000000	Book	1917	A																																																																																																																																																																																																																																																																																							
																																																																																																																													1617389362893200000000	1292280058966530000000000000	Wood	1314	A																				1574535917841140000000	6118	Mushroom2	1405	A																				1574535917841140000000	13873865721683500000000	Potion	1413	A																				1574535917841140000000	58069542620222300000000	Book	1917	A																																																																																																																																																																																																																																																																																							
																																																																																																																													1762954405553590000000	1550736070759840000000000000	Wood	1314	A																				1716244150446840000000	7036	Mushroom2	1405	A																				1716244150446840000000	16232422894369600000000	Potion	1413	A																				1716244150446840000000	67941364865660000000000	Book	1917	A																																																																																																																																																																																																																																																																																							
																																																																																																																													1921620302053410000000	1860883284911810000000000000	Wood	1314	A																				1870706123987060000000	8091	Mushroom2	1405	A																				1870706123987060000000	18991934786412500000000	Potion	1413	A																				1870706123987060000000	79491396892822300000000	Book	1917	A																																																																																																																																																																																																																																																																																							
																																																																																																																													2094566129238220000000	2233059941894170000000000000	Wood	1314	A																				2039069675145890000000	9305	Mushroom2	1405	A																				2039069675145890000000	22220563700102600000000	Potion	1413	A																				2039069675145890000000	93004934364602000000000	Book	1917	A																																																																																																																																																																																																																																																																																							
																																																																																																																													2283077080869660000000	2679671930273000000000000000	Wood	1314	A																				2222585945909020000000	10701	Mushroom2	1405	A																				2222585945909020000000	25998059529120000000000	Potion	1413	A																				2222585945909020000000	108815773206584000000000	Book	1917	A																																																																																																																																																																																																																																																																																							
																																																																																																																													2488554018147930000000	3215606316327600000000000000	Wood	1314	A																				2422618681040840000000	12306	Mushroom2	1405	A																				2422618681040840000000	30417729649070400000000	Potion	1413	A																				2422618681040840000000	127314454651704000000000	Book	1917	A																																																																																																																																																																																																																																																																																							
																																																																																																																													2712523879781240000000	3858727579593120000000000000	Wood	1314	A																				2640654362334510000000	14151	Mushroom2	1405	A																				2640654362334510000000	35588743689412400000000	Potion	1413	A																				2640654362334510000000	148957911942493000000000	Book	1917	A																																																																																																																																																																																																																																																																																							
																																																																																																																													2956651028961550000000	4630473095511740000000000000	Wood	1314	A																				2878313254944620000000	16274	Mushroom2	1405	A																				2878313254944620000000	41638830116612500000000	Potion	1413	A																				2878313254944620000000	174280756972717000000000	Book	1917	A																																																																																																																																																																																																																																																																																							
																																																																																																																													3222749621568090000000	5556567714614090000000000000	Wood	1314	A																				3137361447889630000000	18715	Mushroom2	1405	A																				3137361447889630000000	48717431236436700000000	Potion	1413	A																				3137361447889630000000	203908485658079000000000	Book	1917	A																																																																																																																																																																																																																																																																																							
																																																																																																																													3512797087509220000000	6667881257536910000000000000	Wood	1314	A																				3419723978199700000000	21523	Mushroom2	1405	A																				3419723978199700000000	56999394546630900000000	Potion	1413	A																				3419723978199700000000	238572928219953000000000	Book	1917	A																																																																																																																																																																																																																																																																																							
																																																																																																																													3828948825385050000000	8001457509044290000000000000	Wood	1314	A																				3727499136237670000000	24751	Mushroom2	1405	A																				3727499136237670000000	66689291619558100000000	Potion	1413	A																				3727499136237670000000	279130326017344000000000	Book	1917	A																																																																																																																																																																																																																																																																																							
																																																																																																																													4173554219669700000000	9601749010853150000000000000	Wood	1314	A																				4062974058499070000000	28464	Mushroom2	1496	A																				4062974058499070000000	78026471194883000000000	Potion	1413	A																				4062974058499070000000	326582481440293000000000	Book	1917	A																																																																																																																																																																																																																																																																																							
																																																																																																																													9098348198879960000000	11522098813023800000000000000	Wood	1241	A																				8857283447527960000000	32733	Mushroom2	1413	A																				8857283447527960000000	91290971298013100000000	Potion	1808	A																				8857283447527960000000	382101503285143000000000	Book	1917	A																																																																																																																																																																																																																																																																																							
																																																																																																																													9917199536779150000000	13826518575628500000000000000	Wood	1241	A																				9654438957805480000000	37643	Mushroom2	1413	A																				9654438957805480000000	106810436418675000000000	Potion	1808	A																					Infinity																																																																																																																																																																																																																																																																																										
																																																																																																																													10809747495089300000000	16591822290754200000000000000	Wood	1241	A																				10523338464008000000000	43289	Mushroom2	1413	A																				10523338464008000000000	124968210609850000000000	Potion	1808	A																																																																																																																																																																																																																																																																																																															
																																																																																																																													11782624769647300000000	19910186748905100000000000000	Wood	1241	A																				11470438925768700000000	49783	Mushroom2	1413	A																				11470438925768700000000	146212806413525000000000	Potion	1808	A																																																																																																																																																																																																																																																																																																															
																																																																																																																													12843060998915600000000	23892224098686100000000000000	Wood	1241	A																				12502778429087900000000	57250	Mushroom2	1413	A																				12502778429087900000000	171068983503824000000000	Potion	1808	A																																																																																																																																																																																																																																																																																																															
																																																																																																																													13998936488818000000000	28670668918423300000000000000	Wood	1241	A																				13628028487705800000000	65838	Mushroom2	1413	A																				13628028487705800000000	200150710699474000000000	Potion	1808	A																																																																																																																																																																																																																																																																																																															
																																																																																																																													15258840772811600000000	34404802702108000000000000000	Wood	1241	A																				14854551051599300000000	75714	Mushroom2	1413	A																				14854551051599300000000	234176331518384000000000	Potion	1808	A																																																																																																																																																																																																																																																																																																															
																																																																																																																													16632136442364600000000	41285763242529600000000000000	Wood	1241	A																				16191460646243200000000	87071	Mushroom2	1413	A																				16191460646243200000000	273986307876510000000000	Potion	1808	A																																																																																																																																																																																																																																																																																																															
																																																																																																																													18129028722177500000000	49542915891035500000000000000	Wood	1241	A																				17648692104405100000000	100131	Mushroom2	1413	A																				17648692104405100000000	320563980215516000000000	Potion	1808	A																																																																																																																																																																																																																																																																																																															
																																																																																																																													19760641307173400000000	59451499069242600000000000000	Wood	1241	A																				19237074393801600000000	115151	Mushroom2	1413	A																				19237074393801600000000	375059856852154000000000	Potion	1917	A																																																																																																																																																																																																																																																																																																															
																																																																																																																													21539099024819000000000	71341798883091100000000000000	Wood	1327	A																				20968411089243800000000	104842055446219000000000	Stone	1413	A																				20968411089243800000000	438820032517020000000000	Potion	1917	A																																																																																																																																																																																																																																																																																																															
																																																																																																																													23477617937052700000000	85610158659709300000000000000	Wood	1327	A																				22855568087275700000000	122665204872076000000000	Stone	1413	A																				22855568087275700000000	513419438044914000000000	Potion	1917	A																																																																																																																																																																																																																																																																																																															
																																																																																																																													25590603551387500000000	102732190391651000000000000000	Wood	1327	A																				24912569215130500000000	143518289700329000000000	Stone	1413	A																				24912569215130500000000	600700742512549000000000	Potion	1917	A																																																																																																																																																																																																																																																																																																															
																																																																																																																													27893757871012400000000	123278628469981000000000000000	Wood	1327	A																				27154700444492200000000	167916398949385000000000	Stone	1413	A																				27154700444492200000000	702819868739683000000000	Potion	1917	A																																																																																																																																																																																																																																																																																																															
																																																																																																																													30404196079403500000000	147934354163978000000000000000	Wood	1327	A																				29598623484496600000000	196462186770780000000000	Stone	1413	A																				29598623484496600000000	822299246425429000000000	Potion	1917	A																																																																																																																																																																																																																																																																																																															
																																																																																																																													33140573726549800000000	177521224996773000000000000000	Wood	1327	A																				32262499598101200000000	229860758521813000000000	Stone	1413	A																				32262499598101200000000	962090118317751000000000	Potion	1917	A																																																																																																																																																																																																																																																																																																															
																																																																																																																													36123225361939300000000	213025469996128000000000000000	Wood	1327	A																				35166124561930400000000	268937087470521000000000	Stone	1413	A																				35166124561930400000000	1125645438431770000000000	Potion	1917	A																																																																																																																																																																																																																																																																																																															
																																																																																																																													39374315644513800000000	255630563995353000000000000000	Wood	1327	A																				38331075772504100000000	314656392340509000000000	Stone	1413	A																				38331075772504100000000	1317005162965170000000000	Potion	1917	A																																																																																																																																																																																																																																																																																																															
																																																																																																																													42918004052520100000000	306756676794424000000000000000	Wood	1327	A																				41780872592029500000000	368147979038396000000000	Stone	1413	A																				41780872592029500000000	1540896040669250000000000	Potion	1917	A																																																																																																																																																																																																																																																																																																															
																																																																																																																													46780624417246900000000	368108012153309000000000000000	Wood	1327	A																				45541151125312100000000	430733135474923000000000	Stone	1413	A																				45541151125312100000000	1802848367583020000000000	Potion	1917	A																																																																																																																																																																																																																																																																																																															
																																																																																																																													50990880614799100000000	441729614583971000000000000000	Wood	1327	A																				49639854726590200000000	503957768505660000000000	Stone	1413	A																				49639854726590200000000	2109332590072130000000000	Potion	1917	A																																																																																																																																																																																																																																																																																																															
																																																																																																																													55580059870131000000000	530075537500765000000000000000	Wood	1327	A																				54107441651983300000000	589630589151622000000000	Stone	1413	A																				54107441651983300000000	2467919130384400000000000	Potion	1917	A																																																																																																																																																																																																																																																																																																															
																																																																																																																													60582265258442800000000	636090645000918000000000000000	Wood	1327	A																				58977111400661800000000	689867789307398000000000	Stone	1413	A																				58977111400661800000000	2887465382549740000000000	Potion	1917	A																																																																																																																																																																																																																																																																																																															
																																																																																																																													66034669131702700000000	763308774001101000000000000000	Wood	1327	A																				64285051426721400000000	807145313489656000000000	Stone	1413	A																				64285051426721400000000	3378334497583200000000000	Potion	1917	A																																																																																																																																																																																																																																																																																																															
																																																																																																																													71977789353555900000000	915970528801321000000000000000	Wood	1327	A																				70070706055126300000000	944360016782897000000000	Stone	1413	A																				70070706055126300000000	3952651362172340000000000	Potion	1917	A																																																																																																																																																																																																																																																																																																															
																																																																																																																													78455790395376000000000	1099164634561590000000000000000	Wood	1327	A																				76377069600087700000000	1104901219635990000000000	Stone	1413	A																				76377069600087700000000	4624602093741640000000000	Potion	1917	A																																																																																																																																																																																																																																																																																																															
																																																																																																																													85516811530959800000000	1318997561473900000000000000000	Wood	1327	A																				83251005864095600000000	1292734426974110000000000	Stone	1413	A																				83251005864095600000000	5410784449677720000000000	Potion	1917	A																																																																																																																																																																																																																																																																																																															
																																																																																																																													93213324568746200000000	1582797073768680000000000000000	Wood	1327	A																				90743596391864200000000	1512499279559710000000000	Stone	1413	A																				90743596391864200000000	6330617806122930000000000	Potion	1917	A																																																																																																																																																																																																																																																																																																															
																																																																																																																													101602523779933000000000	1899356488522420000000000000000	Wood	1327	A																				98910520067132000000000	1769624157084860000000000	Stone	1413	A																				98910520067132000000000	7406822833163830000000000	Potion	1917	A																																																																																																																																																																																																																																																																																																															
																																																																																																																													110746750920127000000000	2279227786226900000000000000000	Wood	1327	A																				107812466873174000000000	2070460263789280000000000	Stone	1413	A																				107812466873174000000000	8665982714801680000000000	Potion	1917	A																																																																																																																																																																																																																																																																																																															
																																																																																																																													241427917005878000000000	2735073343472280000000000000000	Wood	1698	A																				235031177783519000000000	2422438508633460000000000	Stone	1808	A																				235031177783519000000000	10139199776318000000000000	Potion	1917	A																																																																																																																																																																																																																																																																																																															
																																																																																																																													263156429536407000000000	3282088012166740000000000000000	Wood	1698	A																				256183983784036000000000	2834253055101150000000000	Stone	1808	A																					Infinity																																																																																																																																																																																																																																																																																																																		
																																																																																																																													286840508194683000000000	3938505614600090000000000000000	Wood	1698	A																				279240542324599000000000	3316076074468340000000000	Stone	1808	A																																																																																																																																																																																																																																																																																																																																							
																																																																																																																													312656153932205000000000	4726206737520110000000000000000	Wood	1698	A																				304372191133813000000000	3879809007127960000000000	Stone	1808	A																																																																																																																																																																																																																																																																																																																																							
																																																																																																																													340795207786103000000000	5671448085024130000000000000000	Wood	1698	A																				331765688335856000000000	4539376538339710000000000	Stone	1808	A																																																																																																																																																																																																																																																																																																																																							
																																																																																																																													371466776486853000000000	6805737702028950000000000000000	Wood	1698	A																				361624600286083000000000	5311070549857460000000000	Stone	1808	A																																																																																																																																																																																																																																																																																																																																							
																																																																																																																													404898786370669000000000	8166885242434740000000000000000	Wood	1698	A																				394170814311831000000000	6213952543333230000000000	Stone	1808	A																																																																																																																																																																																																																																																																																																																																							
																																																																																																																													441339677144030000000000	9800262290921690000000000000000	Wood	1698	A																				429646187599896000000000	7270324475699880000000000	Stone	1808	A																																																																																																																																																																																																																																																																																																																																							
																																																																																																																													481060248086992000000000	11760314749106000000000000000000	Wood	1698	A																				468314344483887000000000	8506279636568860000000000	Stone	1808	A																																																																																																																																																																																																																																																																																																																																							
																																																																																																																													524355670414822000000000	14112377698927200000000000000000	Wood	1698	A																				510462635487436000000000	9952347174785560000000000	Stone	1917	A																																																																																																																																																																																																																																																																																																																																							
																																																																																																																													571547680752156000000000	16934853238712700000000000000000	Wood	1698	A																				556404272681306000000000	11644246194499100000000000	Stone	1917	A																																																																																																																																																																																																																																																																																																																																							
																																																																																																																													622986972019850000000000	20321823886455200000000000000000	Wood	1698	A																				606480657222623000000000	13623768047564000000000000	Stone	1917	A																																																																																																																																																																																																																																																																																																																																							
																																																																																																																													679055799501636000000000	24386188663746300000000000000000	Wood	1698	A																				661063916372659000000000	15939808615649800000000000	Stone	1917	A																																																																																																																																																																																																																																																																																																																																							
																																																																																																																													740170821456784000000000	29263426396495500000000000000000	Wood	1698	A																				720559668846199000000000	18649576080310300000000000	Stone	1917	A																																																																																																																																																																																																																																																																																																																																							
																																																																																																																													806786195387894000000000	35116111675794600000000000000000	Wood	1698	A																				785410039042357000000000	21820004013963000000000000	Stone	1917	A																																																																																																																																																																																																																																																																																																																																							
																																																																																																																													879396952972805000000000	42139334010953500000000000000000	Wood	1698	A																				856096942556169000000000	25529404696336800000000000	Stone	1917	A																																																																																																																																																																																																																																																																																																																																							
																																																																																																																													958542678740357000000000	50567200813144200000000000000000	Wood	1698	A																				933145667386224000000000	29869403494714000000000000	Stone	1917	A																																																																																																																																																																																																																																																																																																																																							
																																																																																																																													1044811519826990000000000	60680640975773100000000000000000	Wood	1698	A																				1017128777450980000000000	34947202088815400000000000	Stone	1917	A																																																																																																																																																																																																																																																																																																																																							
																																																																																																																													1138844556611420000000000	72816769170927700000000000000000	Wood	1698	A																				1108670367421570000000000	40888226443914000000000000	Stone	1917	A																																																																																																																																																																																																																																																																																																																																							
																																																																																																																													1241340566706450000000000	87380123005113200000000000000000	Wood	1698	A																				1208450700489510000000000	47839224939379400000000000	Stone	1917	A																																																																																																																																																																																																																																																																																																																																							
																																																																																																																													1353061217710030000000000	104856147606136000000000000000000	Wood	1808	A																				1317211263533570000000000	55971893179073900000000000	Stone	1917	A																																																																																																																																																																																																																																																																																																																																							
																																																																																																																													1474836727303930000000000	125827377127363000000000000000000	Wood	1808	A																				1435760277251590000000000	65487115019516400000000000	Stone	1917	A																																																																																																																																																																																																																																																																																																																																							
																																																																																																																													1607572032761280000000000	150992852552836000000000000000000	Wood	1808	A																				1564978702204240000000000	76619924572834200000000000	Stone	1917	A																																																																																																																																																																																																																																																																																																																																							
																																																																																																																													1752253515709800000000000	181191423063403000000000000000000	Wood	1808	A																				1705826785402620000000000	89645311750216000000000000	Stone	1917	A																																																																																																																																																																																																																																																																																																																																							
																																																																																																																													1909956332123680000000000	217429707676083000000000000000000	Wood	1808	A																				1859351196088850000000000	104885014747753000000000000	Stone	1917	A																																																																																																																																																																																																																																																																																																																																							
																																																																																																																													2081852402014810000000000	260915649211300000000000000000000	Wood	1808	A																				2026692803736850000000000	122715467254871000000000000	Stone	1917	A																																																																																																																																																																																																																																																																																																																																							
																																																																																																																													2269219118196150000000000	313098779053560000000000000000000	Wood	1808	A																				2209095156073170000000000	143577096688199000000000000	Stone	1917	A																																																																																																																																																																																																																																																																																																																																							
																																																																																																																													2473448838833800000000000	375718534864272000000000000000000	Wood	1808	A																				2407913720119750000000000	167985203125192000000000000	Stone	1917	A																																																																																																																																																																																																																																																																																																																																							
																																																																																																																													2696059234328840000000000	450862241837126000000000000000000	Wood	1808	A																				2624625954930530000000000	196542687656475000000000000	Stone	1917	A																																																																																																																																																																																																																																																																																																																																							
																																																																																																																													2938704565418440000000000	541034690204552000000000000000000	Wood	1808	A																				2860842290874280000000000	229954944558076000000000000	Stone	1917	A																																																																																																																																																																																																																																																																																																																																							
																																																																																																																													6406375952612190000000000	649241628245462000000000000000000	Wood	1808	A																				6236636194105930000000000	269047285132949000000000000	Stone	1917	A																																																																																																																																																																																																																																																																																																																																							
																																																																																																																														Infinity																								Infinity																																																																																																																																																																																																																																																																																																																																										