CH		WOOD															STONE															POTION															BOOK														WOOD2 (Board)																SOUL CRYSTAL															BONES2															WAX														POTION2															MUSHROOM														BOOK2															SOUL CRYSTAL2															WAX2															MUSHROOM2													
		LVL	MULT	Wood	TycoonPrice	.Currency	MergePrice	.Currency	PROD x3 workers	Cycles	Sec	MIN	WITH MAX MULTIPLIER (x2 * x2)	Usage duration	Rang up multiplier		Level	Multiplier	Stone	TycoonPrice	.Currency	MergePrice	.Currency	PROD x3 workers	Cycles	Sec	MIN	WITH MAX MULTIPLIER (x2 * x2)	Usage duration	Rang up multiplier		LVL	MULT	Potion	TycoonPrice	.Currency	MergePrice	.Currency	PROD x3 workers	Cycles	Sec	MIN	WITH MAX MULTIPLIER (x2 * x2)	Usage duration	Rang up multiplier		LVL	MULT	Book	TycoonPrice	.Currency	MergePrice	.Currency	PROD x3 workers	Cycles	Sec	MIN	WITH MAX MULTIPLIER (x2 * x2)	Usage duration		LVL	MULT	Board	Board	TycoonPrice	.Currency	MergePrice	.Currency	PROD x3 workers	Cycles	Sec	MIN	WITH MAX MULTIPLIER (x2 * x2)	Usage duration			LVL	MULT	SoulCrystal	TycoonPrice	.Currency	MergePrice	.Currency	PROD x3 workers	Cycles	Sec	MIN	WITH MAX MULTIPLIER (x2 * x2)	Usage duration	Rang up multiplier		LVL	MULT	BonesBlock	BonesBlock	TycoonPrice	.Currency	MergePrice	.Currency	PROD x3 workers	Cycles	Sec	MIN	WITH MAX MULTIPLIER (x2 * x2)	Usage duration		LVL	MULT	Wax	TycoonPrice	.Currency	MergePrice	.Currency	PROD x3 workers	Cycles	Sec	MIN	WITH MAX MULTIPLIER (x2 * x2)	Usage duration		LVL	MULT	Potion2	Potion2	TycoonPrice	.Currency	MergePrice	.Currency	PROD x3 workers	Cycles	Sec	MIN	WITH MAX MULTIPLIER (x2 * x2)	Usage duration		LVL	MULT	Mushroom	TycoonPrice	.Currency	MergePrice	.Currency	PROD x3 workers	Cycles	Sec	MIN	WITH MAX MULTIPLIER (x2 * x2)	Usage duration		LVL	MULT	MagicScrolls	MagicScrolls	TycoonPrice	.Currency	MergePrice	.Currency	PROD x3 workers	Cycles	Sec	MIN	WITH MAX MULTIPLIER (x2 * x2)	Usage duration		LVL	MULT	SoulCrystal2	SoulCrystal2	TycoonPrice	.Currency	MergePrice	.Currency	PROD x3 workers	Cycles	Sec	MIN	WITH MAX MULTIPLIER (x2 * x2)	Usage duration		LVL	MULT	EvilHoney	EvilHoney	TycoonPrice	.Currency	MergePrice	.Currency	PROD x3 workers	Cycles	Sec	MIN	WITH MAX MULTIPLIER (x2 * x2)	Usage duration		LVL	MULT	Mushroom2	Mushroom2	TycoonPrice	.Currency	MergePrice	.Currency	PROD x3 workers	Cycles	Sec	MIN	WITH MAX MULTIPLIER (x2 * x2)	Usage duration
2		1		4	0	Wood	0	A	  12	1	5	0		5	2																																																																																																																																																																																																	
2		2		5	2	Wood	0	A	  15	1	5	0																																																																																																																																																																																																				
2		3		6	2	Wood	0	A	  18	1	5	0																																																																																																																																																																																																				
2		4		7	3	Wood	0	A	  21	1	5	0																																																																																																																																																																																																				
2		5		8	3	Wood	0	A	  24	1	5	0																																																																																																																																																																																																				
2		6		9	4	Wood	0	A	  27	1	5	0																																																																																																																																																																																																				
2		7		10	5	Wood	0	A	  30	1	5	0																																																																																																																																																																																																				
2		8		11	6	Wood	0	A	  33	1	5	0																																																																																																																																																																																																				
2		9		12	7	Wood	0	A	  36	1	5	0																																																																																																																																																																																																				
2		10		13	9	Wood	0	A	  39	1	5	0																																																																																																																																																																																																				
2		11	2	26	10	Wood	0	A	  78	1	5	0																																																																																																																																																																																																				
2		12	1	27	12	Wood	0	A	  81	1	5	0																																																																																																																																																																																																				
2		13	1	28	15	Wood	0	A	  84	1	5	0																																																																																																																																																																																																				
2		14	1	29	18	Wood	0	A	  87	1	5	0																																																																																																																																																																																																				
2		15	1	32	21	Wood	0	A	  95	1	5	0																																																																																																																																																																																																				
2		16	1	34	26	Wood	0	A	  103	1	5	0																																																																																																																																																																																																				
2		17	1	38	31	Wood	0	A	  113	1	5	0																																																																																																																																																																																																				
2		18	1	41	37	Wood	0	A	  123	1	5	0																																																																																																																																																																																																				
2		19	1	45	44	Wood	0	A	  134	1	5	0																																																																																																																																																																																																				
2		20	1	49	53	Wood	0	A	  146	1	5	0																																																																																																																																																																																																				
2		21	1	53	64	Wood	0	A	  159	1	5	0																																																																																																																																																																																																				
2		22	1	58	77	Wood	0	A	  173	1	5	0																																																																																																																																																																																																				
2		23	1	63	92	Wood	0	A	  189	1	5	0																																																																																																																																																																																																				
2		24	1	69	110	Wood	0	A	  206	1	5	0																																																																																																																																																																																																				
2		25	1	75	132	Wood	0	A	  224	1	5	0																																																																																																																																																																																																				
2		26	2	163	159	Wood	0	A	  489	1	5	0																																																																																																																																																																																																				
2		27	1	178	191	Wood	0	A	  533	1	5	0																																																																																																																																																																																																				
2		28	1	194	229	Wood	0	A	  581	1	5	0																																																																																																																																																																																																				
2		29	1	211	275	Wood	0	A	  634	1	5	0																																																																																																																																																																																																				
2		30	1	230	330	Wood	0	A	  691	1	5	0																																																																																																																																																																																																				
2		31	1	251	396	Wood	0	A	  753	1	5	0					1	1	1	0	Stone	55	A	3	2	14	0		7	2							55								2							55							7								60							5								65							7									70							7							75							7								80							7							85							7								90							7								95							7								100							7								105							7
2		32	1	274	475	Wood	0	A	  821	1	5	0					2	1	2	4	Stone	55	A	6	1	7	0	TYCOON	1																																																																																																																																																																																			
2		33	1	298	570	Wood	0	A	  895	1	5	0					3	1	3	4	Stone	55	A	9	1	7	0	MERGE	0																																																																																																																																																																																			
2		34	1	325	684	Wood	0	A	  975	1	5	0					4	1	4	5	Stone	55	A	12	1	7	0																																																																																																																																																																																					
2		35	1	354	820	Wood	0	A	 1 063	1	5	0					5	1	5	6	Stone	55	A	15	1	7	0																																																																																																																																																																																					
2		36	1	386	984	Wood	20	A	 1 159	2	10	0					6	1	6	7	Stone	55	A	18	1	7	0																																																																																																																																																																																					
2		37	1	421	1181	Wood	20	A	 1 263	2	10	0					7	1	7	9	Stone	55	A	21	1	7	0																																																																																																																																																																																					
2		38	1	459	1418	Wood	20	A	 1 377	2	10	0					8	1	8	11	Stone	55	A	24	1	7	0																																																																																																																																																																																					
2		39	1	500	1701	Wood	20	A	 1 500	2	10	0					9	1	9	13	Stone	55	A	27	1	7	0																																																																																																																																																																																					
2		40	1	545	2041	Wood	20	A	 1 635	2	10	0					10	1	10	15	Stone	55	A	30	1	7	0																																																																																																																																																																																					
2		41	1	594	2450	Wood	20	A	 1 783	2	10	0					11	2	22	19	Stone	55	A	65	1	7	0																																																																																																																																																																																					
2		42	1	648	2940	Wood	20	A	 1 943	2	10	0					12	1	24	22	Stone	55	A	71	1	7	0																																																																																																																																																																																					
2		43	1	706	3527	Wood	20	A	 2 118	2	10	0					13	1	26	27	Stone	55	A	78	1	7	0																																																																																																																																																																																					
2		44	1	770	4233	Wood	20	A	 2 309	3	15	0					14	1	28	32	Stone	55	A	85	1	7	0																																																																																																																																																																																					
2		45	1	839	5080	Wood	20	A	 2 516	3	15	0					15	1	31	39	Stone	55	A	92	1	7	0																																																																																																																																																																																					
2		46	1	914	6095	Wood	30	A	 2 743	3	15	0					16	1	34	46	Stone	55	A	101	1	7	0																																																																																																																																																																																					
2		47	1	997	7315	Wood	30	A	 2 990	3	15	0					17	1	37	55	Stone	55	A	110	1	7	0																																																																																																																																																																																					
2		48	1	1086	8777	Wood	30	A	 3 259	4	20	0					18	1	40	67	Stone	55	A	120	1	7	0																																																																																																																																																																																					
2		49	1	1184	10533	Wood	30	A	 3 552	4	20	0					19	1	43	80	Stone	55	A	130	1	7	0																																																																																																																																																																																					
2		50	1	1291	12639	Wood	30	A	 3 872	4	20	0					20	1	47	96	Stone	55	A	142	1	7	0																																																																																																																																																																																					
3		51	2	2813	15167	Wood	30	A	 8 440	3	15	0					21	1	52	115	Stone	55	A	155	1	7	0																																																																																																																																																																																					
3		52	1	3067	18201	Wood	30	A	 9 200	3	15	0					22	1	56	138	Stone	55	A	169	1	7	0																																																																																																																																																																																					
3		53	1	3343	21841	Wood	30	A	 10 028	3	15	0					23	1	61	166	Stone	55	A	184	2	14	0																																																																																																																																																																																					
3		54	1	3643	26209	Wood	30	A	 10 930	3	15	0					24	1	67	199	Stone	55	A	201	2	14	0																																																																																																																																																																																					
3		55	1	3971	31451	Wood	30	A	 11 914	4	20	0					25	1	73	238	Stone	55	A	219	2	14	0																																																																																																																																																																																					
3		56	1	4329	37741	Wood	30	A	 12 987	4	20	0					26	1	79	286	Stone	55	A	238	2	14	0																																																																																																																																																																																					
3		57	1	4718	45290	Wood	30	A	 14 155	4	20	0					27	1	87	343	Stone	55	A	260	2	14	0																																																																																																																																																																																					
3		58	1	5143	54348	Wood	30	A	 15 429	5	25	0					28	1	94	412	Stone	55	A	283	2	14	0																																																																																																																																																																																					
3		59	1	5606	65217	Wood	30	A	 16 818	5	25	0					29	1	103	495	Stone	55	A	308	2	14	0																																																																																																																																																																																					
3		60	1	6111	78260	Wood	30	A	 18 332	6	30	1					30	2	224	593	Stone	55	A	673	2	14	0																																																																																																																																																																																					
3		61	1	6660	93913	Wood	30	A	 19 981	6	30	1					31	1	244	712	Stone	55	A	733	2	14	0					1	1	1	0	Potion	55	A	3	2	0	0		7																																																																																																																																																																				
3		62	1	7260	112695	Wood	30	A	 21 780	7	35	1					32	1	266	855	Stone	55	A	799	2	14	0					2	1	2	4	Potion	55	A	6	1	0	0	TYCOON	1																																																																																																																																																																				
3		63	1	7913	135234	Wood	30	A	 23 740	7	35	1					33	1	290	1025	Stone	55	A	871	2	14	0					3	1	3	4	Potion	55	A	9	1	0	0	MERGE	0																																																																																																																																																																				
3		64	1	8625	162281	Wood	30	A	 25 876	8	40	1					34	1	316	1231	Stone	55	A	949	2	14	0					4	1	4	5	Potion	55	A	12	1	0	0																																																																																																																																																																						
3		65	1	9402	194737	Wood	30	A	 28 205	9	45	1					35	1	345	1477	Stone	55	A	1035	2	14	0					5	1	5	6	Potion	55	A	15	1	0	0																																																																																																																																																																						
3		66	1	10248	233684	Wood	30	A	 30 744	10	50	1					36	1	376	1772	Stone	55	A	1128	2	14	0					6	1	6	7	Potion	55	A	18	1	0	0																																																																																																																																																																						
3		67	1	11170	280421	Wood	30	A	 33 511	11	55	1					37	1	410	2126	Stone	55	A	1229	3	21	0					7	1	7	9	Potion	55	A	21	1	0	0																																																																																																																																																																						
3		68	1	12176	336506	Wood	30	A	 36 527	12	60	1					38	1	447	2552	Stone	55	A	1340	3	21	0					8	1	8	11	Potion	55	A	24	1	0	0																																																																																																																																																																						
3		69	1	13271	403807	Wood	30	A	 39 814	1	5	0					39	1	487	3062	Stone	55	A	1461	3	21	0					9	1	9	13	Potion	55	A	27	1	0	0																																																																																																																																																																						
3		70	1	14466	5053	Stone	30	A	 43 397	1	5	0					40	1	531	3674	Stone	65	A	1592	3	21	0					10	1	10	15	Potion	65	A	30	1	0	0																																																																																																																																																																						
3		71	1	15768	5659	Stone	30	A	 47 303	1	5	0					41	1	578	4409	Stone	65	A	1735	4	28	0					11	2	22	19	Potion	65	A	65	1	0	0																																																																																																																																																																						
3		72	1	17187	6338	Stone	30	A	 51 560	1	5	0					42	1	631	5291	Stone	65	A	1892	4	28	0					12	1	24	22	Potion	65	A	71	1	0	0																																																																																																																																																																						
3		73	1	18734	7099	Stone	30	A	 56 201	1	5	0					43	1	687	6349	Stone	65	A	2062	4	28	0					13	1	26	27	Potion	65	A	78	1	0	0																																																																																																																																																																						
3		74	1	20420	7951	Stone	30	A	 61 259	1	5	0					44	1	749	7619	Stone	65	A	2247	5	35	1					14	1	28	32	Potion	65	A	85	1	0	0																																																																																																																																																																						
3		75	1	22257	8905	Stone	30	A	 66 772	1	5	0					45	1	817	9143	Stone	65	A	2450	5	35	1					15	1	31	39	Potion	65	A	92	1	0	0																																																																																																																																																																						
3		76	1	24261	9973	Stone	45	A	 72 782	1	5	0					46	1	890	10972	Stone	65	A	2670	5	35	1					16	1	34	46	Potion	65	A	101	1	0	0																																																																																																																																																																						
3		77	1	26444	11170	Stone	45	A	 79 332	1	5	0					47	1	970	13166	Stone	65	A	2910	6	42	1					17	1	37	55	Potion	65	A	110	1	0	0																																																																																																																																																																						
3		78	1	28824	12510	Stone	45	A	 86 472	1	5	0					48	1	1057	15799	Stone	65	A	3172	6	42	1					18	1	40	67	Potion	65	A	120	1	0	0																																																																																																																																																																						
3		79	1	31418	14012	Stone	45	A	 94 254	1	5	0					49	1	1153	18959	Stone	65	A	3458	7	49	1					19	1	43	80	Potion	65	A	130	1	0	0																																																																																																																																																																						
3		80	1	34246	15693	Stone	45	A	 102 737	1	5	0					50	1	1256	22751	Stone	65	A	3769	8	56	1					20	1	47	96	Potion	65	A	142	1	0	0																																																																																																																																																																						
4		81	2	74656	17576	Stone	45	A	 223 967	1	5	0					51	2	2739	27301	Stone	65	A	8217	4	28	0					21	1	52	115	Potion	65	A	155	1	0	0																																																																																																																																																																						
4		82	1	81375	19685	Stone	45	A	 244 124	1	5	0					52	1	2985	32762	Stone	65	A	8956	5	35	1					22	1	56	138	Potion	65	A	169	1	0	0																																																																																																																																																																						
4		83	1	88699	22048	Stone	45	A	 266 096	1	5	0					53	1	3254	39314	Stone	65	A	9762	5	35	1					23	1	61	166	Potion	65	A	184	2	0	0																																																																																																																																																																						
4		84	1	96681	24693	Stone	45	A	 290 044	1	5	0					54	1	3547	47177	Stone	65	A	10641	6	42	1					24	1	67	199	Potion	65	A	201	2	0	0																																																																																																																																																																						
4		85	1	105383	27657	Stone	45	A	 316 148	1	5	0					55	1	3866	56612	Stone	65	A	11599	6	42	1					25	1	73	238	Potion	65	A	219	2	0	0																																																																																																																																																																						
4		86	1	114867	30975	Stone	45	A	 344 601	1	5	0					56	1	4214	67934	Stone	65	A	12642	7	49	1					26	1	79	286	Potion	65	A	238	2	0	0																																																																																																																																																																						
4		87	1	125205	34692	Stone	45	A	 375 616	1	5	0					57	1	4593	81521	Stone	65	A	13780	8	56	1					27	1	87	343	Potion	65	A	260	2	0	0																																																																																																																																																																						
4		88	1	136474	38855	Stone	45	A	 409 421	1	5	0					58	1	5007	97826	Stone	65	A	15020	8	56	1					28	1	94	412	Potion	65	A	283	2	0	0																																																																																																																																																																						
4		89	1	148756	43518	Stone	45	A	 446 269	1	5	0					59	1	5457	117391	Stone	65	A	16372	9	63	1					29	1	103	495	Potion	65	A	308	2	0	0																																																																																																																																																																						
4		90	1	162144	48740	Stone	45	A	 486 433	1	5	0					60	1	5949	140869	Stone	65	A	17846	1	7	0					30	2	224	593	Potion	65	A	673	2	0	0																																																																																																																																																																						
4		91	1	176737	54589	Stone	55	A	 530 212	1	5	0					61	1	6484	2000	Potion	65	A	19452	1	7	0		2000			31	1	244	712	Potion	65	A	733	2	0	0					1	1	1	0	Book	55	A	3	2	14	0		7																																																																																																																																																					
4		92	1	192644	61140	Stone	55	A	 577 931	1	5	0					62	1	7068	2300	Potion	65	A	21203	1	7	0		1.15			32	1	266	855	Potion	65	A	799	2	0	0					2	1	2	4	Book	65	A	6	1	7	0	TYCOON	1																																																																																																																																																					
4		93	1	209982	68477	Stone	55	A	 629 945	1	5	0					63	1	7704	2645	Potion	65	A	23111	1	7	0		1.15			33	1	290	1025	Potion	65	A	871	2	0	0					3	1	3	4	Book	65	A	9	1	7	0	MERGE	0																																																																																																																																																					
4		94	1	228880	76694	Stone	55	A	 686 640	1	5	0					64	1	8397	3042	Potion	65	A	25191	1	7	0		1.15			34	1	316	1231	Potion	65	A	949	2	0	0					4	1	4	5	Book	65	A	12	1	7	0																																																																																																																																																							
4		95	1	249479	85897	Stone	55	A	 748 438	1	5	0					65	1	9153	3498	Potion	65	A	27458	1	7	0		1.15			35	1	345	1477	Potion	65	A	1035	2	0	0					5	1	5	6	Book	65	A	15	1	7	0																																																																																																																																																							
4		96	1	271932	96205	Stone	55	A	 815 797	1	5	0					66	1	9976	4023	Potion	65	A	29929	1	7	0		1.15			36	1	376	1772	Potion	65	A	1128	2	0	0					6	1	6	7	Book	65	A	18	1	7	0																																																																																																																																																							
4		97	1	296406	107749	Stone	55	A	 889 219	1	5	0					67	1	10874	4626	Potion	65	A	32623	1	7	0		1.15			37	1	410	2126	Potion	65	A	1229	3	0	0					7	1	7	9	Book	65	A	21	1	7	0																																																																																																																																																							
4		98	1	323083	120679	Stone	55	A	 969 248	1	5	0					68	1	11853	5320	Potion	65	A	35559	1	7	0		1.15			38	1	447	2552	Potion	65	A	1340	3	0	0					8	1	8	11	Book	65	A	24	1	7	0																																																																																																																																																							
4		99	1	352160	135161	Stone	55	A	1 056 481	1	5	0					69	1	12920	6118	Potion	65	A	38759	1	7	0		1.15			39	1	487	3062	Potion	65	A	1461	3	0	0					9	1	9	13	Book	65	A	27	1	7	0																																																																																																																																																							
4		100	1	383855	151380	Stone	55	A	1 151 564	1	5	0					70	1	14083	7036	Potion	65	A	42248	1	7	0		1.15			40	1	531	3674	Potion	65	A	1592	3	0	0					10	1	10	15	Book	65	A	30	1	7	0																																																																																																																																																							
4		101	1	418402	169546	Stone	55	A	1 255 205	1	5	0					71	1	15350	8091	Potion	65	A	46050	1	7	0		1.15			41	1	578	4409	Potion	65	A	1735	4	0	0					11	2	22	19	Book	65	A	65	1	7	0																																																																																																																																																							
4		102	1	456058	189891	Stone	55	A	1 368 173	1	5	0					72	1	16731	9305	Potion	65	A	50194	1	7	0		1.15			42	1	631	5291	Potion	65	A	1892	4	0	0					12	1	24	22	Book	65	A	71	1	7	0																																																																																																																																																							
4		103	1	497103	212678	Stone	55	A	1 491 309	1	5	0					73	1	18237	10701	Potion	65	A	54712	1	7	0		1.15			43	1	687	6349	Potion	65	A	2062	4	0	0					13	1	26	27	Book	65	A	78	1	7	0																																																																																																																																																							
4		104	1	541842	238200	Stone	55	A	1 625 527	1	5	0					74	1	19879	12306	Potion	65	A	59636	1	7	0		1.15			44	1	749	7619	Potion	65	A	2247	5	0	0					14	1	28	32	Book	65	A	85	1	7	0																																																																																																																																																							
4		105	1	590608	266783	Stone	55	A	1 771 824	1	5	0					75	1	21668	14151	Potion	65	A	65003	1	7	0		1.15			45	1	817	9143	Potion	65	A	2450	5	0	0					15	1	31	39	Book	65	A	92	1	7	0																																																																																																																																																							
4		106	1	643763	298797	Stone	55	A	1 931 288	1	5	0					76	1	23618	16274	Potion	65	A	70853	1	7	0		1.15			46	1	890	10972	Potion	65	A	2670	5	0	0					16	1	34	46	Book	65	A	101	1	7	0																																																																																																																																																							
4		107	1	701701	334653	Stone	55	A	2 105 104	1	5	0					77	1	25743	18715	Potion	65	A	77230	1	7	0		1.15			47	1	970	13166	Potion	65	A	2910	6	0	0					17	1	37	55	Book	65	A	110	1	7	0																																																																																																																																																							
4		108	1	764854	374812	Stone	55	A	2 294 563	1	5	0					78	1	28060	21523	Potion	65	A	84181	1	7	0		1.15			48	1	1057	15799	Potion	65	A	3172	6	0	0					18	1	40	67	Book	65	A	120	1	7	0																																																																																																																																																							
4		109	1	833691	419789	Stone	55	A	2 501 074	1	5	0					79	1	30586	24751	Potion	65	A	91757	1	7	0		1.15			49	1	1153	18959	Potion	65	A	3458	7	0	0					19	1	43	80	Book	65	A	130	1	7	0																																																																																																																																																							
4		110	1	908724	470164	Stone	55	A	2 726 171	1	5	0					80	1	33338	28464	Potion	75	A	100015	1	7	0		1.15			50	1	1256	22751	Potion	75	A	3769	8	0	0					20	1	47	96	Book	75	A	142	1	7	0																																																																																																																																																							
5		111	2	1981017	8000	Potion	65	A	5 943 052	1	5	0					81	2	72678	32733	Potion	75	A	218033	1	7	0		1.15			51	2	2739	27301	Potion	75	A	8217	4	0	0					21	1	52	115	Book	75	A	155	1	7	0																																																																																																																																																							
5		112	1	2159309	8960	Potion	65	A	6 477 927	1	5	0					82	1	79219	37643	Potion	75	A	237656	1	7	0		1.15			52	1	2985	32762	Potion	75	A	8956	5	0	0					22	1	56	138	Book	75	A	169	1	7	0																																																																																																																																																							
5		113	1	2353647	10035	Potion	65	A	7 060 940	1	5	0					83	1	86348	43289	Potion	75	A	259045	1	7	0		1.15			53	1	3254	39314	Potion	75	A	9762	5	0	0					23	1	61	166	Book	75	A	184	2	14	0																																																																																																																																																							
5		114	1	2565475	11239	Potion	65	A	7 696 425	1	5	0					84	1	94120	49783	Potion	75	A	282359	1	7	0		1.15			54	1	3547	47177	Potion	75	A	10641	6	0	0					24	1	67	199	Book	75	A	201	2	14	0																																																																																																																																																							
5		115	1	2796368	12588	Potion	65	A	8 389 103	1	5	0					85	1	102591	57250	Potion	75	A	307772	1	7	0		1.15			55	1	3866	56612	Potion	75	A	11599	6	0	0					25	1	73	238	Book	75	A	219	2	14	0																																																																																																																																																							
5		116	1	3048041	14099	Potion	65	A	9 144 122	1	5	0					86	1	111824	65838	Potion	75	A	335471	1	7	0		1.15			56	1	4214	67934	Potion	75	A	12642	7	0	0					26	1	79	286	Book	75	A	238	2	14	0																																																																																																																																																							
5		117	1	3322364	15791	Potion	65	A	9 967 093	1	5	0					87	1	121888	75714	Potion	75	A	365663	1	7	0		1.15			57	1	4593	81521	Potion	75	A	13780	8	0	0					27	1	87	343	Book	75	A	260	2	14	0																																																																																																																																																							
5		118	1	3621377	17685	Potion	65	A	10 864 132	1	5	0					88	1	132858	87071	Potion	75	A	398573	1	7	0		1.15			58	1	5007	97826	Potion	75	A	15020	8	0	0					28	1	94	412	Book	75	A	283	2	14	0																																																																																																																																																							
5		119	1	3947301	19808	Potion	65	A	11 841 904	1	5	0					89	1	144815	100131	Potion	75	A	434445	1	7	0		1.15			59	1	5457	117391	Potion	75	A	16372	9	0	0					29	1	103	495	Book	75	A	308	2	14	0																																																																																																																																																							
5		120	1	4302558	22185	Potion	65	A	12 907 675	1	5	0					90	1	157848	115151	Potion	75	A	473545	1	7	0		1.15			60	1	5949	140869	Potion	75	A	17846	1	0	0					30	2	224	593	Book	75	A	673	2	14	0																																																																																																																																																							
5		121	1	4689789	24847	Potion	65	A	14 069 366	1	5	0					91	1	172055	2000	Book	75	A	516164	1	7	0		2000			61	1	6484	2000	Book	75	A	19452	1	0	0		2000			31	1	244	712	Book	75	A	733	2	14	0																																																																																																																																																							
5		122	1	5111869	27828	Potion	65	A	15 335 608	1	5	0					92	1	187540	2300	Book	75	A	562619	1	7	0		1.15			62	1	7068	2300	Book	75	A	21203	1	0	0		1.15			32	1	266	855	Book	75	A	799	2	14	0																																																																																																																																																							
5		123	1	5571938	31168	Potion	65	A	16 715 813	1	5	0					93	1	204418	2645	Book	75	A	613254	1	7	0		1.15			63	1	7704	2645	Book	75	A	23111	1	0	0		1.15			33	1	290	1025	Book	75	A	871	2	14	0																																																																																																																																																							
5		124	1	6073412	34908	Potion	65	A	18 220 236	1	5	0					94	1	222816	3042	Book	75	A	668447	1	7	0		1.15			64	1	8397	3042	Book	75	A	25191	1	0	0		1.15			34	1	316	1231	Book	75	A	949	2	14	0																																																																																																																																																							
5		125	1	6620019	39097	Potion	65	A	19 860 058	1	5	0					95	1	242869	3498	Book	75	A	728607	1	7	0		1.15			65	1	9153	3498	Book	75	A	27458	1	0	0		1.15			35	1	345	1477	Book	75	A	1035	2	14	0																																																																																																																																																							
5		126	1	7215821	43789	Potion	65	A	21 647 463	1	5	0					96	1	264727	4023	Book	75	A	794182	1	7	0		1.15			66	1	9976	4023	Book	75	A	29929	1	0	0		1.15			36	1	376	1772	Book	75	A	1128	2	14	0																																																																																																																																																							
5		127	1	7865245	49043	Potion	65	A	23 595 735	1	5	0					97	1	288553	4626	Book	75	A	865658	1	7	0		1.15			67	1	10874	4626	Book	75	A	32623	1	0	0		1.15			37	1	410	2126	Book	75	A	1229	3	21	0																																																																																																																																																							
5		128	1	8573117	54928	Potion	65	A	25 719 351	1	5	0					98	1	314523	5320	Book	75	A	943568	1	7	0		1.15			68	1	11853	5320	Book	75	A	35559	1	0	0		1.15			38	1	447	2552	Book	75	A	1340	3	21	0																																																																																																																																																							
5		129	1	9344697	61520	Potion	65	A	28 034 092	1	5	0					99	1	342830	6118	Book	75	A	1028489	1	7	0		1.15			69	1	12920	6118	Book	75	A	38759	1	0	0		1.15			39	1	487	3062	Book	75	A	1461	3	21	0																																																																																																																																																							
5		130	1	10185720	68902	Potion	65	A	30 557 161	1	5	0					100	1	373684	7036	Book	75	A	1121053	1	7	0		1.15			70	1	14083	7036	Book	75	A	42248	1	0	0		1.15			40	1	531	3674	Book	75	A	1592	3	21	0																																																																																																																																																							
5		131	1	11102435	77170	Potion	75	A	33 307 305	1	5	0					101	1	407316	8091	Book	75	A	1221948	1	7	0		1.15			71	1	15350	8091	Book	75	A	46050	1	0	0		1.15			41	1	578	4409	Book	75	A	1735	4	28	0																																																																																																																																																							
5		132	1	12101654	86431	Potion	75	A	36 304 962	1	5	0					102	1	443974	9305	Book	75	A	1331923	1	7	0		1.15			72	1	16731	9305	Book	75	A	50194	1	0	0		1.15			42	1	631	5291	Book	75	A	1892	4	28	0																																																																																																																																																							
5		133	1	13190803	96802	Potion	75	A	39 572 409	1	5	0					103	1	483932	10701	Book	75	A	1451796	1	7	0		1.15			73	1	18237	10701	Book	75	A	54712	1	0	0		1.15			43	1	687	6349	Book	75	A	2062	4	28	0																																																																																																																																																							
5		134	1	14377975	108419	Potion	75	A	43 133 926	1	5	0					104	1	527486	12306	Book	75	A	1582457	1	7	0		1.15			74	1	19879	12306	Book	75	A	59636	1	0	0		1.15			44	1	749	7619	Book	75	A	2247	5	35	1																																																																																																																																																							
5		135	1	15671993	121429	Potion	75	A	47 015 979	1	5	0					105	1	574960	14151	Book	75	A	1724879	1	7	0		1.15			75	1	21668	14151	Book	75	A	65003	1	0	0		1.15			45	1	817	9143	Book	75	A	2450	5	35	1																																																																																																																																																							
5		136	1	17082472	136001	Potion	75	A	51 247 417	1	5	0					106	1	626706	16274	Book	75	A	1880118	1	7	0		1.15			76	1	23618	16274	Book	75	A	70853	1	0	0		1.15			46	1	890	10972	Book	75	A	2670	5	35	1																																																																																																																																																							
5		137	1	18619895	152321	Potion	75	A	55 859 685	1	5	0					107	1	683109	18715	Book	75	A	2049328	1	7	0		1.15			77	1	25743	18715	Book	75	A	77230	1	0	0		1.15			47	1	970	13166	Book	75	A	2910	6	42	1																																																																																																																																																							
5		138	1	20295686	170599	Potion	75	A	60 887 057	1	5	0					108	1	744589	21523	Book	75	A	2233768	1	7	0		1.15			78	1	28060	21523	Book	75	A	84181	1	0	0		1.15			48	1	1057	15799	Book	75	A	3172	6	42	1																																																																																																																																																							
5		139	1	22122297	191071	Potion	75	A	66 366 892	1	5	0					109	1	811602	24751	Book	75	A	2434807	1	7	0		1.15			79	1	30586	24751	Book	75	A	91757	1	0	0		1.15			49	1	1153	18959	Book	75	A	3458	7	49	1																																																																																																																																																							
5		140	1	24113304	213999	Potion	75	A	72 339 912	1	5	0					110	1	884647	28464	Book	75	A	2653940	1	7	0		1.15			80	1	33338	28464	Book	75	A	100015	1	0	0		1.15			50	1	1256	22751	Book	75	A	3769	8	56	1																																																																																																																																																							
6		141	2	52567003	150000	Book	75	A	157 701 008	1	5	0					111	2	1928529	32733	Book	75	A	5785588	1	7	0		1.15			81	2	72678	32733	Book	75	A	218033	1	0	0		1.15			51	2	2739	27301	Book	75	A	8217	4	28	0																																																																																																																																																							
6		142	1	57298033	168000	Book	75	A	171 894 099	1	5	0					112	1	2102097	37643	Book	75	A	6306291	1	7	0		1.15			82	1	79219	37643	Book	75	A	237656	1	0	0		1.15			52	1	2985	32762	Book	75	A	8956	5	35	1																																																																																																																																																							
6		143	1	62454856	188160	Book	75	A	187 364 568	1	5	0					113	1	2291286	43289	Book	75	A	6873857	1	7	0		1.15			83	1	86348	43289	Book	75	A	259045	1	0	0		1.15			53	1	3254	39314	Book	75	A	9762	5	35	1																																																																																																																																																							
6		144	1	68075793	210739	Book	75	A	204 227 379	1	5	0					114	1	2497502	49783	Book	75	A	7492505	1	7	0		1.15			84	1	94120	49783	Book	75	A	282359	1	0	0		1.15			54	1	3547	47177	Book	75	A	10641	6	42	1																																																																																																																																																							
6		145	1	74202614	236028	Book	75	A	222 607 843	1	5	0					115	1	2722277	57250	Book	75	A	8166830	1	7	0		1.15			85	1	102591	57250	Book	75	A	307772	1	0	0		1.15			55	1	3866	56612	Book	75	A	11599	6	42	1																																																																																																																																																							
6		146	1	80880850	264351	Book	75	A	242 642 549	1	5	0					116	1	2967282	65838	Book	75	A	8901845	1	7	0		1.15			86	1	111824	65838	Book	75	A	335471	1	0	0		1.15			56	1	4214	67934	Book	75	A	12642	7	49	1																																																																																																																																																							
6		147	1	88160126	296073	Book	75	A	264 480 378	1	5	0					117	1	3234337	75714	Book	75	A	9703011	1	7	0		1.15			87	1	121888	75714	Book	75	A	365663	1	0	0		1.15			57	1	4593	81521	Book	75	A	13780	8	56	1																																																																																																																																																							
6		148	1	96094537	331602	Book	75	A	288 283 612	1	5	0					118	1	3525427	87071	Book	75	A	10576282	1	7	0		1.15			88	1	132858	87071	Book	75	A	398573	1	0	0		1.15			58	1	5007	97826	Book	75	A	15020	8	56	1																																																																																																																																																							
6		149	1	104743046	371394	Book	75	A	314 229 137	1	5	0					119	1	3842716	100131	Book	75	A	11528147	1	7	0		1.15			89	1	144815	100131	Book	75	A	434445	1	0	0		1.15			59	1	5457	117391	Book	75	A	16372	9	63	1																																																																																																																																																							
6		150	1	114169920	415962	Book	75	A	342 509 760	1	5	0					120	1	4188560	115151	Book	85	A	12565680	2	14	0		1.15			90	1	157848	115151	Book	85	A	473545	2	0	0		1.15			60	1	5949	140869	Book	85	A	17846	2	14	0							CONSUMPTION																																																																																																																																																
6		151	1	124445213	465877	Book	75	A	373 335 638	1	5	0					121	1	4565531	22827653	Stone	85	A	13696592	2	14	0		22827653			91	1	172055	860273	Stone	85	A	516164	2	0	0		860273			61	1	6484	32420	Book	85	A	19452	2	14	0		32420		1	1	1	100	0	Board	55	A	3	2	10	0		7																																																																																																																																						
6		152	1	135645282	521782	Book	75	A	406 935 845	1	5	0					122	1	4976428	26708354	Stone	85	A	14929285	3	21	0		1.17			92	1	187540	1006519	Stone	85	A	562619	3	0	0		1.17			62	1	7068	37931	Book	85	A	21203	3	21	0		1.17		2	1	2	200	4	Board	80	A	6	1	5	0	TYCOON	1																																																																																																																																						
6		153	1	147853357	584396	Book	75	A	443 560 071	1	5	0					123	1	5424307	31248774	Stone	85	A	16272920	3	21	0		1.17			93	1	204418	1177628	Stone	85	A	613254	3	0	0		1.17			63	1	7704	44380	Book	85	A	23111	3	21	0				3	1	3	300	4	Board	80	A	9	1	5	0	MERGE	0																																																																																																																																						
6		154	1	161160159	654524	Book	75	A	483 480 478	1	5	0					124	1	5912494	36561065	Stone	85	A	17737483	3	21	0		1.17			94	1	222816	1377825	Stone	85	A	668447	3	0	0		1.17			64	1	8397	51924	Book	85	A	25191	3	21	0				4	1	4	400	5	Board	80	A	12	1	5	0																																																																																																																																								
6		155	1	175664574	733067	Book	75	A	526 993 721	1	5	0					125	1	6444619	42776446	Stone	85	A	19333857	3	21	0		1.17			95	1	242869	1612055	Stone	85	A	728607	3	0	0		1.17			65	1	9153	60751	Book	85	A	27458	3	21	0				5	1	5	500	6	Board	80	A	15	1	5	0																																																																																																																																								
6		156	1	191474385	821035	Book	75	A	574 423 156	1	5	0					126	1	7024635	50048442	Stone	85	A	21073904	3	21	0		1.17			96	1	264727	1886104	Stone	85	A	794182	3	0	0		1.17			66	1	9976	71079	Book	85	A	29929	3	21	0				6	1	6	600	7	Board	80	A	18	1	5	0																																																																																																																																								
6		157	1	208707080	919559	Book	75	A	626 121 240	1	5	0					127	1	7656852	58556677	Stone	85	A	22970555	3	21	0		1.17			97	1	288553	2206742	Stone	85	A	865658	3	0	0		1.17			67	1	10874	83162	Book	85	A	32623	3	21	0				7	1	7	700	9	Board	80	A	21	1	5	0																																																																																																																																								
6		158	1	227490717	1029906	Book	75	A	682 472 151	1	5	0					128	1	8345968	68511312	Stone	85	A	25037905	4	28	0		1.17			98	1	314523	2581888	Stone	85	A	943568	4	0	0		1.17			68	1	11853	97300	Book	85	A	35559	4	28	0				8	1	8	800	11	Board	80	A	24	1	5	0																																																																																																																																								
6		159	1	247964882	1153495	Book	75	A	743 894 645	1	5	0					129	1	9097106	80158235	Stone	85	A	27291317	4	28	0		1.17			99	1	342830	3020809	Stone	85	A	1028489	4	0	0		1.17			69	1	12920	113841	Book	85	A	38759	4	28	0				9	1	9	900	13	Board	80	A	27	1	5	0																																																																																																																																								
6		160	1	270281721	1291914	Book	75	A	810 845 163	1	5	0					130	1	9915845	93785135	Stone	85	A	29747535	4	28	0		1.17			100	1	373684	3534346	Stone	85	A	1121053	4	0	0		1.17			70	1	14083	133194	Book	85	A	42248	4	28	0				10	1	10	1000	15	Board	80	A	30	1	5	0																																																																																																																																								
6		161	1	294607076	1446944	Book	75	A	883 821 228	1	5	0					131	1	10808271	109728608	Stone	85	A	32424813	4	28	0		1.17			101	1	407316	4135185	Stone	85	A	1221948	4	0	0		1.17			71	1	15350	155837	Book	85	A	46050	4	28	0				11	2	22	2180	19	Board	80	A	65	1	5	0																																																																																																																																								
6		162	1	321121713	1620577	Book	75	A	963 365 138	1	5	0					132	1	11781015	128382472	Stone	85	A	35343046	5	35	1		1.17			102	1	443974	4838166	Stone	85	A	1331923	5	0	0		1.17			72	1	16731	182329	Book	85	A	50194	5	35	1				12	1	24	2376	22	Board	80	A	71	1	5	0																																																																																																																																								
6		163	1	350022667	1815047	Book	75	A	1050 068 000	1	5	0					133	1	12841307	150207492	Stone	85	A	38523921	5	35	1		1.17			103	1	483932	5660655	Stone	85	A	1451796	5	0	0		1.17			73	1	18237	213325	Book	85	A	54712	5	35	1				13	1	26	2590	27	Board	80	A	78	1	5	0																																																																																																																																								
6		164	1	381524707	2032852	Book	75	A	1144 574 121	1	5	0					134	1	13997025	175742766	Stone	85	A	41991074	5	35	1		1.17			104	1	527486	6622966	Stone	85	A	1582457	5	0	0		1.17			74	1	19879	249590	Book	85	A	59636	5	35	1				14	1	28	2823	32	Board	80	A	85	1	5	0																																																																																																																																								
6		165	1	415861930	2276794	Book	75	A	1247 585 791	1	5	0					135	1	15256757	205619036	Stone	85	A	45770270	6	42	1		1.17			105	1	574960	7748870	Stone	85	A	1724879	6	0	0		1.17			75	1	21668	292021	Book	85	A	65003	6	42	1				15	1	31	3077	39	Board	80	A	92	1	5	0																																																																																																																																								
6		166	1	453289504	2550010	Book	75	A	1359 868 513	1	5	0					136	1	16629865	240574272	Stone	85	A	49889594	6	42	1		1.17			106	1	626706	9066178	Stone	85	A	1880118	6	0	0		1.17			76	1	23618	341664	Book	85	A	70853	6	42	1				16	1	34	3354	46	Board	80	A	101	1	5	0																																																																																																																																								
6		167	1	494085560	2856011	Book	75	A	1482 256 679	1	5	0					137	1	18126553	281471898	Stone	85	A	54379658	7	49	1		1.17			107	1	683109	10607428	Stone	85	A	2049328	7	0	0		1.17			77	1	25743	399747	Book	85	A	77230	7	49	1				17	1	37	3656	55	Board	80	A	110	1	5	0																																																																																																																																								
6		168	1	538553260	3198732	Book	75	A	1615 659 780	1	5	0					138	1	19757942	329322121	Stone	85	A	59273827	7	49	1		1.17			108	1	744589	12410691	Stone	85	A	2233768	7	0	0		1.17			78	1	28060	467704	Book	85	A	84181	7	49	1				18	1	40	3985	67	Board	80	A	120	1	5	0																																																																																																																																								
6		169	1	587023053	3582580	Book	75	A	1761 069 160	1	5	0					139	1	21536157	385306882	Stone	85	A	64608472	7	49	1		1.17			109	1	811602	14520509	Stone	85	A	2434807	7	0	0		1.17			79	1	30586	547214	Book	85	A	91757	7	49	1				19	1	43	4344	80	Board	80	A	130	1	5	0																																																																																																																																								
6		170	1	639855128	4012490	Book	75	A	1919 565 384	1	5	0					140	1	23474411	450809051	Stone	85	A	70423234	8	56	1		1.17			110	1	884647	16988995	Stone	85	A	2653940	8	0	0		1.17			80	1	33338	640240	Book	85	A	100015	8	56	1				20	1	47	4735	96	Board	80	A	142	1	5	0																																																																																																																																								
7		171	2	1394884179	4814987	Wood	85	A	4184 652 538	1	5	0					141	2	51174217	527446590	Stone	85	A	153522650	5	35	1		1.17			111	2	1928529	19877124	Stone	85	A	5785588	5	0	0		1.17			81	2	72678	749081	Book	85	A	218033	5	35	1				21	1	52	5161	115	Board	80	A	155	1	5	0																																																																																																																																								
7		172	1	1520423755	5777985	Wood	85	A	4561 271 266	1	5	0					142	1	55779896	617112510	Stone	85	A	167339689	5	35	1		1.17			112	1	2102097	23256236	Stone	85	A	6306291	5	0	0		1.17			82	1	79219	876424	Book	85	A	237656	5	35	1				22	1	56	5625	138	Board	80	A	169	1	5	0																																																																																																																																								
7		173	1	1657261893	6933582	Wood	85	A	4971 785 680	1	5	0					143	1	60800087	722021637	Stone	85	A	182400261	5	35	1		1.17			113	1	2291286	27209796	Stone	85	A	6873857	5	0	0		1.17			83	1	86348	1025417	Book	85	A	259045	5	35	1				23	1	61	6132	166	Board	80	A	184	2	10	0																																																																																																																																								
7		174	1	1806415464	8320298	Wood	85	A	5419 246 392	1	5	0					144	1	66272095	844765315	Stone	85	A	198816284	5	35	1		1.17			114	1	2497502	31835461	Stone	85	A	7492505	5	0	0		1.17			84	1	94120	1199737	Book	85	A	282359	5	35	1				24	1	67	6683	199	Board	80	A	201	2	10	0																																																																																																																																								
7		175	1	1968992856	9984358	Wood	85	A	5906 978 567	1	5	0					145	1	72236583	988375419	Stone	85	A	216709750	6	42	1		1.17			115	1	2722277	37247489	Stone	85	A	8166830	6	0	0		1.17			85	1	102591	1403693	Book	85	A	307772	6	42	1				25	1	73	7285	238	Board	80	A	219	2	10	0																																																																																																																																								
7		176	1	2146202213	11981230	Wood	85	A	6438 606 638	1	5	0					146	1	78737876	1156399240	Stone	85	A	236213627	6	42	1		1.17			116	1	2967282	43579562	Stone	85	A	8901845	6	0	0		1.17			86	1	111824	1642321	Book	85	A	335471	6	42	1				26	1	79	7941	286	Board	80	A	238	2	10	0																																																																																																																																								
7		177	1	2339360412	14377476	Wood	85	A	7018 081 235	1	5	0					147	1	85824285	1352987111	Stone	85	A	257472854	7	49	1		1.17			117	1	3234337	50988088	Stone	85	A	9703011	7	0	0		1.17			87	1	121888	1921515	Book	85	A	365663	7	49	1				27	1	87	8655	343	Board	80	A	260	2	10	0																																																																																																																																								
7		178	1	2549902849	17252971	Wood	85	A	7649 708 546	1	5	0					148	1	93548470	1582994920	Stone	85	A	280645411	7	49	1		1.17			118	1	3525427	59656063	Stone	85	A	10576282	7	0	0		1.17			88	1	132858	2248173	Book	85	A	398573	7	49	1				28	1	94	9434	412	Board	80	A	283	2	10	0																																																																																																																																								
7		179	1	2779394105	20703565	Wood	85	A	8338 182 316	1	5	0					149	1	101967832	1852104057	Stone	85	A	305903497	8	56	1		1.17			119	1	3842716	69797593	Stone	85	A	11528147	8	0	0		1.17			89	1	144815	2630362	Book	85	A	434445	8	56	1				29	1	103	10283	495	Board	80	A	308	2	10	0																																																																																																																																								
7		180	1	3029539575	24844278	Wood	85	A	9088 618 724	1	5	0					150	1	111144937	2166961746	Stone	85	A	333434812	1	7	0		1.17			120	1	4188560	81663184	Stone	85	A	12565680	1	0	0		1.17			90	1	157848	3077523	Book	85	A	473545	1	7	0				30	2	224	22418	593	Board	90	A	673	2	10	0																																																																																																																																								
7		181	1	3302198136	29813133	Wood	85	A	9906 594 409	1	5	0					151	1	121147982	2000	Board	85	A	363443945	1	7	0		2000			121	1	4565531	2000	Board	85	A	13696592	1	0	0		2000			91	1	172055	2000	Board	85	A	516164	1	7	0		2000		31	1	244	24435	712	Board	90	A	733	2	10	0					1	1	1	0	SoulCrystal	55	A	3	2	14	0		7																																																																																																																							
7		182	1	3599395969	35775760	Wood	85	A	10798 187 906	1	5	0					152	1	132051300	2300	Board	85	A	396153900	1	7	0		1.15			122	1	4976428	2300	Board	85	A	14929285	1	0	0		1.15			92	1	187540	2300	Board	85	A	562619	1	7	0		1.15		32	1	266	26634	855	Board	90	A	799	2	10	0					2	1	2	4	SoulCrystal	95	A	6	1	7	0	TYCOON	1																																																																																																																							
7		183	1	3923341606	42930912	Wood	85	A	11770 024 817	1	5	0					153	1	143935917	2645	Board	85	A	431807752	1	7	0		1.15			123	1	5424307	2645	Board	85	A	16272920	1	0	0		1.15			93	1	204418	2645	Board	85	A	613254	1	7	0		1.15		33	1	290	29031	1025	Board	90	A	871	2	10	0					3	1	3	4	SoulCrystal	95	A	9	1	7	0	MERGE	0																																																																																																																							
7		184	1	4276442350	51517094	Wood	85	A	12829 327 051	1	5	0					154	1	156890150	3042	Board	85	A	470670449	1	7	0		1.15			124	1	5912494	3042	Board	85	A	17737483	1	0	0		1.15			94	1	222816	3042	Board	85	A	668447	1	7	0		1.15		34	1	316	31644	1231	Board	90	A	949	2	10	0					4	1	4	5	SoulCrystal	95	A	12	1	7	0																																																																																																																									
7		185	1	4661322162	61820513	Wood	85	A	13983 966 486	1	5	0					155	1	171010263	3498	Board	85	A	513030790	1	7	0		1.15			125	1	6444619	3498	Board	85	A	19333857	1	0	0		1.15			95	1	242869	3498	Board	85	A	728607	1	7	0		1.15		35	1	345	34492	1477	Board	90	A	1035	2	10	0					5	1	5	6	SoulCrystal	95	A	15	1	7	0																																																																																																																									
7		186	1	5080841156	74184616	Wood	85	A	15242 523 469	1	5	0					156	1	186401187	4023	Board	85	A	559203561	1	7	0		1.15			126	1	7024635	4023	Board	85	A	21073904	1	0	0		1.15			96	1	264727	4023	Board	85	A	794182	1	7	0		1.15		36	1	376	37597	1772	Board	90	A	1128	2	10	0					6	1	6	7	SoulCrystal	95	A	18	1	7	0																																																																																																																									
7		187	1	5538116861	89021539	Wood	85	A	16614 350 582	1	5	0					157	1	203177294	4626	Board	85	A	609531881	1	7	0		1.15			127	1	7656852	4626	Board	85	A	22970555	1	0	0		1.15			97	1	288553	4626	Board	85	A	865658	1	7	0		1.15		37	1	410	40980	2126	Board	90	A	1229	3	15	0					7	1	7	9	SoulCrystal	95	A	21	1	7	0																																																																																																																									
7		188	1	6036547378	106825847	Wood	85	A	18109 642 134	1	5	0					158	1	221463250	5320	Board	85	A	664389750	1	7	0		1.15			128	1	8345968	5320	Board	85	A	25037905	1	0	0		1.15			98	1	314523	5320	Board	85	A	943568	1	7	0		1.15		38	1	447	44669	2552	Board	90	A	1340	3	15	0					8	1	8	11	SoulCrystal	95	A	24	1	7	0																																																																																																																									
7		189	1	6579836642	128191017	Wood	85	A	19739 509 926	1	5	0					159	1	241394943	6118	Board	85	A	724184828	1	7	0		1.15			129	1	9097106	6118	Board	85	A	27291317	1	0	0		1.15			99	1	342830	6118	Board	85	A	1028489	1	7	0		1.15		39	1	487	48689	3062	Board	90	A	1461	3	15	0					9	1	9	13	SoulCrystal	95	A	27	1	7	0																																																																																																																									
7		190	1	7172021940	153829220	Wood	85	A	21516 065 819	1	5	0					160	1	263120487	7036	Board	95	A	789361462	1	7	0		1.15			130	1	9915845	7036	Board	95	A	29747535	1	0	0		1.15			100	1	373684	7036	Board	95	A	1121053	1	7	0		1.15		40	1	531	53071	3674	Board	90	A	1592	3	15	0					10	1	10	15	SoulCrystal	105	A	30	1	7	0																																																																																																																									
7		191	1	7817503914	184595064	Wood	85	A	23452 511 743	1	5	0					161	1	286801331	8091	Board	95	A	860403994	1	7	0		1.15			131	1	10808271	8091	Board	95	A	32424813	1	0	0		1.15			101	1	407316	8091	Board	95	A	1221948	1	7	0		1.15		41	1	578	57847	4409	Board	90	A	1735	4	20	0					11	2	22	19	SoulCrystal	105	A	65	1	7	0																																																																																																																									
7		192	1	8521079267	221514077	Wood	85	A	25563 237 800	1	5	0					162	1	312613451	9305	Board	95	A	937840354	1	7	0		1.15			132	1	11781015	9305	Board	95	A	35343046	1	0	0		1.15			102	1	443974	9305	Board	95	A	1331923	1	7	0		1.15		42	1	631	63053	5291	Board	90	A	1892	4	20	0					12	1	24	22	SoulCrystal	105	A	71	1	7	0																																																																																																																									
7		193	1	9287976401	265816892	Wood	85	A	27863 929 202	1	5	0					163	1	340748662	10701	Board	95	A	1022245985	1	7	0		1.15			133	1	12841307	10701	Board	95	A	38523921	1	0	0		1.15			103	1	483932	10701	Board	95	A	1451796	1	7	0		1.15		43	1	687	68728	6349	Board	90	A	2062	4	20	0					13	1	26	27	SoulCrystal	105	A	78	1	7	0																																																																																																																									
7		194	1	10123894277	318980270	Wood	85	A	30371 682 830	1	5	0					164	1	371416041	12306	Board	95	A	1114248124	1	7	0		1.15			134	1	13997025	12306	Board	95	A	41991074	1	0	0		1.15			104	1	527486	12306	Board	95	A	1582457	1	7	0		1.15		44	1	749	74914	7619	Board	90	A	2247	5	25	0					14	1	28	32	SoulCrystal	105	A	85	1	7	0																																																																																																																									
7		195	1	11035044762	382776324	Wood	85	A	33105 134 285	1	5	0					165	1	404843485	14151	Board	95	A	1214530455	1	7	0		1.15			135	1	15256757	14151	Board	95	A	45770270	1	0	0		1.15			105	1	574960	14151	Board	95	A	1724879	1	7	0		1.15		45	1	817	81656	9143	Board	90	A	2450	5	25	0					15	1	31	39	SoulCrystal	105	A	92	1	7	0																																																																																																																									
7		196	1	12028198790	459331589	Wood	85	A	36084 596 370	1	5	0					166	1	441279399	16274	Board	95	A	1323838196	1	7	0		1.15			136	1	16629865	16274	Board	95	A	49889594	1	0	0		1.15			106	1	626706	16274	Board	95	A	1880118	1	7	0		1.15		46	1	890	89005	10972	Board	90	A	2670	5	25	0					16	1	34	46	SoulCrystal	105	A	101	1	7	0																																																																																																																									
7		197	1	13110736681	551197907	Wood	85	A	39332 210 044	1	5	0					167	1	480994545	18715	Board	95	A	1442983634	1	7	0		1.15			137	1	18126553	18715	Board	95	A	54379658	1	0	0		1.15			107	1	683109	18715	Board	95	A	2049328	1	7	0		1.15		47	1	970	97015	13166	Board	90	A	2910	6	30	1					17	1	37	55	SoulCrystal	105	A	110	1	7	0																																																																																																																									
7		198	1	14290702983	661437488	Wood	85	A	42872 108 948	1	5	0					168	1	524284054	21523	Board	95	A	1572852161	1	7	0		1.15			138	1	19757942	21523	Board	95	A	59273827	1	0	0		1.15			108	1	744589	21523	Board	95	A	2233768	1	7	0		1.15		48	1	1057	105747	15799	Board	90	A	3172	6	30	1					18	1	40	67	SoulCrystal	105	A	120	1	7	0																																																																																																																									
7		199	1	15576866251	793724986	Wood	85	A	46730 598 753	1	5	0					169	1	571469618	24751	Board	95	A	1714408855	1	7	0		1.15			139	1	21536157	24751	Board	95	A	64608472	1	0	0		1.15			109	1	811602	24751	Board	95	A	2434807	1	7	0		1.15		49	1	1153	115264	18959	Board	90	A	3458	7	35	1					19	1	43	80	SoulCrystal	105	A	130	1	7	0																																																																																																																									
7		200	1	16978784214	952469983	Wood	85	A	50936 352 641	1	5	0					170	1	622901884	28464	Board	95	A	1868705652	1	7	0		1.15			140	1	23474411	28464	Board	95	A	70423234	1	0	0		1.15			110	1	884647	28464	Board	95	A	2653940	1	7	0		1.15		50	1	1256	125638	22751	Board	90	A	3769	8	40	1					20	1	47	96	SoulCrystal	105	A	142	1	7	0																																																																																																																									
8		201	2	37013749586	1142963980	Wood	85	A	111041 248 757	1	5	0					171	2	1357926107	32733	Board	95	A	4073778322	1	7	0		1.15			141	2	51174217	32733	Board	95	A	153522650	1	0	0		1.15			111	2	1928529	32733	Board	95	A	5785588	1	7	0		1.15		51	2	2739	273890	27301	Board	90	A	8217	4	20	0					21	1	52	115	SoulCrystal	105	A	155	1	7	0																																																																																																																									
8		202	1	40344987048	1371556776	Wood	85	A	121034 961 145	1	5	0					172	1	1480139457	37643	Board	95	A	4440418371	1	7	0		1.15			142	1	55779896	37643	Board	95	A	167339689	1	0	0		1.15			112	1	2102097	37643	Board	95	A	6306291	1	7	0		1.15		52	1	2985	298540	32762	Board	90	A	8956	5	25	0					22	1	56	138	SoulCrystal	105	A	169	1	7	0																																																																																																																									
8		203	1	43976035883	1645868131	Wood	85	A	131928 107 648	1	5	0					173	1	1613352008	43289	Board	95	A	4840056024	1	7	0		1.15			143	1	60800087	43289	Board	95	A	182400261	1	0	0		1.15			113	1	2291286	43289	Board	95	A	6873857	1	7	0		1.15		53	1	3254	325409	39314	Board	90	A	9762	5	25	0					23	1	61	166	SoulCrystal	105	A	184	2	14	0																																																																																																																									
8		204	1	47933879112	1975041757	Wood	85	A	143801 637 336	1	5	0					174	1	1758553689	49783	Board	95	A	5275661066	1	7	0		1.15			144	1	66272095	49783	Board	95	A	198816284	1	0	0		1.15			114	1	2497502	49783	Board	95	A	7492505	1	7	0		1.15		54	1	3547	354696	47177	Board	90	A	10641	6	30	1					24	1	67	199	SoulCrystal	105	A	201	2	14	0																																																																																																																									
8		205	1	52247928232	2370050109	Wood	85	A	156743 784 697	1	5	0					175	1	1916823521	57250	Board	95	A	5750470562	1	7	0		1.15			145	1	72236583	57250	Board	95	A	216709750	1	0	0		1.15			115	1	2722277	57250	Board	95	A	8166830	1	7	0		1.15		55	1	3866	386618	56612	Board	90	A	11599	6	30	1					25	1	73	238	SoulCrystal	105	A	219	2	14	0																																																																																																																									
8		206	1	56950241773	2844060130	Wood	85	A	170850 725 319	1	5	0					176	1	2089337638	65838	Board	95	A	6268012913	1	7	0		1.15			146	1	78737876	65838	Board	95	A	236213627	1	0	0		1.15			116	1	2967282	65838	Board	95	A	8901845	1	7	0		1.15		56	1	4214	421414	67934	Board	90	A	12642	7	35	1					26	1	79	286	SoulCrystal	105	A	238	2	14	0																																																																																																																									
8		207	1	62075763533	3412872156	Wood	85	A	186227 290 598	1	5	0					177	1	2277378025	75714	Board	95	A	6832134075	1	7	0		1.15			147	1	85824285	75714	Board	95	A	257472854	1	0	0		1.15			117	1	3234337	75714	Board	95	A	9703011	1	7	0		1.15		57	1	4593	459341	81521	Board	90	A	13780	8	40	1					27	1	87	343	SoulCrystal	105	A	260	2	14	0																																																																																																																									
8		208	1	67662582251	4095446588	Wood	85	A	202987 746 752	1	5	0					178	1	2482342047	87071	Board	95	A	7447026142	1	7	0		1.15			148	1	93548470	87071	Board	95	A	280645411	1	0	0		1.15			118	1	3525427	87071	Board	95	A	10576282	1	7	0		1.15		58	1	5007	500682	97826	Board	90	A	15020	8	40	1					28	1	94	412	SoulCrystal	105	A	283	2	14	0																																																																																																																									
8		209	1	73752214653	4914535905	Wood	85	A	221256 643 960	1	5	0					179	1	2705752832	100131	Board	95	A	8117258495	1	7	0		1.15			149	1	101967832	100131	Board	95	A	305903497	1	0	0		1.15			119	1	3842716	100131	Board	95	A	11528147	1	7	0		1.15		59	1	5457	545743	117391	Board	90	A	16372	9	45	1					29	1	103	495	SoulCrystal	105	A	308	2	14	0																																																																																																																									
8		210	1	80389913972	5897443086	Wood	85	A	241169 741 916	1	5	0					180	1	2949270586	115151	Board	95	A	8847811759	1	7	0		1.15			150	1	111144937	115151	Board	95	A	333434812	1	0	0		1.15			120	1	4188560	115151	Board	95	A	12565680	1	7	0		1.15		60	1	5949	594860	140869	Board	90	A	17846	1	5	0					30	2	224	593	SoulCrystal	105	A	673	2	14	0																																																																																																																									
8		211	1	87625006229	7076931704	Wood	95	A	262875 018 688	1	5	0					181	1	3214704939	2000	SoulCrystal	95	A	9644114818	1	7	0		2000			151	1	121147982	2000	SoulCrystal	95	A	363443945	1	0	0		2000			121	1	4565531	2000	SoulCrystal	95	A	13696592	1	7	0		2000		61	1	6484	648398	2000	SoulCrystal	100	A	1945193	1	5	0		2000			31	1	244	712	SoulCrystal	105	A	733	2	14	0					1	1	1	100	0	BonesBlock	55	A	3	2	14	0		7																																																																																																							
8		212	1	95511256790	8492318044	Wood	95	A	286533 770 370	1	5	0					182	1	3504028384	2300	SoulCrystal	95	A	10512085151	1	7	0		1.15			152	1	132051300	2300	SoulCrystal	95	A	396153900	1	0	0		1.15			122	1	4976428	2300	SoulCrystal	95	A	14929285	1	7	0		1.15		62	1	7068	706753	2300	SoulCrystal	100	A	2120260	1	5	0		1.15			32	1	266	855	SoulCrystal	105	A	799	2	14	0					2	1	2	200	4	BonesBlock	100	A	6	1	7	0	TYCOON	1																																																																																																							
8		213	1	104107269901	10190781653	Wood	95	A	312321 809 704	1	5	0					183	1	3819390938	2645	SoulCrystal	95	A	11458172815	1	7	0		1.15			153	1	143935917	2645	SoulCrystal	95	A	431807752	1	0	0		1.15			123	1	5424307	2645	SoulCrystal	95	A	16272920	1	7	0		1.15		63	1	7704	770361	2645	SoulCrystal	100	A	2311083	1	5	0		1.15			33	1	290	1025	SoulCrystal	105	A	871	2	14	0					3	1	3	300	4	BonesBlock	100	A	9	1	7	0	MERGE	0																																																																																																							
8		214	1	113476924192	12228937984	Wood	95	A	340430 772 577	1	5	0					184	1	4163136123	3042	SoulCrystal	95	A	12489408368	1	7	0		1.15			154	1	156890150	3042	SoulCrystal	95	A	470670449	1	0	0		1.15			124	1	5912494	3042	SoulCrystal	95	A	17737483	1	7	0		1.15		64	1	8397	839694	3042	SoulCrystal	100	A	2519081	1	5	0		1.15			34	1	316	1231	SoulCrystal	105	A	949	2	14	0					4	1	4	400	5	BonesBlock	100	A	12	1	7	0																																																																																																									
8		215	1	123689847370	14674725581	Wood	95	A	371069 542 109	1	5	0					185	1	4537818374	3498	SoulCrystal	95	A	13613455121	1	7	0		1.15			155	1	171010263	3498	SoulCrystal	95	A	513030790	1	0	0		1.15			125	1	6444619	3498	SoulCrystal	95	A	19333857	1	7	0		1.15		65	1	9153	915266	3498	SoulCrystal	100	A	2745798	1	5	0		1.15			35	1	345	1477	SoulCrystal	105	A	1035	2	14	0					5	1	5	500	6	BonesBlock	100	A	15	1	7	0																																																																																																									
8		216	1	134821933633	17609670697	Wood	95	A	404465 800 899	1	5	0					186	1	4946222027	4023	SoulCrystal	95	A	14838666082	1	7	0		1.15			156	1	186401187	4023	SoulCrystal	95	A	559203561	1	0	0		1.15			126	1	7024635	4023	SoulCrystal	95	A	21073904	1	7	0		1.15		66	1	9976	997640	4023	SoulCrystal	100	A	2992920	1	5	0		1.15			36	1	376	1772	SoulCrystal	105	A	1128	2	14	0					6	1	6	600	7	BonesBlock	100	A	18	1	7	0																																																																																																									
8		217	1	146955907660	21131604836	Wood	95	A	440867 722 980	1	5	0					187	1	5391382010	4626	SoulCrystal	95	A	16174146030	1	7	0		1.15			157	1	203177294	4626	SoulCrystal	95	A	609531881	1	0	0		1.15			127	1	7656852	4626	SoulCrystal	95	A	22970555	1	7	0		1.15		67	1	10874	1087428	4626	SoulCrystal	100	A	3262283	1	5	0		1.15			37	1	410	2126	SoulCrystal	105	A	1229	3	21	0					7	1	7	700	9	BonesBlock	100	A	21	1	7	0																																																																																																									
8		218	1	160181939349	25357925804	Wood	95	A	480545 818 048	1	5	0					188	1	5876606391	5320	SoulCrystal	95	A	17629819172	1	7	0		1.15			158	1	221463250	5320	SoulCrystal	95	A	664389750	1	0	0		1.15			128	1	8345968	5320	SoulCrystal	95	A	25037905	1	7	0		1.15		68	1	11853	1185296	5320	SoulCrystal	100	A	3555888	1	5	0		1.15			38	1	447	2552	SoulCrystal	105	A	1340	3	21	0					8	1	8	800	11	BonesBlock	100	A	24	1	7	0																																																																																																									
8		219	1	174598313891	30429510964	Wood	95	A	523794 941 672	1	5	0					189	1	6405500966	6118	SoulCrystal	95	A	19216502898	1	7	0		1.15			159	1	241394943	6118	SoulCrystal	95	A	724184828	1	0	0		1.15			129	1	9097106	6118	SoulCrystal	95	A	27291317	1	7	0		1.15		69	1	12920	1291973	6118	SoulCrystal	100	A	3875918	1	5	0		1.15			39	1	487	3062	SoulCrystal	105	A	1461	3	21	0					9	1	9	900	13	BonesBlock	100	A	27	1	7	0																																																																																																									
8		220	1	190312162141	36515413157	Wood	95	A	570936 486 423	1	5	0					190	1	6981996053	7036	SoulCrystal	95	A	20945988159	1	7	0		1.15			160	1	263120487	7036	SoulCrystal	95	A	789361462	1	0	0		1.15			130	1	9915845	7036	SoulCrystal	95	A	29747535	1	7	0		1.15		70	1	14083	1408250	7036	SoulCrystal	100	A	4224751	1	5	0		1.15			40	1	531	3674	SoulCrystal	105	A	1592	3	21	0					10	1	10	1000	15	BonesBlock	110	A	30	1	7	0																																																																																																									
8		221	1	207440256734	43818495789	Wood	95	A	622320 770 201	1	5	0					191	1	7610375698	8091	SoulCrystal	95	A	22831127093	1	7	0		1.15			161	1	286801331	8091	SoulCrystal	95	A	860403994	1	0	0		1.15			131	1	10808271	8091	SoulCrystal	95	A	32424813	1	7	0		1.15		71	1	15350	1534993	8091	SoulCrystal	100	A	4604979	1	5	0		1.15			41	1	578	4409	SoulCrystal	105	A	1735	4	28	0					11	2	22	2180	19	BonesBlock	110	A	65	1	7	0																																																																																																									
8		222	1	226109879840	52582194946	Wood	95	A	678329 639 519	1	5	0					192	1	8295309510	9305	SoulCrystal	95	A	24885928531	1	7	0		1.15			162	1	312613451	9305	SoulCrystal	95	A	937840354	1	0	0		1.15			132	1	11781015	9305	SoulCrystal	95	A	35343046	1	7	0		1.15		72	1	16731	1673142	9305	SoulCrystal	100	A	5019427	1	5	0		1.15			42	1	631	5291	SoulCrystal	105	A	1892	4	28	0					12	1	24	2376	22	BonesBlock	110	A	71	1	7	0																																																																																																									
8		223	1	246459769025	63098633936	Wood	95	A	739379 307 075	1	5	0					193	1	9041887366	10701	SoulCrystal	95	A	27125662099	1	7	0		1.15			163	1	340748662	10701	SoulCrystal	95	A	1022245985	1	0	0		1.15			133	1	12841307	10701	SoulCrystal	95	A	38523921	1	7	0		1.15		73	1	18237	1823725	10701	SoulCrystal	100	A	5471175	1	5	0		1.15			43	1	687	6349	SoulCrystal	105	A	2062	4	28	0					13	1	26	2590	27	BonesBlock	110	A	78	1	7	0																																																																																																									
8		224	1	268641148237	75718360723	Wood	95	A	805923 444 712	1	5	0					194	1	9855657229	12306	SoulCrystal	95	A	29566971688	1	7	0		1.15			164	1	371416041	12306	SoulCrystal	95	A	1114248124	1	0	0		1.15			134	1	13997025	12306	SoulCrystal	95	A	41991074	1	7	0		1.15		74	1	19879	1987860	12306	SoulCrystal	100	A	5963581	1	5	0		1.15			44	1	749	7619	SoulCrystal	105	A	2247	5	35	1					14	1	28	2823	32	BonesBlock	110	A	85	1	7	0																																																																																																									
8		225	1	292818851579	90862032867	Wood	95	A	878456 554 736	1	5	0					195	1	10742666380	14151	SoulCrystal	95	A	32227999140	1	7	0		1.15			165	1	404843485	14151	SoulCrystal	95	A	1214530455	1	0	0		1.15			135	1	15256757	14151	SoulCrystal	95	A	45770270	1	7	0		1.15		75	1	21668	2166768	14151	SoulCrystal	100	A	6500303	1	5	0		1.15			45	1	817	9143	SoulCrystal	105	A	2450	5	35	1					15	1	31	3077	39	BonesBlock	110	A	92	1	7	0																																																																																																									
8		226	1	319172548221	109034439441	Wood	95	A	957517 644 662	1	5	0					196	1	11709506354	16274	SoulCrystal	95	A	35128519063	1	7	0		1.15			166	1	441279399	16274	SoulCrystal	95	A	1323838196	1	0	0		1.15			136	1	16629865	16274	SoulCrystal	95	A	49889594	1	7	0		1.15		76	1	23618	2361777	16274	SoulCrystal	100	A	7085330	1	5	0		1.15			46	1	890	10972	SoulCrystal	105	A	2670	5	35	1					16	1	34	3354	46	BonesBlock	110	A	101	1	7	0																																																																																																									
8		227	1	347898077561	130841327329	Wood	95	A	1043694 232 682	1	5	0					197	1	12763361926	18715	SoulCrystal	95	A	38290085778	1	7	0		1.15			167	1	480994545	18715	SoulCrystal	95	A	1442983634	1	0	0		1.15			137	1	18126553	18715	SoulCrystal	95	A	54379658	1	7	0		1.15		77	1	25743	2574337	18715	SoulCrystal	100	A	7723010	1	5	0		1.15			47	1	970	13166	SoulCrystal	105	A	2910	6	42	1					17	1	37	3656	55	BonesBlock	110	A	110	1	7	0																																																																																																									
8		228	1	379208904541	157009592795	Wood	95	A	1137626 713 623	1	5	0					198	1	13912064499	21523	SoulCrystal	95	A	41736193498	1	7	0		1.15			168	1	524284054	21523	SoulCrystal	95	A	1572852161	1	0	0		1.15			138	1	19757942	21523	SoulCrystal	95	A	59273827	1	7	0		1.15		78	1	28060	2806027	21523	SoulCrystal	100	A	8418081	1	5	0		1.15			48	1	1057	15799	SoulCrystal	105	A	3172	6	42	1					18	1	40	3985	67	BonesBlock	110	A	120	1	7	0																																																																																																									
8		229	1	413337705950	188411511354	Wood	95	A	1240013 117 850	1	5	0					199	1	15164150304	24751	SoulCrystal	95	A	45492450913	1	7	0		1.15			169	1	571469618	24751	SoulCrystal	95	A	1714408855	1	0	0		1.15			139	1	21536157	24751	SoulCrystal	95	A	64608472	1	7	0		1.15		79	1	30586	3058569	24751	SoulCrystal	100	A	9175708	1	5	0		1.15			49	1	1153	18959	SoulCrystal	105	A	3458	7	49	1					19	1	43	4344	80	BonesBlock	110	A	130	1	7	0																																																																																																									
8		230	1	450538099485	226093813624	Wood	95	A	1351614 298 456	1	5	0					200	1	16528923832	28464	SoulCrystal	105	A	49586771495	1	7	0		1.15			170	1	622901884	28464	SoulCrystal	105	A	1868705652	1	0	0		1.15			140	1	23474411	28464	SoulCrystal	105	A	70423234	1	7	0		1.15		80	1	33338	3333841	28464	SoulCrystal	110	A	10001522	1	5	0		1.15			50	1	1256	22751	SoulCrystal	115	A	3769	8	56	1					20	1	47	4735	96	BonesBlock	110	A	142	1	7	0																																																																																																									
9		231	2	982173056878	271312576349	Wood	95	A	2946519 170 634	1	5	0					201	2	36033053953	32733	SoulCrystal	105	A	108099161860	1	7	0		1.15			171	2	1357926107	32733	SoulCrystal	105	A	4073778322	1	0	0		1.15			141	2	51174217	32733	SoulCrystal	105	A	153522650	1	7	0		1.15		81	2	72678	7267773	32733	SoulCrystal	110	A	21803318	1	5	0		1.15			51	2	2739	27301	SoulCrystal	115	A	8217	4	28	0					21	1	52	5161	115	BonesBlock	110	A	155	1	7	0																																																																																																									
9		232	1	1070568631997	325575091619	Wood	95	A	3211705 895 991	1	5	0					202	1	39276028809	37643	SoulCrystal	105	A	117828086427	1	7	0		1.15			172	1	1480139457	37643	SoulCrystal	105	A	4440418371	1	0	0		1.15			142	1	55779896	37643	SoulCrystal	105	A	167339689	1	7	0		1.15		82	1	79219	7921872	37643	SoulCrystal	110	A	23765617	1	5	0		1.15			52	1	2985	32762	SoulCrystal	115	A	8956	5	35	1					22	1	56	5625	138	BonesBlock	110	A	169	1	7	0																																																																																																									
9		233	1	1166919808877	390690109943	Wood	95	A	3500759 426 630	1	5	0					203	1	42810871402	43289	SoulCrystal	105	A	128432614206	1	7	0		1.15			173	1	1613352008	43289	SoulCrystal	105	A	4840056024	1	0	0		1.15			143	1	60800087	43289	SoulCrystal	105	A	182400261	1	7	0		1.15		83	1	86348	8634841	43289	SoulCrystal	110	A	25904522	1	5	0		1.15			53	1	3254	39314	SoulCrystal	115	A	9762	5	35	1					23	1	61	6132	166	BonesBlock	110	A	184	2	14	0																																																																																																									
9		234	1	1271942591676	468828131931	Wood	95	A	3815827 775 027	1	5	0					204	1	46663849828	49783	SoulCrystal	105	A	139991549484	1	7	0		1.15			174	1	1758553689	49783	SoulCrystal	105	A	5275661066	1	0	0		1.15			144	1	66272095	49783	SoulCrystal	105	A	198816284	1	7	0		1.15		84	1	94120	9411976	49783	SoulCrystal	110	A	28235929	1	5	0		1.15			54	1	3547	47177	SoulCrystal	115	A	10641	6	42	1					24	1	67	6683	199	BonesBlock	110	A	201	2	14	0																																																																																																									
9		235	1	1386417424927	562593758318	Wood	95	A	4159252 274 780	1	5	0					205	1	50863596313	57250	SoulCrystal	105	A	152590788938	1	7	0		1.15			175	1	1916823521	57250	SoulCrystal	105	A	5750470562	1	0	0		1.15			145	1	72236583	57250	SoulCrystal	105	A	216709750	1	7	0		1.15		85	1	102591	10259054	57250	SoulCrystal	110	A	30777163	1	5	0		1.15			55	1	3866	56612	SoulCrystal	115	A	11599	6	42	1					25	1	73	7285	238	BonesBlock	110	A	219	2	14	0																																																																																																									
9		236	1	1511194993170	675112509981	Wood	95	A	4533584 979 510	1	5	0					206	1	55441319981	65838	SoulCrystal	105	A	166323959942	1	7	0		1.15			176	1	2089337638	65838	SoulCrystal	105	A	6268012913	1	0	0		1.15			146	1	78737876	65838	SoulCrystal	105	A	236213627	1	7	0		1.15		86	1	111824	11182369	65838	SoulCrystal	110	A	33547108	1	5	0		1.15			56	1	4214	67934	SoulCrystal	115	A	12642	7	49	1					26	1	79	7941	286	BonesBlock	110	A	238	2	14	0																																																																																																									
9		237	1	1647202542555	810135011977	Wood	95	A	4941607 627 666	1	5	0					207	1	60431038779	75714	SoulCrystal	105	A	181293116337	1	7	0		1.15			177	1	2277378025	75714	SoulCrystal	105	A	6832134075	1	0	0		1.15			147	1	85824285	75714	SoulCrystal	105	A	257472854	1	7	0		1.15		87	1	121888	12188782	75714	SoulCrystal	110	A	36566347	1	5	0		1.15			57	1	4593	81521	SoulCrystal	115	A	13780	8	56	1					27	1	87	8655	343	BonesBlock	110	A	260	2	14	0																																																																																																									
9		238	1	1795450771385	972162014373	Wood	95	A	5386352 314 156	1	5	0					208	1	65869832269	87071	SoulCrystal	105	A	197609496807	1	7	0		1.15			178	1	2482342047	87071	SoulCrystal	105	A	7447026142	1	0	0		1.15			148	1	93548470	87071	SoulCrystal	105	A	280645411	1	7	0		1.15		88	1	132858	13285773	87071	SoulCrystal	110	A	39857318	1	5	0		1.15			58	1	5007	97826	SoulCrystal	115	A	15020	8	56	1					28	1	94	9434	412	BonesBlock	110	A	283	2	14	0																																																																																																									
9		239	1	1957041340810	1166594417247	Wood	95	A	5871124 022 430	1	5	0					209	1	71798117173	100131	SoulCrystal	105	A	215394351520	1	7	0		1.15			179	1	2705752832	100131	SoulCrystal	105	A	8117258495	1	0	0		1.15			149	1	101967832	100131	SoulCrystal	105	A	305903497	1	7	0		1.15		89	1	144815	14481492	100131	SoulCrystal	110	A	43444477	1	5	0		1.15			59	1	5457	117391	SoulCrystal	115	A	16372	9	63	1					29	1	103	10283	495	BonesBlock	110	A	308	2	14	0																																																																																																									
9		240	1	2133175061483	1399913300697	Wood	95	A	6399525 184 448	1	5	0					210	1	78259947719	115151	SoulCrystal	105	A	234779843157	1	7	0		1.15			180	1	2949270586	115151	SoulCrystal	105	A	8847811759	1	0	0		1.15			150	1	111144937	115151	SoulCrystal	105	A	333434812	1	7	0		1.15		90	1	157848	15784827	115151	SoulCrystal	110	A	47354480	1	5	0		1.15			60	1	5949	140869	SoulCrystal	115	A	17846	1	7	0					30	2	224	22418	593	BonesBlock	110	A	673	2	14	0																																																																																																									
9		241	1	2325160817016	1679895960836	Wood	95	A	6975482 451 049	1	5	0					211	1	85303343014	2000	BonesBlock	105	A	255910029041	1	7	0		2000			181	1	3214704939	2000	BonesBlock	105	A	9644114818	1	0	0		2000			151	1	121147982	2000	BonesBlock	105	A	363443945	1	7	0		2000		91	1	172055	17205461	2000	BonesBlock	110	A	51616383	1	5	0		2000			61	1	6484	2000	BonesBlock	115	A	19452	1	7	0		2000			31	1	244	24435	712	BonesBlock	110	A	733	2	14	0				1	1	1	0	Wax	55	A	3	2	14	0		7																																																																																									
9		242	1	2534425290548	2015875153003	Wood	95	A	7603275 871 643	1	5	0					212	1	92980643885	2300	BonesBlock	105	A	278941931654	1	7	0		1.15			182	1	3504028384	2300	BonesBlock	105	A	10512085151	1	0	0		1.15			152	1	132051300	2300	BonesBlock	105	A	396153900	1	7	0		1.15		92	1	187540	18753953	2300	BonesBlock	110	A	56261858	1	5	0		1.15			62	1	7068	2300	BonesBlock	115	A	21203	1	7	0		1.15			32	1	266	26634	855	BonesBlock	110	A	799	2	14	0				2	1	2	4	Wax	125	A	6	1	7	0	TYCOON	1																																																																																									
9		243	1	2762523566697	2419050183604	Wood	95	A	8287570 700 091	1	5	0					213	1	101348901834	2645	BonesBlock	105	A	304046705503	1	7	0		1.15			183	1	3819390938	2645	BonesBlock	105	A	11458172815	1	0	0		1.15			153	1	143935917	2645	BonesBlock	105	A	431807752	1	7	0		1.15		93	1	204418	20441808	2645	BonesBlock	110	A	61325425	1	5	0		1.15			63	1	7704	2645	BonesBlock	115	A	23111	1	7	0		1.15			33	1	290	29031	1025	BonesBlock	110	A	871	2	14	0				3	1	3	4	Wax	125	A	9	1	7	0	MERGE	0																																																																																									
9		244	1	3011150687700	2902860220325	Wood	95	A	9033452 063 099	1	5	0					214	1	110470302999	3042	BonesBlock	105	A	331410908998	1	7	0		1.15			184	1	4163136123	3042	BonesBlock	105	A	12489408368	1	0	0		1.15			154	1	156890150	3042	BonesBlock	105	A	470670449	1	7	0		1.15		94	1	222816	22281571	3042	BonesBlock	110	A	66844713	1	5	0		1.15			64	1	8397	3042	BonesBlock	115	A	25191	1	7	0		1.15			34	1	316	31644	1231	BonesBlock	110	A	949	2	14	0				4	1	4	5	Wax	125	A	12	1	7	0																																																																																											
9		245	1	3282154249593	3483432264389	Wood	95	A	9846462 748 778	1	5	0					215	1	120412630269	3498	BonesBlock	105	A	361237890808	1	7	0		1.15			185	1	4537818374	3498	BonesBlock	105	A	13613455121	1	0	0		1.15			155	1	171010263	3498	BonesBlock	105	A	513030790	1	7	0		1.15		95	1	242869	24286912	3498	BonesBlock	110	A	72860737	1	5	0		1.15			65	1	9153	3498	BonesBlock	115	A	27458	1	7	0		1.15			35	1	345	34492	1477	BonesBlock	110	A	1035	2	14	0				5	1	5	6	Wax	125	A	15	1	7	0																																																																																											
9		246	1	3577548132056	4180118717267	Wood	95	A	10732644 396 168	1	5	0					216	1	131249766994	4023	BonesBlock	105	A	393749300981	1	7	0		1.15			186	1	4946222027	4023	BonesBlock	105	A	14838666082	1	0	0		1.15			156	1	186401187	4023	BonesBlock	105	A	559203561	1	7	0		1.15		96	1	264727	26472735	4023	BonesBlock	110	A	79418204	1	5	0		1.15			66	1	9976	4023	BonesBlock	115	A	29929	1	7	0		1.15			36	1	376	37597	1772	BonesBlock	110	A	1128	2	14	0				6	1	6	7	Wax	125	A	18	1	7	0																																																																																											
9		247	1	3899527463941	5016142460721	Wood	95	A	11698582 391 823	1	5	0					217	1	143062246023	4626	BonesBlock	105	A	429186738069	1	7	0		1.15			187	1	5391382010	4626	BonesBlock	105	A	16174146030	1	0	0		1.15			157	1	203177294	4626	BonesBlock	105	A	609531881	1	7	0		1.15		97	1	288553	28855281	4626	BonesBlock	110	A	86565842	1	5	0		1.15			67	1	10874	4626	BonesBlock	115	A	32623	1	7	0		1.15			37	1	410	40980	2126	BonesBlock	110	A	1229	3	21	0				7	1	7	9	Wax	125	A	21	1	7	0																																																																																											
9		248	1	4250484935696	6019370952865	Wood	95	A	12751454 807 087	1	5	0					218	1	155937848165	5320	BonesBlock	105	A	467813544496	1	7	0		1.15			188	1	5876606391	5320	BonesBlock	105	A	17629819172	1	0	0		1.15			158	1	221463250	5320	BonesBlock	105	A	664389750	1	7	0		1.15		98	1	314523	31452256	5320	BonesBlock	110	A	94356768	1	5	0		1.15			68	1	11853	5320	BonesBlock	115	A	35559	1	7	0		1.15			38	1	447	44669	2552	BonesBlock	110	A	1340	3	21	0				8	1	8	11	Wax	125	A	24	1	7	0																																																																																											
9		249	1	4633028579908	7223245143438	Wood	95	A	13899085 739 725	1	5	0					219	1	169972254500	6118	BonesBlock	105	A	509916763500	1	7	0		1.15			189	1	6405500966	6118	BonesBlock	105	A	19216502898	1	0	0		1.15			159	1	241394943	6118	BonesBlock	105	A	724184828	1	7	0		1.15		99	1	342830	34282959	6118	BonesBlock	110	A	102848877	1	5	0		1.15			69	1	12920	6118	BonesBlock	115	A	38759	1	7	0		1.15			39	1	487	48689	3062	BonesBlock	110	A	1461	3	21	0				9	1	9	13	Wax	125	A	27	1	7	0																																																																																											
9		250	1	5050001152100	8667894172126	Wood	95	A	15150003 456 300	1	5	0					220	1	185269757405	7036	BonesBlock	105	A	555809272215	1	7	0		1.15			190	1	6981996053	7036	BonesBlock	105	A	20945988159	1	0	0		1.15			160	1	263120487	7036	BonesBlock	105	A	789361462	1	7	0		1.15		100	1	373684	37368425	7036	BonesBlock	110	A	112105276	1	5	0		1.15			70	1	14083	7036	BonesBlock	115	A	42248	1	7	0		1.15			40	1	531	53071	3674	BonesBlock	110	A	1592	3	21	0				10	1	10	15	Wax	125	A	30	1	7	0																																																																																											
9		251	1	5504501255789	10401473006551	Wood	105	A	16513503 767 367	1	5	0					221	1	201944035572	8091	BonesBlock	105	A	605832106715	1	7	0		1.15			191	1	7610375698	8091	BonesBlock	105	A	22831127093	1	0	0		1.15			161	1	286801331	8091	BonesBlock	105	A	860403994	1	7	0		1.15		101	1	407316	40731584	8091	BonesBlock	110	A	122194751	1	5	0		1.15			71	1	15350	8091	BonesBlock	115	A	46050	1	7	0		1.15			41	1	578	57847	4409	BonesBlock	110	A	1735	4	28	0				11	2	22	19	Wax	125	A	65	1	7	0																																																																																											
9		252	1	5999906368810	12481767607861	Wood	105	A	17999719 106 430	1	5	0					222	1	220118998773	9305	BonesBlock	105	A	660356996319	1	7	0		1.15			192	1	8295309510	9305	BonesBlock	105	A	24885928531	1	0	0		1.15			162	1	312613451	9305	BonesBlock	105	A	937840354	1	7	0		1.15		102	1	443974	44397426	9305	BonesBlock	110	A	133192278	1	5	0		1.15			72	1	16731	9305	BonesBlock	115	A	50194	1	7	0		1.15			42	1	631	63053	5291	BonesBlock	110	A	1892	4	28	0				12	1	24	22	Wax	125	A	71	1	7	0																																																																																											
9		253	1	6539897942003	14978121129433	Wood	105	A	19619693 826 009	1	5	0					223	1	239929708663	10701	BonesBlock	105	A	719789125988	1	7	0		1.15			193	1	9041887366	10701	BonesBlock	105	A	27125662099	1	0	0		1.15			163	1	340748662	10701	BonesBlock	105	A	1022245985	1	7	0		1.15		103	1	483932	48393194	10701	BonesBlock	110	A	145179583	1	5	0		1.15			73	1	18237	10701	BonesBlock	115	A	54712	1	7	0		1.15			43	1	687	68728	6349	BonesBlock	110	A	2062	4	28	0				13	1	26	27	Wax	125	A	78	1	7	0																																																																																											
9		254	1	7128488756783	17973745355320	Wood	105	A	21385466 270 350	2	10	0					224	1	261523382442	12306	BonesBlock	105	A	784570147327	1	7	0		1.15			194	1	9855657229	12306	BonesBlock	105	A	29566971688	1	0	0		1.15			164	1	371416041	12306	BonesBlock	105	A	1114248124	1	7	0		1.15		104	1	527486	52748582	12306	BonesBlock	110	A	158245746	1	5	0		1.15			74	1	19879	12306	BonesBlock	115	A	59636	1	7	0		1.15			44	1	749	74914	7619	BonesBlock	110	A	2247	5	35	1				14	1	28	32	Wax	125	A	85	1	7	0																																																																																											
9		255	1	7770052744894	21568494426384	Wood	105	A	23310158 234 681	2	10	0					225	1	285060486862	14151	BonesBlock	105	A	855181460586	1	7	0		1.15			195	1	10742666380	14151	BonesBlock	105	A	32227999140	1	0	0		1.15			165	1	404843485	14151	BonesBlock	105	A	1214530455	1	7	0		1.15		105	1	574960	57495954	14151	BonesBlock	110	A	172487863	1	5	0		1.15			75	1	21668	14151	BonesBlock	115	A	65003	1	7	0		1.15			45	1	817	81656	9143	BonesBlock	110	A	2450	5	35	1				15	1	31	39	Wax	125	A	92	1	7	0																																																																																											
9		256	1	8469357491934	25882193311660	Wood	105	A	25408072 475 802	2	10	0					226	1	310715930680	16274	BonesBlock	105	A	932147792039	1	7	0		1.15			196	1	11709506354	16274	BonesBlock	105	A	35128519063	1	0	0		1.15			166	1	441279399	16274	BonesBlock	105	A	1323838196	1	7	0		1.15		106	1	626706	62670590	16274	BonesBlock	110	A	188011771	1	5	0		1.15			76	1	23618	16274	BonesBlock	115	A	70853	1	7	0		1.15			46	1	890	89005	10972	BonesBlock	110	A	2670	5	35	1				16	1	34	46	Wax	125	A	101	1	7	0																																																																																											
9		257	1	9231599666208	31058631973992	Wood	105	A	27694798 998 625	2	10	0					227	1	338680364441	18715	BonesBlock	105	A	1016041093322	1	7	0		1.15			197	1	12763361926	18715	BonesBlock	105	A	38290085778	1	0	0		1.15			167	1	480994545	18715	BonesBlock	105	A	1442983634	1	7	0		1.15		107	1	683109	68310943	18715	BonesBlock	110	A	204932830	1	5	0		1.15			77	1	25743	18715	BonesBlock	115	A	77230	1	7	0		1.15			47	1	970	97015	13166	BonesBlock	110	A	2910	6	42	1				17	1	37	55	Wax	125	A	110	1	7	0																																																																																											
9		258	1	10062443636167	37270358368791	Wood	105	A	30187330 908 501	2	10	0					228	1	369161597240	21523	BonesBlock	105	A	1107484791721	1	7	0		1.15			198	1	13912064499	21523	BonesBlock	105	A	41736193498	1	0	0		1.15			168	1	524284054	21523	BonesBlock	105	A	1572852161	1	7	0		1.15		108	1	744589	74458928	21523	BonesBlock	110	A	223376785	1	5	0		1.15			78	1	28060	21523	BonesBlock	115	A	84181	1	7	0		1.15			48	1	1057	105747	15799	BonesBlock	110	A	3172	6	42	1				18	1	40	67	Wax	125	A	120	1	7	0																																																																																											
9		259	1	10968063563422	44724430042549	Wood	105	A	32904190 690 266	2	10	0					229	1	402386140992	24751	BonesBlock	105	A	1207158422976	1	7	0		1.15			199	1	15164150304	24751	BonesBlock	105	A	45492450913	1	0	0		1.15			169	1	571469618	24751	BonesBlock	105	A	1714408855	1	7	0		1.15		109	1	811602	81160232	24751	BonesBlock	110	A	243480695	1	5	0		1.15			79	1	30586	24751	BonesBlock	115	A	91757	1	7	0		1.15			49	1	1153	115264	18959	BonesBlock	110	A	3458	7	49	1				19	1	43	80	Wax	125	A	130	1	7	0																																																																																											
9		260	1	11955189284130	53669316051059	Wood	105	A	35865567 852 390	2	10	0					230	1	438600893681	28464	BonesBlock	105	A	1315802681044	1	7	0		1.15			200	1	16528923832	28464	BonesBlock	105	A	49586771495	1	0	0		1.15			170	1	622901884	28464	BonesBlock	105	A	1868705652	1	7	0		1.15		110	1	884647	88464653	28464	BonesBlock	110	A	265393958	1	5	0		1.15			80	1	33338	28464	BonesBlock	115	A	100015	1	7	0		1.15			50	1	1256	125638	22751	BonesBlock	120	A	3769	8	56	1				20	1	47	96	Wax	125	A	142	1	7	0																																																																																											
10		261	2	26062312639403	64403179261270	Wood	105	A	78186937 918 210	1	5	0					231	2	956149948225	32733	BonesBlock	105	A	2868449844676	1	7	0		1.15			201	2	36033053953	32733	BonesBlock	105	A	108099161860	1	0	0		1.15			171	2	1357926107	32733	BonesBlock	105	A	4073778322	1	7	0		1.15		111	2	1928529	192852943	32733	BonesBlock	110	A	578558828	1	5	0		1.15			81	2	72678	32733	BonesBlock	115	A	218033	1	7	0		1.15			51	2	2739	273890	27301	BonesBlock	120	A	8217	4	28	0				21	1	52	115	Wax	125	A	155	1	7	0																																																																																											
10		262	1	28407920776950	77283815113524	Wood	105	A	85223762 330 848	2	10	0					232	1	1042203443565	37643	BonesBlock	105	A	3126610330696	1	7	0		1.15			202	1	39276028809	37643	BonesBlock	105	A	117828086427	1	0	0		1.15			172	1	1480139457	37643	BonesBlock	105	A	4440418371	1	7	0		1.15		112	1	2102097	210209708	37643	BonesBlock	110	A	630629123	1	5	0		1.15			82	1	79219	37643	BonesBlock	115	A	237656	1	7	0		1.15			52	1	2985	298540	32762	BonesBlock	120	A	8956	5	35	1				22	1	56	138	Wax	125	A	169	1	7	0																																																																																											
10		263	1	30964633646875	92740578136229	Wood	105	A	92893900 940 625	2	10	0					233	1	1136001753486	43289	BonesBlock	105	A	3408005260459	1	7	0		1.15			203	1	42810871402	43289	BonesBlock	105	A	128432614206	1	0	0		1.15			173	1	1613352008	43289	BonesBlock	105	A	4840056024	1	7	0		1.15		113	1	2291286	229128581	43289	BonesBlock	110	A	687385744	1	5	0		1.15			83	1	86348	43289	BonesBlock	115	A	259045	1	7	0		1.15			53	1	3254	325409	39314	BonesBlock	120	A	9762	5	35	1				23	1	61	166	Wax	125	A	184	2	14	0																																																																																											
10		264	1	33751450675094	111288693763475	Wood	105	A	101254352 025 281	2	10	0					234	1	1238241911300	49783	BonesBlock	105	A	3714725733900	1	7	0		1.15			204	1	46663849828	49783	BonesBlock	105	A	139991549484	1	0	0		1.15			174	1	1758553689	49783	BonesBlock	105	A	5275661066	1	7	0		1.15		114	1	2497502	249750154	49783	BonesBlock	110	A	749250461	1	5	0		1.15			84	1	94120	49783	BonesBlock	115	A	282359	1	7	0		1.15			54	1	3547	354696	47177	BonesBlock	120	A	10641	6	42	1				24	1	67	199	Wax	125	A	201	2	14	0																																																																																											
10		265	1	36789081235852	133546432516170	Wood	105	A	110367243 707 556	2	10	0					235	1	1349683683317	57250	BonesBlock	105	A	4049051049951	1	7	0		1.15			205	1	50863596313	57250	BonesBlock	105	A	152590788938	1	0	0		1.15			175	1	1916823521	57250	BonesBlock	105	A	5750470562	1	7	0		1.15		115	1	2722277	272227668	57250	BonesBlock	110	A	816683003	1	5	0		1.15			85	1	102591	57250	BonesBlock	115	A	307772	1	7	0		1.15			55	1	3866	386618	56612	BonesBlock	120	A	11599	6	42	1				25	1	73	238	Wax	125	A	219	2	14	0																																																																																											
10		266	1	40100098547079	160255719019404	Wood	105	A	120300295 641 236	2	10	0					236	1	1471155214816	65838	BonesBlock	105	A	4413465644447	1	7	0		1.15			206	1	55441319981	65838	BonesBlock	105	A	166323959942	1	0	0		1.15			176	1	2089337638	65838	BonesBlock	105	A	6268012913	1	7	0		1.15		116	1	2967282	296728158	65838	BonesBlock	110	A	890184473	1	5	0		1.15			86	1	111824	65838	BonesBlock	115	A	335471	1	7	0		1.15			56	1	4214	421414	67934	BonesBlock	120	A	12642	7	49	1				26	1	79	286	Wax	125	A	238	2	14	0																																																																																											
10		267	1	43709107416316	192306862823285	Wood	105	A	131127322 248 948	2	10	0					237	1	1603559184149	75714	BonesBlock	105	A	4810677552447	1	7	0		1.15			207	1	60431038779	75714	BonesBlock	105	A	181293116337	1	0	0		1.15			177	1	2277378025	75714	BonesBlock	105	A	6832134075	1	7	0		1.15		117	1	3234337	323433692	75714	BonesBlock	110	A	970301075	1	5	0		1.15			87	1	121888	75714	BonesBlock	115	A	365663	1	7	0		1.15			57	1	4593	459341	81521	BonesBlock	120	A	13780	8	56	1				27	1	87	343	Wax	125	A	260	2	14	0																																																																																											
10		268	1	47642927083784	230768235387942	Wood	105	A	142928781 251 353	2	10	0					238	1	1747879510723	87071	BonesBlock	105	A	5243638532167	1	7	0		1.15			208	1	65869832269	87071	BonesBlock	105	A	197609496807	1	0	0		1.15			178	1	2482342047	87071	BonesBlock	105	A	7447026142	1	7	0		1.15		118	1	3525427	352542724	87071	BonesBlock	110	A	1057628172	1	5	0		1.15			88	1	132858	87071	BonesBlock	115	A	398573	1	7	0		1.15			58	1	5007	500682	97826	BonesBlock	120	A	15020	8	56	1				28	1	94	412	Wax	125	A	283	2	14	0																																																																																											
10		269	1	51930790521325	276921882465530	Wood	105	A	155792371 563 975	3	15	0					239	1	1905188666688	100131	BonesBlock	105	A	5715566000063	1	7	0		1.15			209	1	71798117173	100131	BonesBlock	105	A	215394351520	1	0	0		1.15			179	1	2705752832	100131	BonesBlock	105	A	8117258495	1	7	0		1.15		119	1	3842716	384271569	100131	BonesBlock	110	A	1152814708	1	5	0		1.15			89	1	144815	100131	BonesBlock	115	A	434445	1	7	0		1.15			59	1	5457	545743	117391	BonesBlock	120	A	16372	9	63	1				29	1	103	495	Wax	125	A	308	2	14	0																																																																																											
10		270	1	56604561668244	332306258958636	Wood	105	A	169813685 004 732	3	15	0					240	1	2076655646689	115151	BonesBlock	115	A	6229966940068	1	7	0		1.15			210	1	78259947719	115151	BonesBlock	115	A	234779843157	1	0	0		1.15			180	1	2949270586	115151	BonesBlock	115	A	8847811759	1	7	0		1.15		120	1	4188560	418856010	115151	BonesBlock	120	A	1256568031	1	5	0		1.15			90	1	157848	115151	BonesBlock	125	A	473545	1	7	0		1.15			60	1	5949	594860	140869	BonesBlock	120	A	17846	1	7	0				30	2	224	593	Wax	135	A	673	2	14	0																																																																																											
10		271	1	61698972218386	398767510750364	Wood	105	A	185096916 655 158	3	15	0					241	1	2263554654891	2000	Wax	115	A	6790663964674	1	7	0		2000			211	1	85303343014	2000	Wax	115	A	255910029041	1	0	0		2000			181	1	3214704939	2000	Wax	115	A	9644114818	1	7	0		2000		121	1	4565531	456553051	2000	Wax	120	A	1369659154	1	5	0		2000			91	1	172055	2000	Wax	125	A	516164	1	7	0		2000			61	1	6484	648398	2000	Wax	130	A	1945193	1	7	0		2000		31	1	244	712	Wax	135	A	733	2	14	0				1	1	1	100	0	Potion2	55	A	3	2	14	0		7																																																																										
10		272	1	67251879718041	478521012900436	Wood	105	A	201755639 154 123	3	15	0					242	1	2467274573832	2300	Wax	115	A	7401823721495	1	7	0		1.15			212	1	92980643885	2300	Wax	115	A	278941931654	1	0	0		1.15			182	1	3504028384	2300	Wax	115	A	10512085151	1	7	0		1.15		122	1	4976428	497642826	2300	Wax	120	A	1492928478	1	5	0		1.15			92	1	187540	2300	Wax	125	A	562619	1	7	0		1.15			62	1	7068	706753	2300	Wax	130	A	2120260	1	7	0		1.15		32	1	266	855	Wax	135	A	799	2	14	0				2	1	2	200	4	Potion2	130	A	6	1	7	0	TYCOON	1																																																																										
10		273	1	73304548892665	574225215480524	Wood	105	A	219913646 677 994	4	20	0					243	1	2689329285477	2645	Wax	115	A	8067987856430	1	7	0		1.15			213	1	101348901834	2645	Wax	115	A	304046705503	1	0	0		1.15			183	1	3819390938	2645	Wax	115	A	11458172815	1	7	0		1.15		123	1	5424307	542430680	2645	Wax	120	A	1627292041	1	5	0		1.15			93	1	204418	2645	Wax	125	A	613254	1	7	0		1.15			63	1	7704	770361	2645	Wax	130	A	2311083	1	7	0		1.15		33	1	290	1025	Wax	135	A	871	2	14	0				3	1	3	300	4	Potion2	130	A	9	1	7	0	MERGE	0																																																																										
10		274	1	79901958293004	689070258576628	Wood	105	A	239705874 879 013	4	20	0					244	1	2931368921169	3042	Wax	115	A	8794106763508	1	7	0		1.15			214	1	110470302999	3042	Wax	115	A	331410908998	1	0	0		1.15			184	1	4163136123	3042	Wax	115	A	12489408368	1	7	0		1.15		124	1	5912494	591249442	3042	Wax	120	A	1773748325	1	5	0		1.15			94	1	222816	3042	Wax	125	A	668447	1	7	0		1.15			64	1	8397	839694	3042	Wax	130	A	2519081	1	7	0		1.15		34	1	316	1231	Wax	135	A	949	2	14	0				4	1	4	400	5	Potion2	130	A	12	1	7	0																																																																												
10		275	1	87093134539375	826884310291954	Wood	105	A	261279403 618 124	4	20	0					245	1	3195192124075	3498	Wax	115	A	9585576372224	1	7	0		1.15			215	1	120412630269	3498	Wax	115	A	361237890808	1	0	0		1.15			185	1	4537818374	3498	Wax	115	A	13613455121	1	7	0		1.15		125	1	6444619	644461891	3498	Wax	120	A	1933385674	1	5	0		1.15			95	1	242869	3498	Wax	125	A	728607	1	7	0		1.15			65	1	9153	915266	3498	Wax	130	A	2745798	1	7	0		1.15		35	1	345	1477	Wax	135	A	1035	2	14	0				5	1	5	500	6	Potion2	130	A	15	1	7	0																																																																												
10		276	1	94931516647919	992261172350345	Wood	105	A	284794549 943 756	5	25	0					246	1	3482759415241	4023	Wax	115	A	10448278245724	1	7	0		1.15			216	1	131249766994	4023	Wax	115	A	393749300981	1	0	0		1.15			186	1	4946222027	4023	Wax	115	A	14838666082	1	7	0		1.15		126	1	7024635	702463462	4023	Wax	120	A	2107390385	1	5	0		1.15			96	1	264727	4023	Wax	125	A	794182	1	7	0		1.15			66	1	9976	997640	4023	Wax	130	A	2992920	1	7	0		1.15		36	1	376	1772	Wax	135	A	1128	2	14	0				6	1	6	600	7	Potion2	130	A	18	1	7	0																																																																												
10		277	1	103475353146231	1190713406820410	Wood	105	A	310426059 438 694	5	25	0					247	1	3796207762613	4626	Wax	115	A	11388623287839	1	7	0		1.15			217	1	143062246023	4626	Wax	115	A	429186738069	1	0	0		1.15			187	1	5391382010	4626	Wax	115	A	16174146030	1	7	0		1.15		127	1	7656852	765685173	4626	Wax	120	A	2297055519	1	5	0		1.15			97	1	288553	4626	Wax	125	A	865658	1	7	0		1.15			67	1	10874	1087428	4626	Wax	130	A	3262283	1	7	0		1.15		37	1	410	2126	Wax	135	A	1229	3	21	0				7	1	7	700	9	Potion2	130	A	21	1	7	0																																																																												
10		278	1	112788134929392	1428856088184500	Wood	105	A	338364404 788 176	6	30	1					248	1	4137866461248	5320	Wax	115	A	12413599383745	1	7	0		1.15			218	1	155937848165	5320	Wax	115	A	467813544496	1	0	0		1.15			188	1	5876606391	5320	Wax	115	A	17629819172	1	7	0		1.15		128	1	8345968	834596839	5320	Wax	120	A	2503790516	1	5	0		1.15			98	1	314523	5320	Wax	125	A	943568	1	7	0		1.15			68	1	11853	1185296	5320	Wax	130	A	3555888	1	7	0		1.15		38	1	447	2552	Wax	135	A	1340	3	21	0				8	1	8	800	11	Potion2	130	A	24	1	7	0																																																																												
10		279	1	122939067073037	1714627305821390	Wood	105	A	368817201 219 112	6	30	1					249	1	4510274442761	6118	Wax	115	A	13530823328282	1	7	0		1.15			219	1	169972254500	6118	Wax	115	A	509916763500	1	0	0		1.15			189	1	6405500966	6118	Wax	115	A	19216502898	1	7	0		1.15		129	1	9097106	909710554	6118	Wax	120	A	2729131662	1	5	0		1.15			99	1	342830	6118	Wax	125	A	1028489	1	7	0		1.15			69	1	12920	1291973	6118	Wax	130	A	3875918	1	7	0		1.15		39	1	487	3062	Wax	135	A	1461	3	21	0				9	1	9	900	13	Potion2	130	A	27	1	7	0																																																																												
10		280	1	134003583109611	2057552766985670	Wood	105	A	402010749 328 832	7	35	1					250	1	4916199142609	7036	Wax	115	A	14748597427827	1	7	0		1.15			220	1	185269757405	7036	Wax	115	A	555809272215	1	0	0		1.15			190	1	6981996053	7036	Wax	115	A	20945988159	1	7	0		1.15		130	1	9915845	991584504	7036	Wax	120	A	2974753512	1	5	0		1.15			100	1	373684	7036	Wax	125	A	1121053	1	7	0		1.15			70	1	14083	1408250	7036	Wax	130	A	4224751	1	7	0		1.15		40	1	531	3674	Wax	135	A	1592	3	21	0				10	1	10	1000	15	Potion2	130	A	30	1	7	0																																																																												
10		281	1	146063905589476	2469063320382810	Wood	105	A	438191716 768 427	7	35	1					251	1	5358657065444	8091	Wax	115	A	16075971196332	1	7	0		1.15			221	1	201944035572	8091	Wax	115	A	605832106715	1	0	0		1.15			191	1	7610375698	8091	Wax	115	A	22831127093	1	7	0		1.15		131	1	10808271	1080827109	8091	Wax	120	A	3242481328	1	5	0		1.15			101	1	407316	8091	Wax	125	A	1221948	1	7	0		1.15			71	1	15350	1534993	8091	Wax	130	A	4604979	1	7	0		1.15		41	1	578	4409	Wax	135	A	1735	4	28	0				11	2	22	2180	19	Potion2	130	A	65	1	7	0																																																																												
10		282	1	159209657092528	2962875984459370	Wood	105	A	477628971 277 585	8	40	1					252	1	5840936201334	9305	Wax	115	A	17522808604002	1	7	0		1.15			222	1	220118998773	9305	Wax	115	A	660356996319	1	0	0		1.15			192	1	8295309510	9305	Wax	115	A	24885928531	1	7	0		1.15		132	1	11781015	1178101549	9305	Wax	120	A	3534304648	1	5	0		1.15			102	1	443974	9305	Wax	125	A	1331923	1	7	0		1.15			72	1	16731	1673142	9305	Wax	130	A	5019427	1	7	0		1.15		42	1	631	5291	Wax	135	A	1892	4	28	0				12	1	24	2376	22	Potion2	130	A	71	1	7	0																																																																												
10		283	1	173538526230856	3555451181351240	Wood	105	A	520615578 692 568	9	45	1					253	1	6366620459454	10701	Wax	115	A	19099861378362	1	7	0		1.15			223	1	239929708663	10701	Wax	115	A	719789125988	1	0	0		1.15			193	1	9041887366	10701	Wax	115	A	27125662099	1	7	0		1.15		133	1	12841307	1284130689	10701	Wax	120	A	3852392066	1	5	0		1.15			103	1	483932	10701	Wax	125	A	1451796	1	7	0		1.15			73	1	18237	1823725	10701	Wax	130	A	5471175	1	7	0		1.15		43	1	687	6349	Wax	135	A	2062	4	28	0				13	1	26	2590	27	Potion2	130	A	78	1	7	0																																																																												
10		284	1	189156993591633	4266541417621490	Wood	105	A	567470980 774 899	10	50	1					254	1	6939616300805	12306	Wax	115	A	20818848902414	1	7	0		1.15			224	1	261523382442	12306	Wax	115	A	784570147327	1	0	0		1.15			194	1	9855657229	12306	Wax	115	A	29566971688	1	7	0		1.15		134	1	13997025	1399702451	12306	Wax	120	A	4199107352	1	5	0		1.15			104	1	527486	12306	Wax	125	A	1582457	1	7	0		1.15			74	1	19879	1987860	12306	Wax	130	A	5963581	1	7	0		1.15		44	1	749	7619	Wax	135	A	2247	5	35	1				14	1	28	2823	32	Potion2	130	A	85	1	7	0																																																																												
10		285	1	206181123014880	5119849701145790	Wood	105	A	618543369 044 640	10	50	1					255	1	7564181767877	14151	Wax	115	A	22692545303632	1	7	0		1.15			225	1	285060486862	14151	Wax	115	A	855181460586	1	0	0		1.15			195	1	10742666380	14151	Wax	115	A	32227999140	1	7	0		1.15		135	1	15256757	1525675671	14151	Wax	120	A	4577027013	1	5	0		1.15			105	1	574960	14151	Wax	125	A	1724879	1	7	0		1.15			75	1	21668	2166768	14151	Wax	130	A	6500303	1	7	0		1.15		45	1	817	9143	Wax	135	A	2450	5	35	1				15	1	31	3077	39	Potion2	130	A	92	1	7	0																																																																												
10		286	1	224737424086219	6143819641374950	Wood	105	A	674212272 258 658	11	55	1					256	1	8244958126986	16274	Wax	115	A	24734874380958	1	7	0		1.15			226	1	310715930680	16274	Wax	115	A	932147792039	1	0	0		1.15			196	1	11709506354	16274	Wax	115	A	35128519063	1	7	0		1.15		136	1	16629865	1662986482	16274	Wax	120	A	4988959445	1	5	0		1.15			106	1	626706	16274	Wax	125	A	1880118	1	7	0		1.15			76	1	23618	2361777	16274	Wax	130	A	7085330	1	7	0		1.15		46	1	890	10972	Wax	135	A	2670	5	35	1				16	1	34	3354	46	Potion2	130	A	101	1	7	0																																																																												
10		287	1	244963792253979	7372583569649940	Wood	105	A	734891376 761 937	13	65	1					257	1	8987004358415	18715	Wax	115	A	26961013075245	1	7	0		1.15			227	1	338680364441	18715	Wax	115	A	1016041093322	1	0	0		1.15			197	1	12763361926	18715	Wax	115	A	38290085778	1	7	0		1.15		137	1	18126553	1812655265	18715	Wax	120	A	5437965795	1	5	0		1.15			107	1	683109	18715	Wax	125	A	2049328	1	7	0		1.15			77	1	25743	2574337	18715	Wax	130	A	7723010	1	7	0		1.15		47	1	970	13166	Wax	135	A	2910	6	42	1				17	1	37	3656	55	Potion2	130	A	110	1	7	0																																																																												
10		288	1	267010533556837	8847100283579920	Wood	105	A	801031600 670 511	14	70	1					258	1	9795834750672	21523	Wax	115	A	29387504252017	1	7	0		1.15			228	1	369161597240	21523	Wax	115	A	1107484791721	1	0	0		1.15			198	1	13912064499	21523	Wax	115	A	41736193498	1	7	0		1.15		138	1	19757942	1975794239	21523	Wax	120	A	5927382716	1	5	0		1.15			108	1	744589	21523	Wax	125	A	2233768	1	7	0		1.15			78	1	28060	2806027	21523	Wax	130	A	8418081	1	7	0		1.15		48	1	1057	15799	Wax	135	A	3172	6	42	1				18	1	40	3985	67	Potion2	130	A	120	1	7	0																																																																												
10		289	1	291041481576953	10616520340295900	Wood	105	A	873124444 730 858	15	75	1					259	1	10677459878233	24751	Wax	115	A	32032379634698	1	7	0		1.15			229	1	402386140992	24751	Wax	115	A	1207158422976	1	0	0		1.15			199	1	15164150304	24751	Wax	115	A	45492450913	1	7	0		1.15		139	1	21536157	2153615720	24751	Wax	120	A	6460847161	1	5	0		1.15			109	1	811602	24751	Wax	125	A	2434807	1	7	0		1.15			79	1	30586	3058569	24751	Wax	130	A	9175708	1	7	0		1.15		49	1	1153	18959	Wax	135	A	3458	7	49	1				19	1	43	4344	80	Potion2	130	A	130	1	7	0																																																																												
10		290	1	317235214918878	12739824408355100	Wood	105	A	951705644 756 635	17	85	1					260	1	11638431267274	28464	Wax	115	A	34915293801821	1	7	0		1.15			230	1	438600893681	28464	Wax	115	A	1315802681044	1	0	0		1.15			200	1	16528923832	28464	Wax	115	A	49586771495	1	7	0		1.15		140	1	23474411	2347441135	28464	Wax	120	A	7042323405	1	5	0		1.15			110	1	884647	28464	Wax	125	A	2653940	1	7	0		1.15			80	1	33338	3333841	28464	Wax	130	A	10001522	1	7	0		1.15		50	1	1256	22751	Wax	135	A	3769	8	56	1				20	1	47	4735	96	Potion2	130	A	142	1	7	0																																																																												
11		291	2	691572768523155	15287789290026100	Wood	115	A	2074718305 569 460	9	45	1					261	2	25371780162657	32733	Wax	115	A	76115340487970	1	7	0		1.15			231	2	956149948225	32733	Wax	115	A	2868449844676	1	0	0		1.15			201	2	36033053953	32733	Wax	115	A	108099161860	1	7	0		1.15		141	2	51174217	5117421674	32733	Wax	120	A	15352265023	1	5	0		1.15			111	2	1928529	32733	Wax	125	A	5785588	1	7	0		1.15			81	2	72678	7267773	32733	Wax	130	A	21803318	1	7	0		1.15		51	2	2739	27301	Wax	135	A	8217	4	28	0				21	1	52	5161	115	Potion2	130	A	155	1	7	0																																																																												
11		292	1	753814317690239	18345347148031300	Wood	115	A	2261442953 070 720	10	50	1					262	1	27655240377296	37643	Wax	115	A	82965721131887	1	7	0		1.15			232	1	1042203443565	37643	Wax	115	A	3126610330696	1	0	0		1.15			202	1	39276028809	37643	Wax	115	A	117828086427	1	7	0		1.15		142	1	55779896	5577989625	37643	Wax	120	A	16733968875	1	5	0		1.15			112	1	2102097	37643	Wax	125	A	6306291	1	7	0		1.15			82	1	79219	7921872	37643	Wax	130	A	23765617	1	7	0		1.15		52	1	2985	32762	Wax	135	A	8956	5	35	1				22	1	56	5625	138	Potion2	130	A	169	1	7	0																																																																												
11		293	1	821657606282360	22014416577637600	Wood	115	A	2464972818 847 080	11	55	1					263	1	30144212011252	43289	Wax	115	A	90432636033757	1	7	0		1.15			233	1	1136001753486	43289	Wax	115	A	3408005260459	1	0	0		1.15			203	1	42810871402	43289	Wax	115	A	128432614206	1	7	0		1.15		143	1	60800087	6080008691	43289	Wax	120	A	18240026074	1	5	0		1.15			113	1	2291286	43289	Wax	125	A	6873857	1	7	0		1.15			83	1	86348	8634841	43289	Wax	130	A	25904522	1	7	0		1.15		53	1	3254	39314	Wax	135	A	9762	5	35	1				23	1	61	6132	166	Potion2	130	A	184	2	14	0																																																																												
11		294	1	895606790847773	26417299893165100	Wood	115	A	2686820372 543 320	12	60	1					264	1	32857191092265	49783	Wax	115	A	98571573276795	1	7	0		1.15			234	1	1238241911300	49783	Wax	115	A	3714725733900	1	0	0		1.15			204	1	46663849828	49783	Wax	115	A	139991549484	1	7	0		1.15		144	1	66272095	6627209473	49783	Wax	120	A	19881628420	1	5	0		1.15			114	1	2497502	49783	Wax	125	A	7492505	1	7	0		1.15			84	1	94120	9411976	49783	Wax	130	A	28235929	1	7	0		1.15		54	1	3547	47177	Wax	135	A	10641	6	42	1				24	1	67	6683	199	Potion2	130	A	201	2	14	0																																																																												
11		295	1	976211402024072	31700759871798100	Wood	115	A	2928634206 072 220	13	65	1					265	1	35814338290569	57250	Wax	115	A	107443014871707	1	7	0		1.15			235	1	1349683683317	57250	Wax	115	A	4049051049951	1	0	0		1.15			205	1	50863596313	57250	Wax	115	A	152590788938	1	7	0		1.15		145	1	72236583	7223658326	57250	Wax	120	A	21670974978	1	5	0		1.15			115	1	2722277	57250	Wax	125	A	8166830	1	7	0		1.15			85	1	102591	10259054	57250	Wax	130	A	30777163	1	7	0		1.15		55	1	3866	56612	Wax	135	A	11599	6	42	1				25	1	73	7285	238	Potion2	130	A	219	2	14	0																																																																												
11		296	1	1064070428206240	38040911846157800	Wood	115	A	3192211284 618 720	15	75	1					266	1	39037628736720	65838	Wax	115	A	117112886210160	1	7	0		1.15			236	1	1471155214816	65838	Wax	115	A	4413465644447	1	0	0		1.15			206	1	55441319981	65838	Wax	115	A	166323959942	1	7	0		1.15		146	1	78737876	7873787575	65838	Wax	120	A	23621362726	1	5	0		1.15			116	1	2967282	65838	Wax	125	A	8901845	1	7	0		1.15			86	1	111824	11182369	65838	Wax	130	A	33547108	1	7	0		1.15		56	1	4214	67934	Wax	135	A	12642	7	49	1				26	1	79	7941	286	Potion2	130	A	238	2	14	0																																																																												
11		297	1	1159836766744800	45649094215389300	Wood	115	A	3479510300 234 400	16	80	1					267	1	42551015323025	75714	Wax	115	A	127653045969075	1	7	0		1.15			237	1	1603559184149	75714	Wax	115	A	4810677552447	1	0	0		1.15			207	1	60431038779	75714	Wax	115	A	181293116337	1	7	0		1.15		147	1	85824285	8582428457	75714	Wax	120	A	25747285372	1	5	0		1.15			117	1	3234337	75714	Wax	125	A	9703011	1	7	0		1.15			87	1	121888	12188782	75714	Wax	130	A	36566347	1	7	0		1.15		57	1	4593	81521	Wax	135	A	13780	8	56	1				27	1	87	8655	343	Potion2	130	A	260	2	14	0																																																																												
11		298	1	1264222075751830	54778913058467200	Wood	115	A	3792666227 255 500	18	90	2					268	1	46380606702097	87071	Wax	115	A	139141820106291	1	7	0		1.15			238	1	1747879510723	87071	Wax	115	A	5243638532167	1	0	0		1.15			208	1	65869832269	87071	Wax	115	A	197609496807	1	7	0		1.15		148	1	93548470	9354847018	87071	Wax	120	A	28064541055	1	5	0		1.15			118	1	3525427	87071	Wax	125	A	10576282	1	7	0		1.15			88	1	132858	13285773	87071	Wax	130	A	39857318	1	7	0		1.15		58	1	5007	97826	Wax	135	A	15020	8	56	1				28	1	94	9434	412	Potion2	130	A	283	2	14	0																																																																												
11		299	1	1378002062569500	65734695670160600	Wood	115	A	4134006187 708 490	20	100	2					269	1	50554861305286	100131	Wax	115	A	151664583915858	1	7	0		1.15			239	1	1905188666688	100131	Wax	115	A	5715566000063	1	0	0		1.15			209	1	71798117173	100131	Wax	115	A	215394351520	1	7	0		1.15		149	1	101967832	10196783250	100131	Wax	120	A	30590349750	1	5	0		1.15			119	1	3842716	100131	Wax	125	A	11528147	1	7	0		1.15			89	1	144815	14481492	100131	Wax	130	A	43444477	1	7	0		1.15		59	1	5457	117391	Wax	135	A	16372	9	63	1				29	1	103	10283	495	Potion2	130	A	308	2	14	0																																																																												
11		300	1	1502022248200750	78881634804192700	Wood	115	A	4506066744 602 260	22	110	2					270	1	55104798822762	115151	Wax	115	A	165314396468285	1	7	0		1.15			240	1	2076655646689	115151	Wax	115	A	6229966940068	1	0	0		1.15			210	1	78259947719	115151	Wax	115	A	234779843157	1	7	0		1.15		150	1	111144937	11114493742	115151	Wax	120	A	33343481227	1	5	0		1.15			120	1	4188560	115151	Wax	125	A	12565680	1	7	0		1.15			90	1	157848	15784827	115151	Wax	130	A	47354480	1	7	0		1.15		60	1	5949	140869	Wax	135	A	17846	1	7	0				30	2	224	22418	593	Potion2	140	A	673	2	14	0																																																																												
11		301	1	1637204250538820	94657961765031300	Wood	115	A	4911612751 616 460	24	120	2					271	1	60064230716810	2000	Potion2	115	A	180192692150431	1	7	0		2000			241	1	2263554654891	2000	Potion2	115	A	6790663964674	1	0	0		2000			211	1	85303343014	2000	Potion2	115	A	255910029041	1	7	0		2000		151	1	121147982	12114798179	2000	Potion2	120	A	36344394538	1	5	0		2000			121	1	4565531	2000	Potion2	125	A	13696592	1	7	0		2000			91	1	172055	17205461	2000	Potion2	130	A	51616383	1	7	0		2000		61	1	6484	2000	Potion2	135	A	19452	1	7	0		2000		31	1	244	24435	712	Potion2	140	A	733	2	14	0				1	1	1	0	Mushroom	55	A	3	2	14	0		7																																																												
11		302	1	1784552633087310	113589554118037000	Wood	115	A	5353657899 261 940	26	130	2					272	1	65470011481323	2300	Potion2	115	A	196410034443969	1	7	0		1.15			242	1	2467274573832	2300	Potion2	115	A	7401823721495	1	0	0		1.15			212	1	92980643885	2300	Potion2	115	A	278941931654	1	7	0		1.15		152	1	132051300	13205130015	2300	Potion2	120	A	39615390046	1	5	0		1.15			122	1	4976428	2300	Potion2	125	A	14929285	1	7	0		1.15			92	1	187540	18753953	2300	Potion2	130	A	56261858	1	7	0		1.15		62	1	7068	2300	Potion2	135	A	21203	1	7	0		1.15		32	1	266	26634	855	Potion2	140	A	799	2	14	0				2	1	2	4	Mushroom	145	A	6	1	7	0	TYCOON	1																																																												
11		303	1	1945162370065170	136307464941645000	Wood	115	A	5835487110 195 520	29	145	2					273	1	71362312514642	2645	Potion2	115	A	214086937543927	1	7	0		1.15			243	1	2689329285477	2645	Potion2	115	A	8067987856430	1	0	0		1.15			213	1	101348901834	2645	Potion2	115	A	304046705503	1	7	0		1.15		153	1	143935917	14393591717	2645	Potion2	120	A	43180775150	1	5	0		1.15			123	1	5424307	2645	Potion2	125	A	16272920	1	7	0		1.15			93	1	204418	20441808	2645	Potion2	130	A	61325425	1	7	0		1.15		63	1	7704	2645	Potion2	135	A	23111	1	7	0		1.15		33	1	290	29031	1025	Potion2	140	A	871	2	14	0				3	1	3	4	Mushroom	145	A	9	1	7	0	MERGE	0																																																												
11		304	1	2120226983371040	163568957929974000	Wood	115	A	6360680950 113 120	31	155	3					274	1	77784920640960	3042	Potion2	115	A	233354761922880	1	7	0		1.15			244	1	2931368921169	3042	Potion2	115	A	8794106763508	1	0	0		1.15			214	1	110470302999	3042	Potion2	115	A	331410908998	1	7	0		1.15		154	1	156890150	15689014971	3042	Potion2	120	A	47067044914	1	5	0		1.15			124	1	5912494	3042	Potion2	125	A	17737483	1	7	0		1.15			94	1	222816	22281571	3042	Potion2	130	A	66844713	1	7	0		1.15		64	1	8397	3042	Potion2	135	A	25191	1	7	0		1.15		34	1	316	31644	1231	Potion2	140	A	949	2	14	0				4	1	4	5	Mushroom	145	A	12	1	7	0																																																														
11		305	1	2311047411874430	196282749515969000	Wood	115	A	6933142235 623 300	34	170	3					275	1	84785563498646	3498	Potion2	115	A	254356690495939	1	7	0		1.15			245	1	3195192124075	3498	Potion2	115	A	9585576372224	1	0	0		1.15			215	1	120412630269	3498	Potion2	115	A	361237890808	1	7	0		1.15		155	1	171010263	17101026319	3498	Potion2	120	A	51303078956	1	5	0		1.15			125	1	6444619	3498	Potion2	125	A	19333857	1	7	0		1.15			95	1	242869	24286912	3498	Potion2	130	A	72860737	1	7	0		1.15		65	1	9153	3498	Potion2	135	A	27458	1	7	0		1.15		35	1	345	34492	1477	Potion2	140	A	1035	2	14	0				5	1	5	6	Mushroom	145	A	15	1	7	0																																																														
11		306	1	2519041678943130	235539299419162000	Wood	115	A	7557125036 829 390	38	190	3					276	1	92416264213525	4023	Potion2	115	A	277248792640574	1	7	0		1.15			246	1	3482759415241	4023	Potion2	115	A	10448278245724	1	0	0		1.15			216	1	131249766994	4023	Potion2	115	A	393749300981	1	7	0		1.15		156	1	186401187	18640118687	4023	Potion2	120	A	55920356062	1	5	0		1.15			126	1	7024635	4023	Potion2	125	A	21073904	1	7	0		1.15			96	1	264727	26472735	4023	Potion2	130	A	79418204	1	7	0		1.15		66	1	9976	4023	Potion2	135	A	29929	1	7	0		1.15		36	1	376	37597	1772	Potion2	140	A	1128	2	14	0				6	1	6	7	Mushroom	145	A	18	1	7	0																																																														
11		307	1	2745755430048010	282647159302995000	Wood	115	A	8237266290 144 040	42	210	4					277	1	100733727992742	4626	Potion2	115	A	302201183978225	1	7	0		1.15			247	1	3796207762613	4626	Potion2	115	A	11388623287839	1	0	0		1.15			217	1	143062246023	4626	Potion2	115	A	429186738069	1	7	0		1.15		157	1	203177294	20317729369	4626	Potion2	120	A	60953188108	1	5	0		1.15			127	1	7656852	4626	Potion2	125	A	22970555	1	7	0		1.15			97	1	288553	28855281	4626	Potion2	130	A	86565842	1	7	0		1.15		67	1	10874	4626	Potion2	135	A	32623	1	7	0		1.15		37	1	410	40980	2126	Potion2	140	A	1229	3	21	0				7	1	7	9	Mushroom	145	A	21	1	7	0																																																														
11		308	1	2992873418752340	339176591163594000	Wood	115	A	8978620256 257 010	46	230	4					278	1	109799763512089	5320	Potion2	115	A	329399290536266	1	7	0		1.15			248	1	4137866461248	5320	Potion2	115	A	12413599383745	1	0	0		1.15			218	1	155937848165	5320	Potion2	115	A	467813544496	1	7	0		1.15		158	1	221463250	22146325013	5320	Potion2	120	A	66438975038	1	5	0		1.15			128	1	8345968	5320	Potion2	125	A	25037905	1	7	0		1.15			98	1	314523	31452256	5320	Potion2	130	A	94356768	1	7	0		1.15		68	1	11853	5320	Potion2	135	A	35559	1	7	0		1.15		38	1	447	44669	2552	Potion2	140	A	1340	3	21	0				8	1	8	11	Mushroom	145	A	24	1	7	0																																																														
11		309	1	3262232026440050	407011909396313000	Wood	115	A	9786696079 320 140	50	250	4					279	1	119681742228177	6118	Potion2	115	A	359045226684530	1	7	0		1.15			249	1	4510274442761	6118	Potion2	115	A	13530823328282	1	0	0		1.15			219	1	169972254500	6118	Potion2	115	A	509916763500	1	7	0		1.15		159	1	241394943	24139494264	6118	Potion2	120	A	72418482791	1	5	0		1.15			129	1	9097106	6118	Potion2	125	A	27291317	1	7	0		1.15			99	1	342830	34282959	6118	Potion2	130	A	102848877	1	7	0		1.15		69	1	12920	6118	Potion2	135	A	38759	1	7	0		1.15		39	1	487	48689	3062	Potion2	140	A	1461	3	21	0				9	1	9	13	Mushroom	145	A	27	1	7	0																																																														
11		310	1	3555832908819650	488414291275575000	Wood	115	A	10667498726 459 000	55	275	5					280	1	130453099028712	7036	Potion2	125	A	391359297086137	1	7	0		1.15			250	1	4916199142609	7036	Potion2	125	A	14748597427827	1	0	0		1.15			220	1	185269757405	7036	Potion2	125	A	555809272215	1	7	0		1.15		160	1	263120487	26312048747	7036	Potion2	130	A	78936146242	1	5	0		1.15			130	1	9915845	7036	Potion2	135	A	29747535	1	7	0		1.15			100	1	373684	37368425	7036	Potion2	140	A	112105276	1	7	0		1.15		70	1	14083	7036	Potion2	145	A	42248	1	7	0		1.15		40	1	531	53071	3674	Potion2	140	A	1592	3	21	0				10	1	10	15	Mushroom	155	A	30	1	7	0																																																														
11		311	1	3875857870613420	586097149530690000	Wood	115	A	11627573611 840 300	61	305	5					281	1	142193877941297	8091	Potion2	125	A	426581633823890	1	7	0		1.15			251	1	5358657065444	8091	Potion2	125	A	16075971196332	1	0	0		1.15			221	1	201944035572	8091	Potion2	125	A	605832106715	1	7	0		1.15		161	1	286801331	28680133135	8091	Potion2	130	A	86040399404	1	5	0		1.15			131	1	10808271	8091	Potion2	135	A	32424813	1	7	0		1.15			101	1	407316	40731584	8091	Potion2	140	A	122194751	1	7	0		1.15		71	1	15350	8091	Potion2	145	A	46050	1	7	0		1.15		41	1	578	57847	4409	Potion2	140	A	1735	4	28	0				11	2	22	19	Mushroom	155	A	65	1	7	0																																																														
11		312	1	4224685078968630	703316579436828000	Wood	115	A	12674055236 905 900	67	335	6					282	1	154991326956013	9305	Potion2	125	A	464973980868040	1	7	0		1.15			252	1	5840936201334	9305	Potion2	125	A	17522808604002	1	0	0		1.15			222	1	220118998773	9305	Potion2	125	A	660356996319	1	7	0		1.15		162	1	312613451	31261345117	9305	Potion2	130	A	93784035350	1	5	0		1.15			132	1	11781015	9305	Potion2	135	A	35343046	1	7	0		1.15			102	1	443974	44397426	9305	Potion2	140	A	133192278	1	7	0		1.15		72	1	16731	9305	Potion2	145	A	50194	1	7	0		1.15		42	1	631	63053	5291	Potion2	140	A	1892	4	28	0				12	1	24	22	Mushroom	155	A	71	1	7	0																																																														
11		313	1	4604906736075800	843979895324194000	Wood	115	A	13814720208 227 400	74	370	6					283	1	168940546382054	10701	Potion2	125	A	506821639146163	1	7	0		1.15			253	1	6366620459454	10701	Potion2	125	A	19099861378362	1	0	0		1.15			223	1	239929708663	10701	Potion2	125	A	719789125988	1	7	0		1.15		163	1	340748662	34074866177	10701	Potion2	130	A	102224598532	1	5	0		1.15			133	1	12841307	10701	Potion2	135	A	38523921	1	7	0		1.15			103	1	483932	48393194	10701	Potion2	140	A	145179583	1	7	0		1.15		73	1	18237	10701	Potion2	145	A	54712	1	7	0		1.15		43	1	687	68728	6349	Potion2	140	A	2062	4	28	0				13	1	26	27	Mushroom	155	A	78	1	7	0																																																														
11		314	1	5019348342322630	1012775874389030000	Wood	115	A	15058045026 967 900	81	405	7					284	1	184145195556439	12306	Potion2	125	A	552435586669318	1	7	0		1.15			254	1	6939616300805	12306	Potion2	125	A	20818848902414	1	0	0		1.15			224	1	261523382442	12306	Potion2	125	A	784570147327	1	7	0		1.15		164	1	371416041	37141604133	12306	Potion2	130	A	111424812400	1	5	0		1.15			134	1	13997025	12306	Potion2	135	A	41991074	1	7	0		1.15			104	1	527486	52748582	12306	Potion2	140	A	158245746	1	7	0		1.15		74	1	19879	12306	Potion2	145	A	59636	1	7	0		1.15		44	1	749	74914	7619	Potion2	140	A	2247	5	35	1				14	1	28	32	Mushroom	155	A	85	1	7	0																																																														
11		315	1	5471089693131660	1215331049266840000	Wood	115	A	16413269079 395 000	89	445	7					285	1	200718263156519	14151	Potion2	125	A	602154789469557	1	7	0		1.15			255	1	7564181767877	14151	Potion2	125	A	22692545303632	1	0	0		1.15			225	1	285060486862	14151	Potion2	125	A	855181460586	1	7	0		1.15		165	1	404843485	40484348505	14151	Potion2	130	A	121453045516	1	5	0		1.15			135	1	15256757	14151	Potion2	135	A	45770270	1	7	0		1.15			105	1	574960	57495954	14151	Potion2	140	A	172487863	1	7	0		1.15		75	1	21668	14151	Potion2	145	A	65003	1	7	0		1.15		45	1	817	81656	9143	Potion2	140	A	2450	5	35	1				15	1	31	39	Mushroom	155	A	92	1	7	0																																																														
11		316	1	5963487765513510	1458397259120210000	Wood	115	A	17890463296 540 500	98	490	8					286	1	218782906840606	16274	Potion2	125	A	656348720521817	1	7	0		1.15			256	1	8244958126986	16274	Potion2	125	A	24734874380958	1	0	0		1.15			226	1	310715930680	16274	Potion2	125	A	932147792039	1	7	0		1.15		166	1	441279399	44127939871	16274	Potion2	130	A	132383819612	1	5	0		1.15			136	1	16629865	16274	Potion2	135	A	49889594	1	7	0		1.15			106	1	626706	62670590	16274	Potion2	140	A	188011771	1	7	0		1.15		76	1	23618	16274	Potion2	145	A	70853	1	7	0		1.15		46	1	890	89005	10972	Potion2	140	A	2670	5	35	1				16	1	34	46	Mushroom	155	A	101	1	7	0																																																														
11		317	1	6500201664409730	1750076710944250000	Wood	115	A	19500604993 229 200	108	540	9					287	1	238473368456260	18715	Potion2	125	A	715420105368781	1	7	0		1.15			257	1	8987004358415	18715	Potion2	125	A	26961013075245	1	0	0		1.15			227	1	338680364441	18715	Potion2	125	A	1016041093322	1	7	0		1.15		167	1	480994545	48099454459	18715	Potion2	130	A	144298363377	1	5	0		1.15			137	1	18126553	18715	Potion2	135	A	54379658	1	7	0		1.15			107	1	683109	68310943	18715	Potion2	140	A	204932830	1	7	0		1.15		77	1	25743	18715	Potion2	145	A	77230	1	7	0		1.15		47	1	970	97015	13166	Potion2	140	A	2910	6	42	1				17	1	37	55	Mushroom	155	A	110	1	7	0																																																														
11		318	1	7085219814206610	2100092053133100000	Wood	115	A	21255659442 619 800	119	595	10					288	1	259935971617324	21523	Potion2	125	A	779807914851971	1	7	0		1.15			258	1	9795834750672	21523	Potion2	125	A	29387504252017	1	0	0		1.15			228	1	369161597240	21523	Potion2	125	A	1107484791721	1	7	0		1.15		168	1	524284054	52428405360	21523	Potion2	130	A	157285216081	1	5	0		1.15			138	1	19757942	21523	Potion2	135	A	59273827	1	7	0		1.15			108	1	744589	74458928	21523	Potion2	140	A	223376785	1	7	0		1.15		78	1	28060	21523	Potion2	145	A	84181	1	7	0		1.15		48	1	1057	105747	15799	Potion2	140	A	3172	6	42	1				18	1	40	67	Mushroom	155	A	120	1	7	0																																																														
11		319	1	7722889597485200	2520110463759720000	Wood	115	A	23168668792 455 600	131	655	11					289	1	283330209062883	24751	Potion2	125	A	849990627188648	1	7	0		1.15			259	1	10677459878233	24751	Potion2	125	A	32032379634698	1	0	0		1.15			229	1	402386140992	24751	Potion2	125	A	1207158422976	1	7	0		1.15		169	1	571469618	57146961843	24751	Potion2	130	A	171440885529	1	5	0		1.15			139	1	21536157	24751	Potion2	135	A	64608472	1	7	0		1.15			109	1	811602	81160232	24751	Potion2	140	A	243480695	1	7	0		1.15		79	1	30586	24751	Potion2	145	A	91757	1	7	0		1.15		49	1	1153	115264	18959	Potion2	140	A	3458	7	49	1				19	1	43	80	Mushroom	155	A	130	1	7	0																																																														
11		320	1	8417949661258870	3024132556511660000	Wood	115	A	25253848983 776 600	144	720	12					290	1	308829927878542	28464	Potion2	125	A	926489783635627	1	7	0		1.15			260	1	11638431267274	28464	Potion2	125	A	34915293801821	1	0	0		1.15			230	1	438600893681	28464	Potion2	125	A	1315802681044	1	7	0		1.15		170	1	622901884	62290188409	28464	Potion2	130	A	186870565226	1	5	0		1.15			140	1	23474411	28464	Potion2	135	A	70423234	1	7	0		1.15			110	1	884647	88464653	28464	Potion2	140	A	265393958	1	7	0		1.15		80	1	33338	28464	Potion2	145	A	100015	1	7	0		1.15		50	1	1256	125638	22751	Potion2	140	A	3769	8	56	1				20	1	47	96	Mushroom	155	A	142	1	7	0																																																														
12		321	2	18351130261544300	3628959067813990000	Wood	115	A	55053390784 633 000	80	400	7					291	2	673249242775222	32733	Potion2	125	A	2019747728325670	1	7	0		1.15			261	2	25371780162657	32733	Potion2	125	A	76115340487970	1	0	0		1.15			231	2	956149948225	32733	Potion2	125	A	2868449844676	1	7	0		1.15		171	2	1357926107	135792610731	32733	Potion2	130	A	407377832193	1	5	0		1.15			141	2	51174217	32733	Potion2	135	A	153522650	1	7	0		1.15			111	2	1928529	192852943	32733	Potion2	140	A	578558828	1	7	0		1.15		81	2	72678	32733	Potion2	145	A	218033	1	7	0		1.15		51	2	2739	273890	27301	Potion2	140	A	8217	4	28	0				21	1	52	115	Mushroom	155	A	155	1	7	0																																																														
12		322	1	20002731985083300	4354750881376790000	Wood	115	A	60008195955 250 000	88	440	7					292	1	733841674624992	37643	Potion2	125	A	2201525023874980	1	7	0		1.15			262	1	27655240377296	37643	Potion2	125	A	82965721131887	1	0	0		1.15			232	1	1042203443565	37643	Potion2	125	A	3126610330696	1	7	0		1.15		172	1	1480139457	148013945697	37643	Potion2	130	A	444041837090	1	5	0		1.15			142	1	55779896	37643	Potion2	135	A	167339689	1	7	0		1.15			112	1	2102097	210209708	37643	Potion2	140	A	630629123	1	7	0		1.15		82	1	79219	37643	Potion2	145	A	237656	1	7	0		1.15		52	1	2985	298540	32762	Potion2	140	A	8956	5	35	1				22	1	56	138	Mushroom	155	A	169	1	7	0																																																														
12		323	1	21802977863740800	5225701057652150000	Wood	115	A	65408933591 222 500	96	480	8					293	1	799887425341242	43289	Potion2	125	A	2399662276023720	1	7	0		1.15			263	1	30144212011252	43289	Potion2	125	A	90432636033757	1	0	0		1.15			233	1	1136001753486	43289	Potion2	125	A	3408005260459	1	7	0		1.15		173	1	1613352008	161335200809	43289	Potion2	130	A	484005602428	1	5	0		1.15			143	1	60800087	43289	Potion2	135	A	182400261	1	7	0		1.15			113	1	2291286	229128581	43289	Potion2	140	A	687385744	1	7	0		1.15		83	1	86348	43289	Potion2	145	A	259045	1	7	0		1.15		53	1	3254	325409	39314	Potion2	140	A	9762	5	35	1				23	1	61	166	Mushroom	155	A	184	2	14	0																																																														
12		324	1	23765245871477500	6270841269182580000	Wood	115	A	71295737614 432 500	106	530	9					294	1	871877293621953	49783	Potion2	125	A	2615631880865860	1	7	0		1.15			264	1	32857191092265	49783	Potion2	125	A	98571573276795	1	0	0		1.15			234	1	1238241911300	49783	Potion2	125	A	3714725733900	1	7	0		1.15		174	1	1758553689	175855368882	49783	Potion2	130	A	527566106647	1	5	0		1.15			144	1	66272095	49783	Potion2	135	A	198816284	1	7	0		1.15			114	1	2497502	249750154	49783	Potion2	140	A	749250461	1	7	0		1.15		84	1	94120	49783	Potion2	145	A	282359	1	7	0		1.15		54	1	3547	354696	47177	Potion2	140	A	10641	6	42	1				24	1	67	199	Mushroom	155	A	201	2	14	0																																																														
12		325	1	25904117999910500	7525009523019100000	Wood	115	A	77712353999 731 500	117	585	10					295	1	950346250047929	57250	Potion2	125	A	2851038750143790	1	7	0		1.15			265	1	35814338290569	57250	Potion2	125	A	107443014871707	1	0	0		1.15			235	1	1349683683317	57250	Potion2	125	A	4049051049951	1	7	0		1.15		175	1	1916823521	191682352082	57250	Potion2	130	A	575047056245	1	5	0		1.15			145	1	72236583	57250	Potion2	135	A	216709750	1	7	0		1.15			115	1	2722277	272227668	57250	Potion2	140	A	816683003	1	7	0		1.15		85	1	102591	57250	Potion2	145	A	307772	1	7	0		1.15		55	1	3866	386618	56612	Potion2	140	A	11599	6	42	1				25	1	73	238	Mushroom	155	A	219	2	14	0																																																														
12		326	1	28235488619902400	9030011427622920000	Wood	115	A	84706465859 707 300	128	640	11					296	1	1035877412552240	65838	Potion2	125	A	3107632237656730	1	7	0		1.15			266	1	39037628736720	65838	Potion2	125	A	117112886210160	1	0	0		1.15			236	1	1471155214816	65838	Potion2	125	A	4413465644447	1	7	0		1.15		176	1	2089337638	208933763769	65838	Potion2	130	A	626801291307	1	5	0		1.15			146	1	78737876	65838	Potion2	135	A	236213627	1	7	0		1.15			116	1	2967282	296728158	65838	Potion2	140	A	890184473	1	7	0		1.15		86	1	111824	65838	Potion2	145	A	335471	1	7	0		1.15		56	1	4214	421414	67934	Potion2	140	A	12642	7	49	1				26	1	79	286	Mushroom	155	A	238	2	14	0																																																														
12		327	1	30776682595693700	10836013713147500000	Wood	115	A	92330047787 081 000	141	705	12					297	1	1129106379681940	75714	Potion2	125	A	3387319139045830	1	7	0		1.15			267	1	42551015323025	75714	Potion2	125	A	127653045969075	1	0	0		1.15			237	1	1603559184149	75714	Potion2	125	A	4810677552447	1	7	0		1.15		177	1	2277378025	227737802508	75714	Potion2	130	A	683213407525	1	5	0		1.15			147	1	85824285	75714	Potion2	135	A	257472854	1	7	0		1.15			117	1	3234337	323433692	75714	Potion2	140	A	970301075	1	7	0		1.15		87	1	121888	75714	Potion2	145	A	365663	1	7	0		1.15		57	1	4593	459341	81521	Potion2	140	A	13780	8	56	1				27	1	87	343	Mushroom	155	A	260	2	14	0																																																														
12		328	1	33546584029306100	13003216455777000000	Wood	115	A	100639752087 918 000	156	780	13					298	1	1230725953853320	87071	Potion2	125	A	3692177861559960	1	7	0		1.15			268	1	46380606702097	87071	Potion2	125	A	139141820106291	1	0	0		1.15			238	1	1747879510723	87071	Potion2	125	A	5243638532167	1	7	0		1.15		178	1	2482342047	248234204734	87071	Potion2	130	A	744702614202	1	5	0		1.15			148	1	93548470	87071	Potion2	135	A	280645411	1	7	0		1.15			118	1	3525427	352542724	87071	Potion2	140	A	1057628172	1	7	0		1.15		88	1	132858	87071	Potion2	145	A	398573	1	7	0		1.15		58	1	5007	500682	97826	Potion2	140	A	15020	8	56	1				28	1	94	412	Mushroom	155	A	283	2	14	0																																																														
12		329	1	36565776591943600	15603859746932400000	Wood	115	A	109697329775 831 000	171	855	14					299	1	1341491289700120	100131	Potion2	125	A	4024473869100360	1	7	0		1.15			269	1	50554861305286	100131	Potion2	125	A	151664583915858	1	0	0		1.15			239	1	1905188666688	100131	Potion2	125	A	5715566000063	1	7	0		1.15		179	1	2705752832	270575283160	100131	Potion2	130	A	811725849480	1	5	0		1.15			149	1	101967832	100131	Potion2	135	A	305903497	1	7	0		1.15			119	1	3842716	384271569	100131	Potion2	140	A	1152814708	1	7	0		1.15		89	1	144815	100131	Potion2	145	A	434445	1	7	0		1.15		59	1	5457	545743	117391	Potion2	140	A	16372	9	63	1				29	1	103	495	Mushroom	155	A	308	2	14	0																																																														
12		330	1	39856696485218600	18724631696318900000	Wood	115	A	119570089455 656 000	188	940	16					300	1	1462225505773130	115151	Potion2	125	A	4386676517319390	1	7	0		1.15			270	1	55104798822762	115151	Potion2	125	A	165314396468285	1	0	0		1.15			240	1	2076655646689	115151	Potion2	125	A	6229966940068	1	7	0		1.15		180	1	2949270586	294927058645	115151	Potion2	130	A	884781175934	1	5	0		1.15			150	1	111144937	115151	Potion2	135	A	333434812	1	7	0		1.15			120	1	4188560	418856010	115151	Potion2	140	A	1256568031	1	7	0		1.15		90	1	157848	115151	Potion2	145	A	473545	1	7	0		1.15		60	1	5949	594860	140869	Potion2	140	A	17846	1	7	0				30	2	224	593	Mushroom	155	A	673	2	14	0																																																														
12		331	1	43443799168888200	22469558035582700000	Wood	125	A	130331397506 665 000	207	1035	17					301	1	1593825801292710	2000	Mushroom	125	A	4781477403878130	1	7	0		2000			271	1	60064230716810	2000	Mushroom	125	A	180192692150431	1	0	0		2000			241	1	2263554654891	2000	Mushroom	125	A	6790663964674	1	7	0		2000		181	1	3214704939	321470493923	2000	Mushroom	130	A	964411481768	1	5	0		2000			151	1	121147982	2000	Mushroom	135	A	363443945	1	7	0		2000			121	1	4565531	456553051	2000	Mushroom	140	A	1369659154	1	7	0		2000		91	1	172055	2000	Mushroom	145	A	516164	1	7	0		2000		61	1	6484	648398	2000	Mushroom	150	A	1945193	1	7	0		2000		31	1	244	712	Mushroom	155	A	733	2	14	0				1	1	1	100	0	MagicScrolls	55	A	3	2	14	0		7																																													
12		332	1	47353741094088200	26963469642699200000	Wood	125	A	142061223282 265 000	228	1140	19					302	1	1737270123409060	2300	Mushroom	125	A	5211810370227170	1	7	0		1.15			272	1	65470011481323	2300	Mushroom	125	A	196410034443969	1	0	0		1.15			242	1	2467274573832	2300	Mushroom	125	A	7401823721495	1	7	0		1.15		182	1	3504028384	350402838376	2300	Mushroom	130	A	1051208515127	1	5	0		1.15			152	1	132051300	2300	Mushroom	135	A	396153900	1	7	0		1.15			122	1	4976428	497642826	2300	Mushroom	140	A	1492928478	1	7	0		1.15		92	1	187540	2300	Mushroom	145	A	562619	1	7	0		1.15		62	1	7068	706753	2300	Mushroom	150	A	2120260	1	7	0		1.15		32	1	266	855	Mushroom	155	A	799	2	14	0				2	1	2	200	4	MagicScrolls	150	A	6	1	7	0	TYCOON	1																																													
12		333	1	51615577792556100	32356163571239000000	Wood	125	A	154846733377 668 000	251	1255	21					303	1	1893624434515870	2645	Mushroom	125	A	5680873303547610	1	7	0		1.15			273	1	71362312514642	2645	Mushroom	125	A	214086937543927	1	0	0		1.15			243	1	2689329285477	2645	Mushroom	125	A	8067987856430	1	7	0		1.15		183	1	3819390938	381939093829	2645	Mushroom	130	A	1145817281488	1	5	0		1.15			153	1	143935917	2645	Mushroom	135	A	431807752	1	7	0		1.15			123	1	5424307	542430680	2645	Mushroom	140	A	1627292041	1	7	0		1.15		93	1	204418	2645	Mushroom	145	A	613254	1	7	0		1.15		63	1	7704	770361	2645	Mushroom	150	A	2311083	1	7	0		1.15		33	1	290	1025	Mushroom	155	A	871	2	14	0				3	1	3	300	4	MagicScrolls	150	A	9	1	7	0	MERGE	0																																													
12		334	1	56260979793886200	38827396285486800000	Wood	125	A	168782939381 659 000	277	1385	23					304	1	2064050633622300	3042	Mushroom	125	A	6192151900866900	1	7	0		1.15			274	1	77784920640960	3042	Mushroom	125	A	233354761922880	1	0	0		1.15			244	1	2931368921169	3042	Mushroom	125	A	8794106763508	1	7	0		1.15		184	1	4163136123	416313612274	3042	Mushroom	130	A	1248940836822	1	5	0		1.15			154	1	156890150	3042	Mushroom	135	A	470670449	1	7	0		1.15			124	1	5912494	591249442	3042	Mushroom	140	A	1773748325	1	7	0		1.15		94	1	222816	3042	Mushroom	145	A	668447	1	7	0		1.15		64	1	8397	839694	3042	Mushroom	150	A	2519081	1	7	0		1.15		34	1	316	1231	Mushroom	155	A	949	2	14	0				4	1	4	400	5	MagicScrolls	150	A	12	1	7	0																																															
12		335	1	61324467975335900	46592875542584200000	Wood	125	A	183973403926 008 000	304	1520	25					305	1	2249815190648310	3498	Mushroom	125	A	6749445571944920	1	7	0		1.15			275	1	84785563498646	3498	Mushroom	125	A	254356690495939	1	0	0		1.15			245	1	3195192124075	3498	Mushroom	125	A	9585576372224	1	7	0		1.15		185	1	4537818374	453781837379	3498	Mushroom	130	A	1361345512136	1	5	0		1.15			155	1	171010263	3498	Mushroom	135	A	513030790	1	7	0		1.15			125	1	6444619	644461891	3498	Mushroom	140	A	1933385674	1	7	0		1.15		95	1	242869	3498	Mushroom	145	A	728607	1	7	0		1.15		65	1	9153	915266	3498	Mushroom	150	A	2745798	1	7	0		1.15		35	1	345	1477	Mushroom	155	A	1035	2	14	0				5	1	5	500	6	MagicScrolls	150	A	15	1	7	0																																															
12		336	1	66843670093116200	55911450651101000000	Wood	125	A	200531010279 349 000	335	1675	28					306	1	2452298557806650	4023	Mushroom	125	A	7356895673419960	1	7	0		1.15			276	1	92416264213525	4023	Mushroom	125	A	277248792640574	1	0	0		1.15			246	1	3482759415241	4023	Mushroom	125	A	10448278245724	1	7	0		1.15		186	1	4946222027	494622202743	4023	Mushroom	130	A	1483866608228	1	5	0		1.15			156	1	186401187	4023	Mushroom	135	A	559203561	1	7	0		1.15			126	1	7024635	702463462	4023	Mushroom	140	A	2107390385	1	7	0		1.15		96	1	264727	4023	Mushroom	145	A	794182	1	7	0		1.15		66	1	9976	997640	4023	Mushroom	150	A	2992920	1	7	0		1.15		36	1	376	1772	Mushroom	155	A	1128	2	14	0				6	1	6	600	7	MagicScrolls	150	A	18	1	7	0																																															
12		337	1	72859600401496600	67093740781321200000	Wood	125	A	218578801204 490 000	369	1845	31					307	1	2673005428009250	4626	Mushroom	125	A	8019016284027760	1	7	0		1.15			277	1	100733727992742	4626	Mushroom	125	A	302201183978225	1	0	0		1.15			247	1	3796207762613	4626	Mushroom	125	A	11388623287839	1	7	0		1.15		187	1	5391382010	539138200990	4626	Mushroom	130	A	1617414602969	1	5	0		1.15			157	1	203177294	4626	Mushroom	135	A	609531881	1	7	0		1.15			127	1	7656852	765685173	4626	Mushroom	140	A	2297055519	1	7	0		1.15		97	1	288553	4626	Mushroom	145	A	865658	1	7	0		1.15		67	1	10874	1087428	4626	Mushroom	150	A	3262283	1	7	0		1.15		37	1	410	2126	Mushroom	155	A	1229	3	21	0				7	1	7	700	9	MagicScrolls	150	A	21	1	7	0																																															
12		338	1	79416964437631300	80512488937585400000	Wood	125	A	238250893312 894 000	406	2030	34					308	1	2913575916530090	5320	Mushroom	125	A	8740727749590260	1	7	0		1.15			278	1	109799763512089	5320	Mushroom	125	A	329399290536266	1	0	0		1.15			248	1	4137866461248	5320	Mushroom	125	A	12413599383745	1	7	0		1.15		188	1	5876606391	587660639079	5320	Mushroom	130	A	1762981917236	1	5	0		1.15			158	1	221463250	5320	Mushroom	135	A	664389750	1	7	0		1.15			128	1	8345968	834596839	5320	Mushroom	140	A	2503790516	1	7	0		1.15		98	1	314523	5320	Mushroom	145	A	943568	1	7	0		1.15		68	1	11853	1185296	5320	Mushroom	150	A	3555888	1	7	0		1.15		38	1	447	2552	Mushroom	155	A	1340	3	21	0				8	1	8	800	11	MagicScrolls	150	A	24	1	7	0																																															
12		339	1	86564491237018200	96614986725102500000	Wood	125	A	259693473711 054 000	447	2235	37					309	1	3175797749017790	6118	Mushroom	125	A	9527393247053380	1	7	0		1.15			279	1	119681742228177	6118	Mushroom	125	A	359045226684530	1	0	0		1.15			249	1	4510274442761	6118	Mushroom	125	A	13530823328282	1	7	0		1.15		189	1	6405500966	640550096596	6118	Mushroom	130	A	1921650289787	1	5	0		1.15			159	1	241394943	6118	Mushroom	135	A	724184828	1	7	0		1.15			129	1	9097106	909710554	6118	Mushroom	140	A	2729131662	1	7	0		1.15		99	1	342830	6118	Mushroom	145	A	1028489	1	7	0		1.15		69	1	12920	1291973	6118	Mushroom	150	A	3875918	1	7	0		1.15		39	1	487	3062	Mushroom	155	A	1461	3	21	0				9	1	9	900	13	MagicScrolls	150	A	27	1	7	0																																															
12		340	1	94355295448349800	115937984070123000000	Wood	125	A	283065886345 049 000	492	2460	41					310	1	3461619546429400	7036	Mushroom	125	A	10384858639288200	1	7	0		1.15			280	1	130453099028712	7036	Mushroom	125	A	391359297086137	1	0	0		1.15			250	1	4916199142609	7036	Mushroom	125	A	14748597427827	1	7	0		1.15		190	1	6981996053	698199605289	7036	Mushroom	130	A	2094598815868	1	5	0		1.15			160	1	263120487	7036	Mushroom	135	A	789361462	1	7	0		1.15			130	1	9915845	991584504	7036	Mushroom	140	A	2974753512	1	7	0		1.15		100	1	373684	7036	Mushroom	145	A	1121053	1	7	0		1.15		70	1	14083	1408250	7036	Mushroom	150	A	4224751	1	7	0		1.15		40	1	531	3674	Mushroom	155	A	1592	3	21	0				10	1	10	1000	15	MagicScrolls	160	A	30	1	7	0																																															
12		341	1	102847272038701000	139125580884148000000	Wood	125	A	308541816116 104 000	542	2710	45					311	1	3773165305608040	8091	Mushroom	125	A	11319495916824100	1	7	0		1.15			281	1	142193877941297	8091	Mushroom	125	A	426581633823890	1	0	0		1.15			251	1	5358657065444	8091	Mushroom	125	A	16075971196332	1	7	0		1.15		191	1	7610375698	761037569765	8091	Mushroom	130	A	2283112709296	1	5	0		1.15			161	1	286801331	8091	Mushroom	135	A	860403994	1	7	0		1.15			131	1	10808271	1080827109	8091	Mushroom	140	A	3242481328	1	7	0		1.15		101	1	407316	8091	Mushroom	145	A	1221948	1	7	0		1.15		71	1	15350	1534993	8091	Mushroom	150	A	4604979	1	7	0		1.15		41	1	578	4409	Mushroom	155	A	1735	4	28	0				11	2	22	2180	19	MagicScrolls	160	A	65	1	7	0																																															
12		342	1	112103526522184000	166950697060977000000	Wood	125	A	336310579566 553 000	596	2980	50					312	1	4112750183112770	9305	Mushroom	125	A	12338250549338300	1	7	0		1.15			282	1	154991326956013	9305	Mushroom	125	A	464973980868040	1	0	0		1.15			252	1	5840936201334	9305	Mushroom	125	A	17522808604002	1	7	0		1.15		192	1	8295309510	829530951044	9305	Mushroom	130	A	2488592853133	1	5	0		1.15			162	1	312613451	9305	Mushroom	135	A	937840354	1	7	0		1.15			132	1	11781015	1178101549	9305	Mushroom	140	A	3534304648	1	7	0		1.15		102	1	443974	9305	Mushroom	145	A	1331923	1	7	0		1.15		72	1	16731	1673142	9305	Mushroom	150	A	5019427	1	7	0		1.15		42	1	631	5291	Mushroom	155	A	1892	4	28	0				12	1	24	2376	22	MagicScrolls	160	A	71	1	7	0																																															
12		343	1	122192843909181000	200340836473173000000	Wood	125	A	366578531727 543 000	656	3280	55					313	1	4482897699592910	10701	Mushroom	125	A	13448693098778700	1	7	0		1.15			283	1	168940546382054	10701	Mushroom	125	A	506821639146163	1	0	0		1.15			253	1	6366620459454	10701	Mushroom	125	A	19099861378362	1	7	0		1.15		193	1	9041887366	904188736638	10701	Mushroom	130	A	2712566209915	1	5	0		1.15			163	1	340748662	10701	Mushroom	135	A	1022245985	1	7	0		1.15			133	1	12841307	1284130689	10701	Mushroom	140	A	3852392066	1	7	0		1.15		103	1	483932	10701	Mushroom	145	A	1451796	1	7	0		1.15		73	1	18237	1823725	10701	Mushroom	150	A	5471175	1	7	0		1.15		43	1	687	6349	Mushroom	155	A	2062	4	28	0				13	1	26	2590	27	MagicScrolls	160	A	78	1	7	0																																															
12		344	1	133190199861007000	240409003767807000000	Wood	125	A	399570599583 022 000	723	3615	60					314	1	4886358492556280	12306	Mushroom	125	A	14659075477668800	1	7	0		1.15			284	1	184145195556439	12306	Mushroom	125	A	552435586669318	1	0	0		1.15			254	1	6939616300805	12306	Mushroom	125	A	20818848902414	1	7	0		1.15		194	1	9855657229	985565722936	12306	Mushroom	130	A	2956697168807	1	5	0		1.15			164	1	371416041	12306	Mushroom	135	A	1114248124	1	7	0		1.15			134	1	13997025	1399702451	12306	Mushroom	140	A	4199107352	1	7	0		1.15		104	1	527486	12306	Mushroom	145	A	1582457	1	7	0		1.15		74	1	19879	1987860	12306	Mushroom	150	A	5963581	1	7	0		1.15		44	1	749	7619	Mushroom	155	A	2247	5	35	1				14	1	28	2823	32	MagicScrolls	160	A	85	1	7	0																																															
12		345	1	145177317848498000	288490804521369000000	Wood	125	A	435531953545 494 000	795	3975	66					315	1	5326130756886340	14151	Mushroom	125	A	15978392270659000	1	7	0		1.15			285	1	200718263156519	14151	Mushroom	125	A	602154789469557	1	0	0		1.15			255	1	7564181767877	14151	Mushroom	125	A	22692545303632	1	7	0		1.15		195	1	10742666380	1074266638000	14151	Mushroom	130	A	3222799914000	1	5	0		1.15			165	1	404843485	14151	Mushroom	135	A	1214530455	1	7	0		1.15			135	1	15256757	1525675671	14151	Mushroom	140	A	4577027013	1	7	0		1.15		105	1	574960	14151	Mushroom	145	A	1724879	1	7	0		1.15		75	1	21668	2166768	14151	Mushroom	150	A	6500303	1	7	0		1.15		45	1	817	9143	Mushroom	155	A	2450	5	35	1				15	1	31	3077	39	MagicScrolls	160	A	92	1	7	0																																															
12		346	1	158243276454863000	346188965425642000000	Wood	125	A	474729829364 588 000	876	4380	73					316	1	5805482525006110	16274	Mushroom	125	A	17416447575018300	1	7	0		1.15			286	1	218782906840606	16274	Mushroom	125	A	656348720521817	1	0	0		1.15			256	1	8244958126986	16274	Mushroom	125	A	24734874380958	1	7	0		1.15		196	1	11709506354	1170950635420	16274	Mushroom	130	A	3512851906260	1	5	0		1.15			166	1	441279399	16274	Mushroom	135	A	1323838196	1	7	0		1.15			136	1	16629865	1662986482	16274	Mushroom	140	A	4988959445	1	7	0		1.15		106	1	626706	16274	Mushroom	145	A	1880118	1	7	0		1.15		76	1	23618	2361777	16274	Mushroom	150	A	7085330	1	7	0		1.15		46	1	890	10972	Mushroom	155	A	2670	5	35	1				16	1	34	3354	46	MagicScrolls	160	A	101	1	7	0																																															
12		347	1	172485171335800000	415426758510771000000	Wood	125	A	517455514007 402 000	964	4820	80					317	1	6327975952256660	18715	Mushroom	125	A	18983927856770000	1	7	0		1.15			287	1	238473368456260	18715	Mushroom	125	A	715420105368781	1	0	0		1.15			257	1	8987004358415	18715	Mushroom	125	A	26961013075245	1	7	0		1.15		197	1	12763361926	1276336192608	18715	Mushroom	130	A	3829008577823	1	5	0		1.15			167	1	480994545	18715	Mushroom	135	A	1442983634	1	7	0		1.15			137	1	18126553	1812655265	18715	Mushroom	140	A	5437965795	1	7	0		1.15		107	1	683109	18715	Mushroom	145	A	2049328	1	7	0		1.15		77	1	25743	2574337	18715	Mushroom	150	A	7723010	1	7	0		1.15		47	1	970	13166	Mushroom	155	A	2910	6	42	1				17	1	37	3656	55	MagicScrolls	160	A	110	1	7	0																																															
12		348	1	188008836756023000	498512110212925000000	Wood	125	A	564026510268 068 000	1061	5305	88					318	1	6897493787959760	21523	Mushroom	125	A	20692481363879300	1	7	0		1.15			288	1	259935971617324	21523	Mushroom	125	A	779807914851971	1	0	0		1.15			258	1	9795834750672	21523	Mushroom	125	A	29387504252017	1	7	0		1.15		198	1	13912064499	1391206449942	21523	Mushroom	130	A	4173619349827	1	5	0		1.15			168	1	524284054	21523	Mushroom	135	A	1572852161	1	7	0		1.15			138	1	19757942	1975794239	21523	Mushroom	140	A	5927382716	1	7	0		1.15		108	1	744589	21523	Mushroom	145	A	2233768	1	7	0		1.15		78	1	28060	2806027	21523	Mushroom	150	A	8418081	1	7	0		1.15		48	1	1057	15799	Mushroom	155	A	3172	6	42	1				18	1	40	3985	67	MagicScrolls	160	A	120	1	7	0																																															
12		349	1	204929632064065000	598214532255510000000	Wood	125	A	614788896192 194 000	1168	5840	97					319	1	7518268228876140	24751	Mushroom	125	A	22554804686628400	1	7	0		1.15			289	1	283330209062883	24751	Mushroom	125	A	849990627188648	1	0	0		1.15			259	1	10677459878233	24751	Mushroom	125	A	32032379634698	1	7	0		1.15		199	1	15164150304	1516415030437	24751	Mushroom	130	A	4549245091312	1	5	0		1.15			169	1	571469618	24751	Mushroom	135	A	1714408855	1	7	0		1.15			139	1	21536157	2153615720	24751	Mushroom	140	A	6460847161	1	7	0		1.15		109	1	811602	24751	Mushroom	145	A	2434807	1	7	0		1.15		79	1	30586	3058569	24751	Mushroom	150	A	9175708	1	7	0		1.15		49	1	1153	18959	Mushroom	155	A	3458	7	49	1				19	1	43	4344	80	MagicScrolls	160	A	130	1	7	0																																															
12		350	1	223373298949830000	717857438706612000000	Wood	125	A	670119896849 491 000	1286	6430	107					320	1	8194912369475000	28464	Mushroom	135	A	24584737108425000	1	7	0		1.15			290	1	308829927878542	28464	Mushroom	135	A	926489783635627	1	0	0		1.15			260	1	11638431267274	28464	Mushroom	135	A	34915293801821	1	7	0		1.15		200	1	16528923832	1652892383177	28464	Mushroom	140	A	4958677149530	1	5	0		1.15			170	1	622901884	28464	Mushroom	145	A	1868705652	1	7	0		1.15			140	1	23474411	2347441135	28464	Mushroom	150	A	7042323405	1	7	0		1.15		110	1	884647	28464	Mushroom	155	A	2653940	1	7	0		1.15		80	1	33338	3333841	28464	Mushroom	160	A	10001522	1	7	0		1.15		50	1	1256	22751	Mushroom	165	A	3769	8	56	1				20	1	47	4735	96	MagicScrolls	160	A	142	1	7	0																																															
13		351	2	486953791710630000	861428926447934000000	Wood	125	A	1460861375131 890 000	708	3540	59					321	2	17864908965455500	32733	Mushroom	135	A	53594726896366500	1	7	0		1.15			291	2	673249242775222	32733	Mushroom	135	A	2019747728325670	1	0	0		1.15			261	2	25371780162657	32733	Mushroom	135	A	76115340487970	1	7	0		1.15		201	2	36033053953	3603305395325	32733	Mushroom	140	A	10809916185975	1	5	0		1.15			171	2	1357926107	32733	Mushroom	145	A	4073778322	1	7	0		1.15			141	2	51174217	5117421674	32733	Mushroom	150	A	15352265023	1	7	0		1.15		111	2	1928529	32733	Mushroom	155	A	5785588	1	7	0		1.15		81	2	72678	7267773	32733	Mushroom	160	A	21803318	1	7	0		1.15		51	2	2739	27301	Mushroom	165	A	8217	4	28	0				21	1	52	5161	115	MagicScrolls	160	A	155	1	7	0																																															
13		352	1	530779632964587000	1033714711737520000000	Wood	125	A	1592338898893 760 000	780	3900	65					322	1	19472750772346500	37643	Mushroom	135	A	58418252317039500	1	7	0		1.15			292	1	733841674624992	37643	Mushroom	135	A	2201525023874980	1	0	0		1.15			262	1	27655240377296	37643	Mushroom	135	A	82965721131887	1	7	0		1.15		202	1	39276028809	3927602880904	37643	Mushroom	140	A	11782808642713	1	5	0		1.15			172	1	1480139457	37643	Mushroom	145	A	4440418371	1	7	0		1.15			142	1	55779896	5577989625	37643	Mushroom	150	A	16733968875	1	7	0		1.15		112	1	2102097	37643	Mushroom	155	A	6306291	1	7	0		1.15		82	1	79219	7921872	37643	Mushroom	160	A	23765617	1	7	0		1.15		52	1	2985	32762	Mushroom	165	A	8956	5	35	1				22	1	56	5625	138	MagicScrolls	160	A	169	1	7	0																																															
13		353	1	578549799931400000	1240457654085020000000	Wood	125	A	1735649399794 200 000	858	4290	72					323	1	21225298341857700	43289	Mushroom	135	A	63675895025573000	1	7	0		1.15			293	1	799887425341242	43289	Mushroom	135	A	2399662276023720	1	0	0		1.15			263	1	30144212011252	43289	Mushroom	135	A	90432636033757	1	7	0		1.15		203	1	42810871402	4281087140186	43289	Mushroom	140	A	12843261420557	1	5	0		1.15			173	1	1613352008	43289	Mushroom	145	A	4840056024	1	7	0		1.15			143	1	60800087	6080008691	43289	Mushroom	150	A	18240026074	1	7	0		1.15		113	1	2291286	43289	Mushroom	155	A	6873857	1	7	0		1.15		83	1	86348	8634841	43289	Mushroom	160	A	25904522	1	7	0		1.15		53	1	3254	39314	Mushroom	165	A	9762	5	35	1				23	1	61	6132	166	MagicScrolls	160	A	184	2	14	0																																															
13		354	1	630619281925226000	1488549184902030000000	Wood	125	A	1891857845775 680 000	945	4725	79					324	1	23135575192624900	49783	Mushroom	135	A	69406725577874600	1	7	0		1.15			294	1	871877293621953	49783	Mushroom	135	A	2615631880865860	1	0	0		1.15			264	1	32857191092265	49783	Mushroom	135	A	98571573276795	1	7	0		1.15		204	1	46663849828	4666384982802	49783	Mushroom	140	A	13999154948407	1	5	0		1.15			174	1	1758553689	49783	Mushroom	145	A	5275661066	1	7	0		1.15			144	1	66272095	6627209473	49783	Mushroom	150	A	19881628420	1	7	0		1.15		114	1	2497502	49783	Mushroom	155	A	7492505	1	7	0		1.15		84	1	94120	9411976	49783	Mushroom	160	A	28235929	1	7	0		1.15		54	1	3547	47177	Mushroom	165	A	10641	6	42	1				24	1	67	6683	199	MagicScrolls	160	A	201	2	14	0																																															
13		355	1	687375017298497000	1786259021882440000000	Wood	125	A	2062125051895 490 000	1040	5200	87					325	1	25217776959961100	57250	Mushroom	135	A	75653330879883300	1	7	0		1.15			295	1	950346250047929	57250	Mushroom	135	A	2851038750143790	1	0	0		1.15			265	1	35814338290569	57250	Mushroom	135	A	107443014871707	1	7	0		1.15		205	1	50863596313	5086359631255	57250	Mushroom	140	A	15259078893764	1	5	0		1.15			175	1	1916823521	57250	Mushroom	145	A	5750470562	1	7	0		1.15			145	1	72236583	7223658326	57250	Mushroom	150	A	21670974978	1	7	0		1.15		115	1	2722277	57250	Mushroom	155	A	8166830	1	7	0		1.15		85	1	102591	10259054	57250	Mushroom	160	A	30777163	1	7	0		1.15		55	1	3866	56612	Mushroom	165	A	11599	6	42	1				25	1	73	7285	238	MagicScrolls	160	A	219	2	14	0																																															
13		356	1	749238768855361000	2143510826258920000000	Wood	125	A	2247716306566 080 000	1145	5725	95					326	1	27487376886357600	65838	Mushroom	135	A	82462130659072800	1	7	0		1.15			296	1	1035877412552240	65838	Mushroom	135	A	3107632237656730	1	0	0		1.15			266	1	39037628736720	65838	Mushroom	135	A	117112886210160	1	7	0		1.15		206	1	55441319981	5544131998068	65838	Mushroom	140	A	16632395994203	1	5	0		1.15			176	1	2089337638	65838	Mushroom	145	A	6268012913	1	7	0		1.15			146	1	78737876	7873787575	65838	Mushroom	150	A	23621362726	1	7	0		1.15		116	1	2967282	65838	Mushroom	155	A	8901845	1	7	0		1.15		86	1	111824	11182369	65838	Mushroom	160	A	33547108	1	7	0		1.15		56	1	4214	67934	Mushroom	165	A	12642	7	49	1				26	1	79	7941	286	MagicScrolls	160	A	238	2	14	0																																															
13		357	1	816670258052344000	2572212991510710000000	Wood	125	A	2450010774157 030 000	1260	6300	105					327	1	29961240806129800	75714	Mushroom	135	A	89883722418389400	1	7	0		1.15			297	1	1129106379681940	75714	Mushroom	135	A	3387319139045830	1	0	0		1.15			267	1	42551015323025	75714	Mushroom	135	A	127653045969075	1	7	0		1.15		207	1	60431038779	6043103877894	75714	Mushroom	140	A	18129311633681	1	5	0		1.15			177	1	2277378025	75714	Mushroom	145	A	6832134075	1	7	0		1.15			147	1	85824285	8582428457	75714	Mushroom	150	A	25747285372	1	7	0		1.15		117	1	3234337	75714	Mushroom	155	A	9703011	1	7	0		1.15		87	1	121888	12188782	75714	Mushroom	160	A	36566347	1	7	0		1.15		57	1	4593	81521	Mushroom	165	A	13780	8	56	1				27	1	87	8655	343	MagicScrolls	160	A	260	2	14	0																																															
13		358	1	890170581277055000	3086655589812850000000	Wood	125	A	2670511743831 160 000	1387	6935	116					328	1	32657752478681500	87071	Mushroom	135	A	97973257436044400	1	7	0		1.15			298	1	1230725953853320	87071	Mushroom	135	A	3692177861559960	1	0	0		1.15			268	1	46380606702097	87071	Mushroom	135	A	139141820106291	1	7	0		1.15		208	1	65869832269	6586983226904	87071	Mushroom	140	A	19760949680712	1	5	0		1.15			178	1	2482342047	87071	Mushroom	145	A	7447026142	1	7	0		1.15			148	1	93548470	9354847018	87071	Mushroom	150	A	28064541055	1	7	0		1.15		118	1	3525427	87071	Mushroom	155	A	10576282	1	7	0		1.15		88	1	132858	13285773	87071	Mushroom	160	A	39857318	1	7	0		1.15		58	1	5007	97826	Mushroom	165	A	15020	8	56	1				28	1	94	9434	412	MagicScrolls	160	A	283	2	14	0																																															
13		359	1	970285933591990000	3703986707775420000000	Wood	125	A	2910857800775 970 000	1527	7635	127					329	1	35596950201762800	100131	Mushroom	135	A	106790850605288000	1	7	0		1.15			299	1	1341491289700120	100131	Mushroom	135	A	4024473869100360	1	0	0		1.15			269	1	50554861305286	100131	Mushroom	135	A	151664583915858	1	7	0		1.15		209	1	71798117173	7179811717326	100131	Mushroom	140	A	21539435151977	1	5	0		1.15			179	1	2705752832	100131	Mushroom	145	A	8117258495	1	7	0		1.15			149	1	101967832	10196783250	100131	Mushroom	150	A	30590349750	1	7	0		1.15		119	1	3842716	100131	Mushroom	155	A	11528147	1	7	0		1.15		89	1	144815	14481492	100131	Mushroom	160	A	43444477	1	7	0		1.15		59	1	5457	117391	Mushroom	165	A	16372	9	63	1				29	1	103	10283	495	MagicScrolls	160	A	308	2	14	0																																															
13		360	1	1057611667615270000	4444784049330500000000	Wood	125	A	3172835002845 810 000	1682	8410	140					330	1	38800675719921500	115151	Mushroom	135	A	116402027159764000	1	7	0		1.15			300	1	1462225505773130	115151	Mushroom	135	A	4386676517319390	1	0	0		1.15			270	1	55104798822762	115151	Mushroom	135	A	165314396468285	1	7	0		1.15		210	1	78259947719	7825994771885	115151	Mushroom	140	A	23477984315654	1	5	0		1.15			180	1	2949270586	115151	Mushroom	145	A	8847811759	1	7	0		1.15			150	1	111144937	11114493742	115151	Mushroom	150	A	33343481227	1	7	0		1.15		120	1	4188560	115151	Mushroom	155	A	12565680	1	7	0		1.15		90	1	157848	15784827	115151	Mushroom	160	A	47354480	1	7	0		1.15		60	1	5949	140869	Mushroom	165	A	17846	1	7	0				30	2	224	22418	593	MagicScrolls	160	A	673	2	14	0																																															
13		361	1	1152796717700640000	5333740859196600000000	Wood	125	A	3458390153101 930 000	1851	9255	154					331	1	42292736534714400	2000	MagicScrolls	135	A	126878209604143000	1	7	0		2000			301	1	1593825801292710	2000	MagicScrolls	135	A	4781477403878130	1	0	0		2000			271	1	60064230716810	2000	MagicScrolls	135	A	180192692150431	1	7	0		2000		211	1	85303343014	8530334301354	2000	MagicScrolls	140	A	25591002904063	1	5	0		2000			181	1	3214704939	2000	MagicScrolls	145	A	9644114818	1	7	0		2000			151	1	121147982	12114798179	2000	MagicScrolls	150	A	36344394538	1	7	0		2000		121	1	4565531	2000	MagicScrolls	155	A	13696592	1	7	0		2000		91	1	172055	17205461	2000	MagicScrolls	160	A	51616383	1	7	0		2000		61	1	6484	2000	MagicScrolls	165	A	19452	1	7	0		2000		31	1	244	24435	712	MagicScrolls	160	A	733	2	14	0				1	1	1	100	0	SoulCrystal2	55	A	3	2	14	0		7																														
13		362	1	1256548422293700000	6400489031035920000000	Wood	125	A	3769645266881 100 000	2038	10190	170					332	1	46099082822838700	2300	MagicScrolls	135	A	138297248468516000	1	7	0		1.15			302	1	1737270123409060	2300	MagicScrolls	135	A	5211810370227170	1	0	0		1.15			272	1	65470011481323	2300	MagicScrolls	135	A	196410034443969	1	7	0		1.15		212	1	92980643885	9298064388476	2300	MagicScrolls	140	A	27894193165429	1	5	0		1.15			182	1	3504028384	2300	MagicScrolls	145	A	10512085151	1	7	0		1.15			152	1	132051300	13205130015	2300	MagicScrolls	150	A	39615390046	1	7	0		1.15		122	1	4976428	2300	MagicScrolls	155	A	14929285	1	7	0		1.15		92	1	187540	18753953	2300	MagicScrolls	160	A	56261858	1	7	0		1.15		62	1	7068	2300	MagicScrolls	165	A	21203	1	7	0		1.15		32	1	266	26634	855	MagicScrolls	160	A	799	2	14	0				2	1	2	200	4	SoulCrystal2	165	A	6	1	7	0	TYCOON	1																														
13		363	1	1369637780300130000	7680586837243100000000	Wood	125	A	4108913340900 400 000	2244	11220	187					333	1	50248000276894200	2645	MagicScrolls	135	A	150744000830683000	1	7	0		1.15			303	1	1893624434515870	2645	MagicScrolls	135	A	5680873303547610	1	0	0		1.15			273	1	71362312514642	2645	MagicScrolls	135	A	214086937543927	1	7	0		1.15		213	1	101348901834	10134890183439	2645	MagicScrolls	140	A	30404670550318	1	5	0		1.15			183	1	3819390938	2645	MagicScrolls	145	A	11458172815	1	7	0		1.15			153	1	143935917	14393591717	2645	MagicScrolls	150	A	43180775150	1	7	0		1.15		123	1	5424307	2645	MagicScrolls	155	A	16272920	1	7	0		1.15		93	1	204418	20441808	2645	MagicScrolls	160	A	61325425	1	7	0		1.15		63	1	7704	2645	MagicScrolls	165	A	23111	1	7	0		1.15		33	1	290	29031	1025	MagicScrolls	160	A	871	2	14	0				3	1	3	300	4	SoulCrystal2	165	A	9	1	7	0	MERGE	0																														
13		364	1	1492905180527150000	9216704204691720000000	Wood	125	A	4478715541581 440 000	2470	12350	206					334	1	54770320301814700	3042	MagicScrolls	135	A	164310960905444000	1	7	0		1.15			304	1	2064050633622300	3042	MagicScrolls	135	A	6192151900866900	1	0	0		1.15			274	1	77784920640960	3042	MagicScrolls	135	A	233354761922880	1	7	0		1.15		214	1	110470302999	11047030299949	3042	MagicScrolls	140	A	33141090899846	1	5	0		1.15			184	1	4163136123	3042	MagicScrolls	145	A	12489408368	1	7	0		1.15			154	1	156890150	15689014971	3042	MagicScrolls	150	A	47067044914	1	7	0		1.15		124	1	5912494	3042	MagicScrolls	155	A	17737483	1	7	0		1.15		94	1	222816	22281571	3042	MagicScrolls	160	A	66844713	1	7	0		1.15		64	1	8397	3042	MagicScrolls	165	A	25191	1	7	0		1.15		34	1	316	31644	1231	MagicScrolls	160	A	949	2	14	0				4	1	4	400	5	SoulCrystal2	165	A	12	1	7	0																																
13		365	1	1627266646774590000	11060045045630100000000	Wood	125	A	4881799940323 770 000	2719	13595	227					335	1	59699649128978000	3498	MagicScrolls	135	A	179098947386934000	1	7	0		1.15			305	1	2249815190648310	3498	MagicScrolls	135	A	6749445571944920	1	0	0		1.15			275	1	84785563498646	3498	MagicScrolls	135	A	254356690495939	1	7	0		1.15		215	1	120412630269	12041263026944	3498	MagicScrolls	140	A	36123789080832	1	5	0		1.15			185	1	4537818374	3498	MagicScrolls	145	A	13613455121	1	7	0		1.15			155	1	171010263	17101026319	3498	MagicScrolls	150	A	51303078956	1	7	0		1.15		125	1	6444619	3498	MagicScrolls	155	A	19333857	1	7	0		1.15		95	1	242869	24286912	3498	MagicScrolls	160	A	72860737	1	7	0		1.15		65	1	9153	3498	MagicScrolls	165	A	27458	1	7	0		1.15		35	1	345	34492	1477	MagicScrolls	160	A	1035	2	14	0				5	1	5	500	6	SoulCrystal2	165	A	15	1	7	0																																
13		366	1	1773720644984300000	13272054054756100000000	Wood	125	A	5321161934952 910 000	2994	14970	250					336	1	65072617550586000	4023	MagicScrolls	135	A	195217852651758000	1	7	0		1.15			306	1	2452298557806650	4023	MagicScrolls	135	A	7356895673419960	1	0	0		1.15			276	1	92416264213525	4023	MagicScrolls	135	A	277248792640574	1	7	0		1.15		216	1	131249766994	13124976699369	4023	MagicScrolls	140	A	39374930098107	1	5	0		1.15			186	1	4946222027	4023	MagicScrolls	145	A	14838666082	1	7	0		1.15			156	1	186401187	18640118687	4023	MagicScrolls	150	A	55920356062	1	7	0		1.15		126	1	7024635	4023	MagicScrolls	155	A	21073904	1	7	0		1.15		96	1	264727	26472735	4023	MagicScrolls	160	A	79418204	1	7	0		1.15		66	1	9976	4023	MagicScrolls	165	A	29929	1	7	0		1.15		36	1	376	37597	1772	MagicScrolls	160	A	1128	2	14	0				6	1	6	600	7	SoulCrystal2	165	A	18	1	7	0																																
13		367	1	1933355503032890000	15926464865707300000000	Wood	125	A	5800066509098 670 000	3296	16480	275					337	1	70929153130138800	4626	MagicScrolls	135	A	212787459390416000	1	7	0		1.15			307	1	2673005428009250	4626	MagicScrolls	135	A	8019016284027760	1	0	0		1.15			277	1	100733727992742	4626	MagicScrolls	135	A	302201183978225	1	7	0		1.15		217	1	143062246023	14306224602312	4626	MagicScrolls	140	A	42918673806937	1	5	0		1.15			187	1	5391382010	4626	MagicScrolls	145	A	16174146030	1	7	0		1.15			157	1	203177294	20317729369	4626	MagicScrolls	150	A	60953188108	1	7	0		1.15		127	1	7656852	4626	MagicScrolls	155	A	22970555	1	7	0		1.15		97	1	288553	28855281	4626	MagicScrolls	160	A	86565842	1	7	0		1.15		67	1	10874	4626	MagicScrolls	165	A	32623	1	7	0		1.15		37	1	410	40980	2126	MagicScrolls	160	A	1229	3	21	0				7	1	7	700	9	SoulCrystal2	165	A	21	1	7	0																																
13		368	1	2107357498305850000	19111757838848800000000	Wood	125	A	6322072494917 550 000	3628	18140	302					338	1	77312776911851300	5320	MagicScrolls	135	A	231938330735554000	1	7	0		1.15			308	1	2913575916530090	5320	MagicScrolls	135	A	8740727749590260	1	0	0		1.15			278	1	109799763512089	5320	MagicScrolls	135	A	329399290536266	1	7	0		1.15		218	1	155937848165	15593784816520	5320	MagicScrolls	140	A	46781354449561	1	5	0		1.15			188	1	5876606391	5320	MagicScrolls	145	A	17629819172	1	7	0		1.15			158	1	221463250	22146325013	5320	MagicScrolls	150	A	66438975038	1	7	0		1.15		128	1	8345968	5320	MagicScrolls	155	A	25037905	1	7	0		1.15		98	1	314523	31452256	5320	MagicScrolls	160	A	94356768	1	7	0		1.15		68	1	11853	5320	MagicScrolls	165	A	35559	1	7	0		1.15		38	1	447	44669	2552	MagicScrolls	160	A	1340	3	21	0				8	1	8	800	11	SoulCrystal2	165	A	24	1	7	0																																
13		369	1	2297019673153380000	22934109406618500000000	Wood	125	A	6891059019460 140 000	3994	19970	333					339	1	84270926833917900	6118	MagicScrolls	135	A	252812780501754000	1	7	0		1.15			309	1	3175797749017790	6118	MagicScrolls	135	A	9527393247053380	1	0	0		1.15			279	1	119681742228177	6118	MagicScrolls	135	A	359045226684530	1	7	0		1.15		219	1	169972254500	16997225450007	6118	MagicScrolls	140	A	50991676350022	1	5	0		1.15			189	1	6405500966	6118	MagicScrolls	145	A	19216502898	1	7	0		1.15			159	1	241394943	24139494264	6118	MagicScrolls	150	A	72418482791	1	7	0		1.15		129	1	9097106	6118	MagicScrolls	155	A	27291317	1	7	0		1.15		99	1	342830	34282959	6118	MagicScrolls	160	A	102848877	1	7	0		1.15		69	1	12920	6118	MagicScrolls	165	A	38759	1	7	0		1.15		39	1	487	48689	3062	MagicScrolls	160	A	1461	3	21	0				9	1	9	900	13	SoulCrystal2	165	A	27	1	7	0																																
13		370	1	2503751443737180000	27520931287942200000000	Wood	125	A	7511254331211 550 000	4397	21985	366					340	1	91855310248970500	7036	MagicScrolls	135	A	275565930746911000	1	7	0		1.15			310	1	3461619546429400	7036	MagicScrolls	135	A	10384858639288200	1	0	0		1.15			280	1	130453099028712	7036	MagicScrolls	135	A	391359297086137	1	7	0		1.15		220	1	185269757405	18526975740508	7036	MagicScrolls	140	A	55580927221524	1	5	0		1.15			190	1	6981996053	7036	MagicScrolls	145	A	20945988159	1	7	0		1.15			160	1	263120487	26312048747	7036	MagicScrolls	150	A	78936146242	1	7	0		1.15		130	1	9915845	7036	MagicScrolls	155	A	29747535	1	7	0		1.15		100	1	373684	37368425	7036	MagicScrolls	160	A	112105276	1	7	0		1.15		70	1	14083	7036	MagicScrolls	165	A	42248	1	7	0		1.15		40	1	531	53071	3674	MagicScrolls	160	A	1592	3	21	0				10	1	10	1000	15	SoulCrystal2	165	A	30	1	7	0																																
13		371	1	2729089073673530000	33025117545530700000000	Wood	135	A	8187267221020 590 000	4841	24205	403					341	1	100122288171378000	8091	MagicScrolls	135	A	300366864514134000	1	7	0		1.15			311	1	3773165305608040	8091	MagicScrolls	135	A	11319495916824100	1	0	0		1.15			281	1	142193877941297	8091	MagicScrolls	135	A	426581633823890	1	7	0		1.15		221	1	201944035572	20194403557154	8091	MagicScrolls	140	A	60583210671461	1	5	0		1.15			191	1	7610375698	8091	MagicScrolls	145	A	22831127093	1	7	0		1.15			161	1	286801331	28680133135	8091	MagicScrolls	150	A	86040399404	1	7	0		1.15		131	1	10808271	8091	MagicScrolls	155	A	32424813	1	7	0		1.15		101	1	407316	40731584	8091	MagicScrolls	160	A	122194751	1	7	0		1.15		71	1	15350	8091	MagicScrolls	165	A	46050	1	7	0		1.15		41	1	578	57847	4409	MagicScrolls	160	A	1735	4	28	0				11	2	22	2180	19	SoulCrystal2	165	A	65	1	7	0																																
13		372	1	2974707090304150000	39630141054636800000000	Wood	135	A	8924121270912 440 000	5329	26645	444					342	1	109133294106802000	9305	MagicScrolls	135	A	327399882320406000	1	7	0		1.15			312	1	4112750183112770	9305	MagicScrolls	135	A	12338250549338300	1	0	0		1.15			282	1	154991326956013	9305	MagicScrolls	135	A	464973980868040	1	7	0		1.15		222	1	220118998773	22011899877297	9305	MagicScrolls	140	A	66035699631892	1	5	0		1.15			192	1	8295309510	9305	MagicScrolls	145	A	24885928531	1	7	0		1.15			162	1	312613451	31261345117	9305	MagicScrolls	150	A	93784035350	1	7	0		1.15		132	1	11781015	9305	MagicScrolls	155	A	35343046	1	7	0		1.15		102	1	443974	44397426	9305	MagicScrolls	160	A	133192278	1	7	0		1.15		72	1	16731	9305	MagicScrolls	165	A	50194	1	7	0		1.15		42	1	631	63053	5291	MagicScrolls	160	A	1892	4	28	0				12	1	24	2376	22	SoulCrystal2	165	A	71	1	7	0																																
13		373	1	3242430728431520000	47556169265564100000000	Wood	135	A	9727292185294 560 000	5867	29335	489					343	1	118955290576414000	10701	MagicScrolls	135	A	356865871729242000	1	7	0		1.15			313	1	4482897699592910	10701	MagicScrolls	135	A	13448693098778700	1	0	0		1.15			283	1	168940546382054	10701	MagicScrolls	135	A	506821639146163	1	7	0		1.15		223	1	239929708663	23992970866254	10701	MagicScrolls	140	A	71978912598763	1	5	0		1.15			193	1	9041887366	10701	MagicScrolls	145	A	27125662099	1	7	0		1.15			163	1	340748662	34074866177	10701	MagicScrolls	150	A	102224598532	1	7	0		1.15		133	1	12841307	10701	MagicScrolls	155	A	38523921	1	7	0		1.15		103	1	483932	48393194	10701	MagicScrolls	160	A	145179583	1	7	0		1.15		73	1	18237	10701	MagicScrolls	165	A	54712	1	7	0		1.15		43	1	687	68728	6349	MagicScrolls	160	A	2062	4	28	0				13	1	26	2590	27	SoulCrystal2	165	A	78	1	7	0																																
13		374	1	3534249493990360000	57067403118677000000000	Wood	135	A	10602748481971 100 000	6459	32295	538					344	1	129661266728291000	12306	MagicScrolls	135	A	388983800184874000	1	7	0		1.15			314	1	4886358492556280	12306	MagicScrolls	135	A	14659075477668800	1	0	0		1.15			284	1	184145195556439	12306	MagicScrolls	135	A	552435586669318	1	7	0		1.15		224	1	261523382442	26152338244217	12306	MagicScrolls	140	A	78457014732651	1	5	0		1.15			194	1	9855657229	12306	MagicScrolls	145	A	29566971688	1	7	0		1.15			164	1	371416041	37141604133	12306	MagicScrolls	150	A	111424812400	1	7	0		1.15		134	1	13997025	12306	MagicScrolls	155	A	41991074	1	7	0		1.15		104	1	527486	52748582	12306	MagicScrolls	160	A	158245746	1	7	0		1.15		74	1	19879	12306	MagicScrolls	165	A	59636	1	7	0		1.15		44	1	749	74914	7619	MagicScrolls	160	A	2247	5	35	1				14	1	28	2823	32	SoulCrystal2	165	A	85	1	7	0																																
13		375	1	3852331948449490000	68480883742412400000000	Wood	135	A	11556995845348 500 000	7111	35555	593					345	1	141330780733838000	14151	MagicScrolls	135	A	423992342201513000	1	7	0		1.15			315	1	5326130756886340	14151	MagicScrolls	135	A	15978392270659000	1	0	0		1.15			285	1	200718263156519	14151	MagicScrolls	135	A	602154789469557	1	7	0		1.15		225	1	285060486862	28506048686197	14151	MagicScrolls	140	A	85518146058590	1	5	0		1.15			195	1	10742666380	14151	MagicScrolls	145	A	32227999140	1	7	0		1.15			165	1	404843485	40484348505	14151	MagicScrolls	150	A	121453045516	1	7	0		1.15		135	1	15256757	14151	MagicScrolls	155	A	45770270	1	7	0		1.15		105	1	574960	57495954	14151	MagicScrolls	160	A	172487863	1	7	0		1.15		75	1	21668	14151	MagicScrolls	165	A	65003	1	7	0		1.15		45	1	817	81656	9143	MagicScrolls	160	A	2450	5	35	1				15	1	31	3077	39	SoulCrystal2	165	A	92	1	7	0																																
13		376	1	4199041823809950000	82177060490894800000000	Wood	135	A	12597125471429 800 000	7829	39145	652					346	1	154050550999883000	16274	MagicScrolls	135	A	462151652999649000	1	7	0		1.15			316	1	5805482525006110	16274	MagicScrolls	135	A	17416447575018300	1	0	0		1.15			286	1	218782906840606	16274	MagicScrolls	135	A	656348720521817	1	7	0		1.15		226	1	310715930680	31071593067954	16274	MagicScrolls	140	A	93214779203863	1	5	0		1.15			196	1	11709506354	16274	MagicScrolls	145	A	35128519063	1	7	0		1.15			166	1	441279399	44127939871	16274	MagicScrolls	150	A	132383819612	1	7	0		1.15		136	1	16629865	16274	MagicScrolls	155	A	49889594	1	7	0		1.15		106	1	626706	62670590	16274	MagicScrolls	160	A	188011771	1	7	0		1.15		76	1	23618	16274	MagicScrolls	165	A	70853	1	7	0		1.15		46	1	890	89005	10972	MagicScrolls	160	A	2670	5	35	1				16	1	34	3354	46	SoulCrystal2	165	A	101	1	7	0																																
13		377	1	4576955587952840000	98612472589073800000000	Wood	135	A	13730866763858 500 000	8619	43095	718					347	1	167915100589872000	18715	MagicScrolls	135	A	503745301769617000	1	7	0		1.15			317	1	6327975952256660	18715	MagicScrolls	135	A	18983927856770000	1	0	0		1.15			287	1	238473368456260	18715	MagicScrolls	135	A	715420105368781	1	7	0		1.15		227	1	338680364441	33868036444070	18715	MagicScrolls	140	A	101604109332211	1	5	0		1.15			197	1	12763361926	18715	MagicScrolls	145	A	38290085778	1	7	0		1.15			167	1	480994545	48099454459	18715	MagicScrolls	150	A	144298363377	1	7	0		1.15		137	1	18126553	18715	MagicScrolls	155	A	54379658	1	7	0		1.15		107	1	683109	68310943	18715	MagicScrolls	160	A	204932830	1	7	0		1.15		77	1	25743	18715	MagicScrolls	165	A	77230	1	7	0		1.15		47	1	970	97015	13166	MagicScrolls	160	A	2910	6	42	1				17	1	37	3656	55	SoulCrystal2	165	A	110	1	7	0																																
13		378	1	4988881590868600000	118334967106889000000000	Wood	135	A	14966644772605 800 000	9488	47440	791					348	1	183027459642961000	21523	MagicScrolls	135	A	549082378928883000	1	7	0		1.15			318	1	6897493787959760	21523	MagicScrolls	135	A	20692481363879300	1	0	0		1.15			288	1	259935971617324	21523	MagicScrolls	135	A	779807914851971	1	7	0		1.15		228	1	369161597240	36916159724037	21523	MagicScrolls	140	A	110748479172110	1	5	0		1.15			198	1	13912064499	21523	MagicScrolls	145	A	41736193498	1	7	0		1.15			168	1	524284054	52428405360	21523	MagicScrolls	150	A	157285216081	1	7	0		1.15		138	1	19757942	21523	MagicScrolls	155	A	59273827	1	7	0		1.15		108	1	744589	74458928	21523	MagicScrolls	160	A	223376785	1	7	0		1.15		78	1	28060	21523	MagicScrolls	165	A	84181	1	7	0		1.15		48	1	1057	105747	15799	MagicScrolls	160	A	3172	6	42	1				18	1	40	3985	67	SoulCrystal2	165	A	120	1	7	0																																
13		379	1	5437880934046770000	142001960528266000000000	Wood	135	A	16313642802140 300 000	10446	52230	871					349	1	199499931010827000	24751	MagicScrolls	135	A	598499793032482000	1	7	0		1.15			319	1	7518268228876140	24751	MagicScrolls	135	A	22554804686628400	1	0	0		1.15			289	1	283330209062883	24751	MagicScrolls	135	A	849990627188648	1	7	0		1.15		229	1	402386140992	40238614099200	24751	MagicScrolls	140	A	120715842297599	1	5	0		1.15			199	1	15164150304	24751	MagicScrolls	145	A	45492450913	1	7	0		1.15			169	1	571469618	57146961843	24751	MagicScrolls	150	A	171440885529	1	7	0		1.15		139	1	21536157	24751	MagicScrolls	155	A	64608472	1	7	0		1.15		109	1	811602	81160232	24751	MagicScrolls	160	A	243480695	1	7	0		1.15		79	1	30586	24751	MagicScrolls	165	A	91757	1	7	0		1.15		49	1	1153	115264	18959	MagicScrolls	160	A	3458	7	49	1				19	1	43	4344	80	SoulCrystal2	165	A	130	1	7	0																																
13		380	1	5927290218110980000	170402352633920000000000	Wood	135	A	17781870654332 900 000	11500	57500	958					350	1	217454924801802000	28464	MagicScrolls	135	A	652364774405406000	1	7	0		1.15			320	1	8194912369475000	28464	MagicScrolls	135	A	24584737108425000	1	0	0		1.15			290	1	308829927878542	28464	MagicScrolls	135	A	926489783635627	1	7	0		1.15		230	1	438600893681	43860089368128	28464	MagicScrolls	140	A	131580268104383	1	5	0		1.15			200	1	16528923832	28464	MagicScrolls	145	A	49586771495	1	7	0		1.15			170	1	622901884	62290188409	28464	MagicScrolls	150	A	186870565226	1	7	0		1.15		140	1	23474411	28464	MagicScrolls	155	A	70423234	1	7	0		1.15		110	1	884647	88464653	28464	MagicScrolls	160	A	265393958	1	7	0		1.15		80	1	33338	28464	MagicScrolls	165	A	100015	1	7	0		1.15		50	1	1256	125638	22751	MagicScrolls	170	A	3769	8	56	1				20	1	47	4735	96	SoulCrystal2	175	A	142	1	7	0																																
14		381	2	12921492675481900000	204482823160703000000000	Wood	135	A	38764478026445 800 000	6331	31655	528					351	2	474051736067928000	32733	MagicScrolls	135	A	1422155208203780000	1	7	0		1.15			321	2	17864908965455500	32733	MagicScrolls	135	A	53594726896366500	1	0	0		1.15			291	2	673249242775222	32733	MagicScrolls	135	A	2019747728325670	1	7	0		1.15		231	2	956149948225	95614994822519	32733	MagicScrolls	140	A	286844984467556	1	5	0		1.15			201	2	36033053953	32733	MagicScrolls	145	A	108099161860	1	7	0		1.15			171	2	1357926107	135792610731	32733	MagicScrolls	150	A	407377832193	1	7	0		1.15		141	2	51174217	32733	MagicScrolls	155	A	153522650	1	7	0		1.15		111	2	1928529	192852943	32733	MagicScrolls	160	A	578558828	1	7	0		1.15		81	2	72678	32733	MagicScrolls	165	A	218033	1	7	0		1.15		51	2	2739	273890	27301	MagicScrolls	170	A	8217	4	28	0				21	1	52	5161	115	SoulCrystal2	175	A	155	1	7	0																																
14		382	1	14084427016275300000	245379387792844000000000	Wood	135	A	42253281048825 900 000	6969	34845	581					352	1	516716392314042000	37643	MagicScrolls	135	A	1550149176942120000	1	7	0		1.15			322	1	19472750772346500	37643	MagicScrolls	135	A	58418252317039500	1	0	0		1.15			292	1	733841674624992	37643	MagicScrolls	135	A	2201525023874980	1	7	0		1.15		232	1	1042203443565	104220344356545	37643	MagicScrolls	140	A	312661033069636	1	5	0		1.15			202	1	39276028809	37643	MagicScrolls	145	A	117828086427	1	7	0		1.15			172	1	1480139457	148013945697	37643	MagicScrolls	150	A	444041837090	1	7	0		1.15		142	1	55779896	37643	MagicScrolls	155	A	167339689	1	7	0		1.15		112	1	2102097	210209708	37643	MagicScrolls	160	A	630629123	1	7	0		1.15		82	1	79219	37643	MagicScrolls	165	A	237656	1	7	0		1.15		52	1	2985	298540	32762	MagicScrolls	170	A	8956	5	35	1				22	1	56	5625	138	SoulCrystal2	175	A	169	1	7	0																																
14		383	1	15352025447740100000	294455265351413000000000	Wood	135	A	46056076343220 300 000	7673	38365	639					353	1	563220867622305000	43289	MagicScrolls	135	A	1689662602866920000	1	7	0		1.15			323	1	21225298341857700	43289	MagicScrolls	135	A	63675895025573000	1	0	0		1.15			293	1	799887425341242	43289	MagicScrolls	135	A	2399662276023720	1	7	0		1.15		233	1	1136001753486	113600175348634	43289	MagicScrolls	140	A	340800526045903	1	5	0		1.15			203	1	42810871402	43289	MagicScrolls	145	A	128432614206	1	7	0		1.15			173	1	1613352008	161335200809	43289	MagicScrolls	150	A	484005602428	1	7	0		1.15		143	1	60800087	43289	MagicScrolls	155	A	182400261	1	7	0		1.15		113	1	2291286	229128581	43289	MagicScrolls	160	A	687385744	1	7	0		1.15		83	1	86348	43289	MagicScrolls	165	A	259045	1	7	0		1.15		53	1	3254	325409	39314	MagicScrolls	170	A	9762	5	35	1				23	1	61	6132	166	SoulCrystal2	175	A	184	2	14	0																																
14		384	1	16733707738036700000	353346318421695000000000	Wood	135	A	50201123214110 100 000	8447	42235	704					354	1	613910745708313000	49783	MagicScrolls	135	A	1841732237124940000	1	7	0		1.15			324	1	23135575192624900	49783	MagicScrolls	135	A	69406725577874600	1	0	0		1.15			294	1	871877293621953	49783	MagicScrolls	135	A	2615631880865860	1	7	0		1.15		234	1	1238241911300	123824191130012	49783	MagicScrolls	140	A	371472573390035	1	5	0		1.15			204	1	46663849828	49783	MagicScrolls	145	A	139991549484	1	7	0		1.15			174	1	1758553689	175855368882	49783	MagicScrolls	150	A	527566106647	1	7	0		1.15		144	1	66272095	49783	MagicScrolls	155	A	198816284	1	7	0		1.15		114	1	2497502	249750154	49783	MagicScrolls	160	A	749250461	1	7	0		1.15		84	1	94120	49783	MagicScrolls	165	A	282359	1	7	0		1.15		54	1	3547	354696	47177	MagicScrolls	170	A	10641	6	42	1				24	1	67	6683	199	SoulCrystal2	175	A	201	2	14	0																																
14		385	1	18239741434460000000	424015582106035000000000	Wood	135	A	54719224303380 000 000	9299	46495	775					355	1	669162712822061000	57250	MagicScrolls	135	A	2007488138466180000	1	7	0		1.15			325	1	25217776959961100	57250	MagicScrolls	135	A	75653330879883300	1	0	0		1.15			295	1	950346250047929	57250	MagicScrolls	135	A	2851038750143790	1	7	0		1.15		235	1	1349683683317	134968368331713	57250	MagicScrolls	140	A	404905104995138	1	5	0		1.15			205	1	50863596313	57250	MagicScrolls	145	A	152590788938	1	7	0		1.15			175	1	1916823521	191682352082	57250	MagicScrolls	150	A	575047056245	1	7	0		1.15		145	1	72236583	57250	MagicScrolls	155	A	216709750	1	7	0		1.15		115	1	2722277	272227668	57250	MagicScrolls	160	A	816683003	1	7	0		1.15		85	1	102591	57250	MagicScrolls	165	A	307772	1	7	0		1.15		55	1	3866	386618	56612	MagicScrolls	170	A	11599	6	42	1				25	1	73	7285	238	SoulCrystal2	175	A	219	2	14	0																																
14		386	1	19881318163561400000	508818698527241000000000	Wood	135	A	59643954490684 200 000	10238	51190	853					356	1	729387356976047000	65838	MagicScrolls	135	A	2188162070928140000	1	7	0		1.15			326	1	27487376886357600	65838	MagicScrolls	135	A	82462130659072800	1	0	0		1.15			296	1	1035877412552240	65838	MagicScrolls	135	A	3107632237656730	1	7	0		1.15		236	1	1471155214816	147115521481567	65838	MagicScrolls	140	A	441346564444700	1	5	0		1.15			206	1	55441319981	65838	MagicScrolls	145	A	166323959942	1	7	0		1.15			176	1	2089337638	208933763769	65838	MagicScrolls	150	A	626801291307	1	7	0		1.15		146	1	78737876	65838	MagicScrolls	155	A	236213627	1	7	0		1.15		116	1	2967282	296728158	65838	MagicScrolls	160	A	890184473	1	7	0		1.15		86	1	111824	65838	MagicScrolls	165	A	335471	1	7	0		1.15		56	1	4214	421414	67934	MagicScrolls	170	A	12642	7	49	1				26	1	79	7941	286	SoulCrystal2	175	A	238	2	14	0																																
14		387	1	21670636798281900000	610582438232690000000000	Wood	135	A	65011910394845 800 000	11271	56355	939					357	1	795032219103891000	75714	MagicScrolls	135	A	2385096657311670000	1	7	0		1.15			327	1	29961240806129800	75714	MagicScrolls	135	A	89883722418389400	1	0	0		1.15			297	1	1129106379681940	75714	MagicScrolls	135	A	3387319139045830	1	7	0		1.15		237	1	1603559184149	160355918414908	75714	MagicScrolls	140	A	481067755244723	1	5	0		1.15			207	1	60431038779	75714	MagicScrolls	145	A	181293116337	1	7	0		1.15			177	1	2277378025	227737802508	75714	MagicScrolls	150	A	683213407525	1	7	0		1.15		147	1	85824285	75714	MagicScrolls	155	A	257472854	1	7	0		1.15		117	1	3234337	323433692	75714	MagicScrolls	160	A	970301075	1	7	0		1.15		87	1	121888	75714	MagicScrolls	165	A	365663	1	7	0		1.15		57	1	4593	459341	81521	MagicScrolls	170	A	13780	8	56	1				27	1	87	8655	343	SoulCrystal2	175	A	260	2	14	0																																
14		388	1	23620994110127300000	732698925879228000000000	Wood	135	A	70862982330382 000 000	12408	62040	1034					358	1	866585118823241000	87071	MagicScrolls	135	A	2599755356469720000	1	7	0		1.15			328	1	32657752478681500	87071	MagicScrolls	135	A	97973257436044400	1	0	0		1.15			298	1	1230725953853320	87071	MagicScrolls	135	A	3692177861559960	1	7	0		1.15		238	1	1747879510723	174787951072249	87071	MagicScrolls	140	A	524363853216748	1	5	0		1.15			208	1	65869832269	87071	MagicScrolls	145	A	197609496807	1	7	0		1.15			178	1	2482342047	248234204734	87071	MagicScrolls	150	A	744702614202	1	7	0		1.15		148	1	93548470	87071	MagicScrolls	155	A	280645411	1	7	0		1.15		118	1	3525427	352542724	87071	MagicScrolls	160	A	1057628172	1	7	0		1.15		88	1	132858	87071	MagicScrolls	165	A	398573	1	7	0		1.15		58	1	5007	500682	97826	MagicScrolls	170	A	15020	8	56	1				28	1	94	9434	412	SoulCrystal2	175	A	283	2	14	0																																
14		389	1	25746883580038800000	879238711055073000000000	Wood	135	A	77240650740116 300 000	13660	68300	1138					359	1	944577779517333000	100131	MagicScrolls	135	A	2833733338552000000	1	7	0		1.15			329	1	35596950201762800	100131	MagicScrolls	135	A	106790850605288000	1	0	0		1.15			299	1	1341491289700120	100131	MagicScrolls	135	A	4024473869100360	1	7	0		1.15		239	1	1905188666688	190518866668752	100131	MagicScrolls	140	A	571556600006256	1	5	0		1.15			209	1	71798117173	100131	MagicScrolls	145	A	215394351520	1	7	0		1.15			179	1	2705752832	270575283160	100131	MagicScrolls	150	A	811725849480	1	7	0		1.15		149	1	101967832	100131	MagicScrolls	155	A	305903497	1	7	0		1.15		119	1	3842716	384271569	100131	MagicScrolls	160	A	1152814708	1	7	0		1.15		89	1	144815	100131	MagicScrolls	165	A	434445	1	7	0		1.15		59	1	5457	545743	117391	MagicScrolls	170	A	16372	9	63	1				29	1	103	10283	495	SoulCrystal2	175	A	308	2	14	0																																
14		390	1	28064103102242300000	1055086453266090000000000	Wood	135	A	84192309306726 800 000	15039	75195	1253					360	1	1029589779673890000	115151	MagicScrolls	145	A	3088769339021680000	1	7	0		1.15			330	1	38800675719921500	115151	MagicScrolls	145	A	116402027159764000	1	0	0		1.15			300	1	1462225505773130	115151	MagicScrolls	145	A	4386676517319390	1	7	0		1.15		240	1	2076655646689	207665564668940	115151	MagicScrolls	150	A	622996694006819	1	5	0		1.15			210	1	78259947719	115151	MagicScrolls	155	A	234779843157	1	7	0		1.15			180	1	2949270586	294927058645	115151	MagicScrolls	160	A	884781175934	1	7	0		1.15		150	1	111144937	115151	MagicScrolls	165	A	333434812	1	7	0		1.15		120	1	4188560	418856010	115151	MagicScrolls	170	A	1256568031	1	7	0		1.15		90	1	157848	115151	MagicScrolls	175	A	473545	1	7	0		1.15		60	1	5949	594860	140869	MagicScrolls	170	A	17846	1	7	0				30	2	224	22418	593	SoulCrystal2	175	A	673	2	14	0																																
14		391	1	30589872381444100000	1266103743919300000000000	Wood	135	A	91769617144332 200 000	16556	82780	1380					361	1	1122252859844540000	2000	SoulCrystal2	145	A	3366758579533630000	1	7	0		2000			331	1	42292736534714400	2000	SoulCrystal2	145	A	126878209604143000	1	0	0		2000			301	1	1593825801292710	2000	SoulCrystal2	145	A	4781477403878130	1	7	0		2000		241	1	2263554654891	226355465489144	2000	SoulCrystal2	150	A	679066396467433	1	5	0		2000			211	1	85303343014	2000	SoulCrystal2	155	A	255910029041	1	7	0		2000			181	1	3214704939	321470493923	2000	SoulCrystal2	160	A	964411481768	1	7	0		2000		151	1	121147982	2000	SoulCrystal2	165	A	363443945	1	7	0		2000		121	1	4565531	456553051	2000	SoulCrystal2	170	A	1369659154	1	7	0		2000		91	1	172055	2000	SoulCrystal2	175	A	516164	1	7	0		2000		61	1	6484	648398	2000	SoulCrystal2	180	A	1945193	1	7	0		2000		31	1	244	24435	712	SoulCrystal2	175	A	733	2	14	0				1	1	1	100	0	EvilHoney	55	A	3	2	14	0		7															
14		392	1	33342960895774100000	1519324492703170000000000	Wood	135	A	100028882687322 000 000	18227	91135	1519					362	1	1223255617230550000	2300	SoulCrystal2	145	A	3669766851691660000	1	7	0		1.15			332	1	46099082822838700	2300	SoulCrystal2	145	A	138297248468516000	1	0	0		1.15			302	1	1737270123409060	2300	SoulCrystal2	145	A	5211810370227170	1	7	0		1.15		242	1	2467274573832	246727457383167	2300	SoulCrystal2	150	A	740182372149502	1	5	0		1.15			212	1	92980643885	2300	SoulCrystal2	155	A	278941931654	1	7	0		1.15			182	1	3504028384	350402838376	2300	SoulCrystal2	160	A	1051208515127	1	7	0		1.15		152	1	132051300	2300	SoulCrystal2	165	A	396153900	1	7	0		1.15		122	1	4976428	497642826	2300	SoulCrystal2	170	A	1492928478	1	7	0		1.15		92	1	187540	2300	SoulCrystal2	175	A	562619	1	7	0		1.15		62	1	7068	706753	2300	SoulCrystal2	180	A	2120260	1	7	0		1.15		32	1	266	26634	855	SoulCrystal2	175	A	799	2	14	0				2	1	2	200	4	EvilHoney	180	A	6	1	7	0	TYCOON	1															
14		393	1	36343827376393700000	1823189391243800000000000	Wood	135	A	109031482129181 000 000	20067	100335	1672					363	1	1333348622781300000	2645	SoulCrystal2	145	A	4000045868343910000	1	7	0		1.15			333	1	50248000276894200	2645	SoulCrystal2	145	A	150744000830683000	1	0	0		1.15			303	1	1893624434515870	2645	SoulCrystal2	145	A	5680873303547610	1	7	0		1.15		243	1	2689329285477	268932928547652	2645	SoulCrystal2	150	A	806798785642957	1	5	0		1.15			213	1	101348901834	2645	SoulCrystal2	155	A	304046705503	1	7	0		1.15			183	1	3819390938	381939093829	2645	SoulCrystal2	160	A	1145817281488	1	7	0		1.15		153	1	143935917	2645	SoulCrystal2	165	A	431807752	1	7	0		1.15		123	1	5424307	542430680	2645	SoulCrystal2	170	A	1627292041	1	7	0		1.15		93	1	204418	2645	SoulCrystal2	175	A	613254	1	7	0		1.15		63	1	7704	770361	2645	SoulCrystal2	180	A	2311083	1	7	0		1.15		33	1	290	29031	1025	SoulCrystal2	175	A	871	2	14	0				3	1	3	300	4	EvilHoney	180	A	9	1	7	0	MERGE	0															
14		394	1	39614771840269200000	2187827269492560000000000	Wood	135	A	118844315520807 000 000	22092	110460	1841					364	1	1453349998831620000	3042	SoulCrystal2	145	A	4360049996494860000	1	7	0		1.15			334	1	54770320301814700	3042	SoulCrystal2	145	A	164310960905444000	1	0	0		1.15			304	1	2064050633622300	3042	SoulCrystal2	145	A	6192151900866900	1	7	0		1.15		244	1	2931368921169	293136892116941	3042	SoulCrystal2	150	A	879410676350823	1	5	0		1.15			214	1	110470302999	3042	SoulCrystal2	155	A	331410908998	1	7	0		1.15			184	1	4163136123	416313612274	3042	SoulCrystal2	160	A	1248940836822	1	7	0		1.15		154	1	156890150	3042	SoulCrystal2	165	A	470670449	1	7	0		1.15		124	1	5912494	591249442	3042	SoulCrystal2	170	A	1773748325	1	7	0		1.15		94	1	222816	3042	SoulCrystal2	175	A	668447	1	7	0		1.15		64	1	8397	839694	3042	SoulCrystal2	180	A	2519081	1	7	0		1.15		34	1	316	31644	1231	SoulCrystal2	175	A	949	2	14	0				4	1	4	400	5	EvilHoney	180	A	12	1	7	0																	
14		395	1	43180101305893400000	2625392723391070000000000	Wood	135	A	129540303917680 000 000	24321	121605	2027					365	1	1584151498726470000	3498	SoulCrystal2	145	A	4752454496179400000	1	7	0		1.15			335	1	59699649128978000	3498	SoulCrystal2	145	A	179098947386934000	1	0	0		1.15			305	1	2249815190648310	3498	SoulCrystal2	145	A	6749445571944920	1	7	0		1.15		245	1	3195192124075	319519212407466	3498	SoulCrystal2	150	A	958557637222397	1	5	0		1.15			215	1	120412630269	3498	SoulCrystal2	155	A	361237890808	1	7	0		1.15			185	1	4537818374	453781837379	3498	SoulCrystal2	160	A	1361345512136	1	7	0		1.15		155	1	171010263	3498	SoulCrystal2	165	A	513030790	1	7	0		1.15		125	1	6444619	644461891	3498	SoulCrystal2	170	A	1933385674	1	7	0		1.15		95	1	242869	3498	SoulCrystal2	175	A	728607	1	7	0		1.15		65	1	9153	915266	3498	SoulCrystal2	180	A	2745798	1	7	0		1.15		35	1	345	34492	1477	SoulCrystal2	175	A	1035	2	14	0				5	1	5	500	6	EvilHoney	180	A	15	1	7	0																	
14		396	1	47066310423423800000	3150471268069280000000000	Wood	135	A	141198931270271 000 000	26775	133875	2231					366	1	1726725133611850000	4023	SoulCrystal2	145	A	5180175400835540000	1	7	0		1.15			336	1	65072617550586000	4023	SoulCrystal2	145	A	195217852651758000	1	0	0		1.15			306	1	2452298557806650	4023	SoulCrystal2	145	A	7356895673419960	1	7	0		1.15		246	1	3482759415241	348275941524138	4023	SoulCrystal2	150	A	1044827824572410	1	5	0		1.15			216	1	131249766994	4023	SoulCrystal2	155	A	393749300981	1	7	0		1.15			186	1	4946222027	494622202743	4023	SoulCrystal2	160	A	1483866608228	1	7	0		1.15		156	1	186401187	4023	SoulCrystal2	165	A	559203561	1	7	0		1.15		126	1	7024635	702463462	4023	SoulCrystal2	170	A	2107390385	1	7	0		1.15		96	1	264727	4023	SoulCrystal2	175	A	794182	1	7	0		1.15		66	1	9976	997640	4023	SoulCrystal2	180	A	2992920	1	7	0		1.15		36	1	376	37597	1772	SoulCrystal2	175	A	1128	2	14	0				6	1	6	600	7	EvilHoney	180	A	18	1	7	0																	
14		397	1	51302278361531900000	3780565521683140000000000	Wood	135	A	153906835084596 000 000	29477	147385	2456					367	1	1882130395636910000	4626	SoulCrystal2	145	A	5646391186910740000	1	7	0		1.15			337	1	70929153130138800	4626	SoulCrystal2	145	A	212787459390416000	1	0	0		1.15			307	1	2673005428009250	4626	SoulCrystal2	145	A	8019016284027760	1	7	0		1.15		247	1	3796207762613	379620776261310	4626	SoulCrystal2	150	A	1138862328783930	1	5	0		1.15			217	1	143062246023	4626	SoulCrystal2	155	A	429186738069	1	7	0		1.15			187	1	5391382010	539138200990	4626	SoulCrystal2	160	A	1617414602969	1	7	0		1.15		157	1	203177294	4626	SoulCrystal2	165	A	609531881	1	7	0		1.15		127	1	7656852	765685173	4626	SoulCrystal2	170	A	2297055519	1	7	0		1.15		97	1	288553	4626	SoulCrystal2	175	A	865658	1	7	0		1.15		67	1	10874	1087428	4626	SoulCrystal2	180	A	3262283	1	7	0		1.15		37	1	410	40980	2126	SoulCrystal2	175	A	1229	3	21	0				7	1	7	700	9	EvilHoney	180	A	21	1	7	0																	
14		398	1	55919483414069800000	4536678626019770000000000	Wood	135	A	167758450242209 000 000	32452	162260	2704					368	1	2051522131244240000	5320	SoulCrystal2	145	A	6154566393732710000	1	7	0		1.15			338	1	77312776911851300	5320	SoulCrystal2	145	A	231938330735554000	1	0	0		1.15			308	1	2913575916530090	5320	SoulCrystal2	145	A	8740727749590260	1	7	0		1.15		248	1	4137866461248	413786646124828	5320	SoulCrystal2	150	A	1241359938374480	1	5	0		1.15			218	1	155937848165	5320	SoulCrystal2	155	A	467813544496	1	7	0		1.15			188	1	5876606391	587660639079	5320	SoulCrystal2	160	A	1762981917236	1	7	0		1.15		158	1	221463250	5320	SoulCrystal2	165	A	664389750	1	7	0		1.15		128	1	8345968	834596839	5320	SoulCrystal2	170	A	2503790516	1	7	0		1.15		98	1	314523	5320	SoulCrystal2	175	A	943568	1	7	0		1.15		68	1	11853	1185296	5320	SoulCrystal2	180	A	3555888	1	7	0		1.15		38	1	447	44669	2552	SoulCrystal2	175	A	1340	3	21	0				8	1	8	800	11	EvilHoney	180	A	24	1	7	0																	
14		399	1	60952236921336100000	5444014351223720000000000	Wood	135	A	182856710764008 000 000	35727	178635	2977					369	1	2236159123056220000	6118	SoulCrystal2	145	A	6708477369168650000	1	7	0		1.15			339	1	84270926833917900	6118	SoulCrystal2	145	A	252812780501754000	1	0	0		1.15			309	1	3175797749017790	6118	SoulCrystal2	145	A	9527393247053380	1	7	0		1.15		249	1	4510274442761	451027444276063	6118	SoulCrystal2	150	A	1353082332828190	1	5	0		1.15			219	1	169972254500	6118	SoulCrystal2	155	A	509916763500	1	7	0		1.15			189	1	6405500966	640550096596	6118	SoulCrystal2	160	A	1921650289787	1	7	0		1.15		159	1	241394943	6118	SoulCrystal2	165	A	724184828	1	7	0		1.15		129	1	9097106	909710554	6118	SoulCrystal2	170	A	2729131662	1	7	0		1.15		99	1	342830	6118	SoulCrystal2	175	A	1028489	1	7	0		1.15		69	1	12920	1291973	6118	SoulCrystal2	180	A	3875918	1	7	0		1.15		39	1	487	48689	3062	SoulCrystal2	175	A	1461	3	21	0				9	1	9	900	13	EvilHoney	180	A	27	1	7	0																	
14		400	1	66437938244256400000	6532817221468470000000000	Wood	135	A	199313814732769 000 000	39332	196660	3278					370	1	2437413444131280000	7036	SoulCrystal2	145	A	7312240332393830000	1	7	0		1.15			340	1	91855310248970500	7036	SoulCrystal2	145	A	275565930746911000	1	0	0		1.15			310	1	3461619546429400	7036	SoulCrystal2	145	A	10384858639288200	1	7	0		1.15		250	1	4916199142609	491619914260908	7036	SoulCrystal2	150	A	1474859742782720	1	5	0		1.15			220	1	185269757405	7036	SoulCrystal2	155	A	555809272215	1	7	0		1.15			190	1	6981996053	698199605289	7036	SoulCrystal2	160	A	2094598815868	1	7	0		1.15		160	1	263120487	7036	SoulCrystal2	165	A	789361462	1	7	0		1.15		130	1	9915845	991584504	7036	SoulCrystal2	170	A	2974753512	1	7	0		1.15		100	1	373684	7036	SoulCrystal2	175	A	1121053	1	7	0		1.15		70	1	14083	1408250	7036	SoulCrystal2	180	A	4224751	1	7	0		1.15		40	1	531	53071	3674	SoulCrystal2	175	A	1592	3	21	0				10	1	10	1000	15	EvilHoney	180	A	30	1	7	0																	
14		401	1	72417352686239400000	7839380665762160000000000	Wood	135	A	217252058058718 000 000	43302	216510	3609					371	1	2656780654103090000	8091	SoulCrystal2	145	A	7970341962309280000	1	7	0		1.15			341	1	100122288171378000	8091	SoulCrystal2	145	A	300366864514134000	1	0	0		1.15			311	1	3773165305608040	8091	SoulCrystal2	145	A	11319495916824100	1	7	0		1.15		251	1	5358657065444	535865706544390	8091	SoulCrystal2	150	A	1607597119633170	1	5	0		1.15			221	1	201944035572	8091	SoulCrystal2	155	A	605832106715	1	7	0		1.15			191	1	7610375698	761037569765	8091	SoulCrystal2	160	A	2283112709296	1	7	0		1.15		161	1	286801331	8091	SoulCrystal2	165	A	860403994	1	7	0		1.15		131	1	10808271	1080827109	8091	SoulCrystal2	170	A	3242481328	1	7	0		1.15		101	1	407316	8091	SoulCrystal2	175	A	1221948	1	7	0		1.15		71	1	15350	1534993	8091	SoulCrystal2	180	A	4604979	1	7	0		1.15		41	1	578	57847	4409	SoulCrystal2	175	A	1735	4	28	0				11	2	22	2180	19	EvilHoney	180	A	65	1	7	0																	
14		402	1	78934914428001000000	9407256798914590000000000	Wood	135	A	236804743284003 000 000	47671	238355	3973					372	1	2895890912972370000	9305	SoulCrystal2	145	A	8687672738917110000	1	7	0		1.15			342	1	109133294106802000	9305	SoulCrystal2	145	A	327399882320406000	1	0	0		1.15			312	1	4112750183112770	9305	SoulCrystal2	145	A	12338250549338300	1	7	0		1.15		252	1	5840936201334	584093620133385	9305	SoulCrystal2	150	A	1752280860400160	1	5	0		1.15			222	1	220118998773	9305	SoulCrystal2	155	A	660356996319	1	7	0		1.15			192	1	8295309510	829530951044	9305	SoulCrystal2	160	A	2488592853133	1	7	0		1.15		162	1	312613451	9305	SoulCrystal2	165	A	937840354	1	7	0		1.15		132	1	11781015	1178101549	9305	SoulCrystal2	170	A	3534304648	1	7	0		1.15		102	1	443974	9305	SoulCrystal2	175	A	1331923	1	7	0		1.15		72	1	16731	1673142	9305	SoulCrystal2	180	A	5019427	1	7	0		1.15		42	1	631	63053	5291	SoulCrystal2	175	A	1892	4	28	0				12	1	24	2376	22	EvilHoney	180	A	71	1	7	0																	
14		403	1	86039056726521100000	11288708158697500000000000	Wood	135	A	258117170179563 000 000	52482	262410	4374					373	1	3156521095139880000	10701	SoulCrystal2	145	A	9469563285419650000	1	7	0		1.15			343	1	118955290576414000	10701	SoulCrystal2	145	A	356865871729242000	1	0	0		1.15			313	1	4482897699592910	10701	SoulCrystal2	145	A	13448693098778700	1	7	0		1.15		253	1	6366620459454	636662045945390	10701	SoulCrystal2	150	A	1909986137836170	1	5	0		1.15			223	1	239929708663	10701	SoulCrystal2	155	A	719789125988	1	7	0		1.15			193	1	9041887366	904188736638	10701	SoulCrystal2	160	A	2712566209915	1	7	0		1.15		163	1	340748662	10701	SoulCrystal2	165	A	1022245985	1	7	0		1.15		133	1	12841307	1284130689	10701	SoulCrystal2	170	A	3852392066	1	7	0		1.15		103	1	483932	10701	SoulCrystal2	175	A	1451796	1	7	0		1.15		73	1	18237	1823725	10701	SoulCrystal2	180	A	5471175	1	7	0		1.15		43	1	687	68728	6349	SoulCrystal2	175	A	2062	4	28	0				13	1	26	2590	27	EvilHoney	180	A	78	1	7	0																	
14		404	1	93782571831908000000	13546449790437000000000000	Wood	135	A	281347715495724 000 000	57779	288895	4815					374	1	3440607993702470000	12306	SoulCrystal2	145	A	10321823981107400000	1	7	0		1.15			344	1	129661266728291000	12306	SoulCrystal2	145	A	388983800184874000	1	0	0		1.15			314	1	4886358492556280	12306	SoulCrystal2	145	A	14659075477668800	1	7	0		1.15		254	1	6939616300805	693961630080475	12306	SoulCrystal2	150	A	2081884890241430	1	5	0		1.15			224	1	261523382442	12306	SoulCrystal2	155	A	784570147327	1	7	0		1.15			194	1	9855657229	985565722936	12306	SoulCrystal2	160	A	2956697168807	1	7	0		1.15		164	1	371416041	12306	SoulCrystal2	165	A	1114248124	1	7	0		1.15		134	1	13997025	1399702451	12306	SoulCrystal2	170	A	4199107352	1	7	0		1.15		104	1	527486	12306	SoulCrystal2	175	A	1582457	1	7	0		1.15		74	1	19879	1987860	12306	SoulCrystal2	180	A	5963581	1	7	0		1.15		44	1	749	74914	7619	SoulCrystal2	175	A	2247	5	35	1				14	1	28	2823	32	EvilHoney	180	A	85	1	7	0																	
14		405	1	102223003296780000000	16255739748524400000000000	Wood	135	A	306669009890339 000 000	63609	318045	5301					375	1	3750262713135700000	14151	SoulCrystal2	145	A	11250788139407100000	1	7	0		1.15			345	1	141330780733838000	14151	SoulCrystal2	145	A	423992342201513000	1	0	0		1.15			315	1	5326130756886340	14151	SoulCrystal2	145	A	15978392270659000	1	7	0		1.15		255	1	7564181767877	756418176787718	14151	SoulCrystal2	150	A	2269254530363150	1	5	0		1.15			225	1	285060486862	14151	SoulCrystal2	155	A	855181460586	1	7	0		1.15			195	1	10742666380	1074266638000	14151	SoulCrystal2	160	A	3222799914000	1	7	0		1.15		165	1	404843485	14151	SoulCrystal2	165	A	1214530455	1	7	0		1.15		135	1	15256757	1525675671	14151	SoulCrystal2	170	A	4577027013	1	7	0		1.15		105	1	574960	14151	SoulCrystal2	175	A	1724879	1	7	0		1.15		75	1	21668	2166768	14151	SoulCrystal2	180	A	6500303	1	7	0		1.15		45	1	817	81656	9143	SoulCrystal2	175	A	2450	5	35	1				15	1	31	3077	39	EvilHoney	180	A	92	1	7	0																	
14		406	1	111423073593490000000	19506887698229300000000000	Wood	135	A	334269220780470 000 000	70029	350145	5836					376	1	4087786357317910000	16274	SoulCrystal2	145	A	12263359071953700000	1	7	0		1.15			346	1	154050550999883000	16274	SoulCrystal2	145	A	462151652999649000	1	0	0		1.15			316	1	5805482525006110	16274	SoulCrystal2	145	A	17416447575018300	1	7	0		1.15		256	1	8244958126986	824495812698613	16274	SoulCrystal2	150	A	2473487438095840	1	5	0		1.15			226	1	310715930680	16274	SoulCrystal2	155	A	932147792039	1	7	0		1.15			196	1	11709506354	1170950635420	16274	SoulCrystal2	160	A	3512851906260	1	7	0		1.15		166	1	441279399	16274	SoulCrystal2	165	A	1323838196	1	7	0		1.15		136	1	16629865	1662986482	16274	SoulCrystal2	170	A	4988959445	1	7	0		1.15		106	1	626706	16274	SoulCrystal2	175	A	1880118	1	7	0		1.15		76	1	23618	2361777	16274	SoulCrystal2	180	A	7085330	1	7	0		1.15		46	1	890	89005	10972	SoulCrystal2	175	A	2670	5	35	1				16	1	34	3354	46	EvilHoney	180	A	101	1	7	0																	
14		407	1	121451150216904000000	23408265237875200000000000	Wood	135	A	364353450650712 000 000	77096	385480	6425					377	1	4455687129476520000	18715	SoulCrystal2	145	A	13367061388429600000	1	7	0		1.15			347	1	167915100589872000	18715	SoulCrystal2	145	A	503745301769617000	1	0	0		1.15			317	1	6327975952256660	18715	SoulCrystal2	145	A	18983927856770000	1	7	0		1.15		257	1	8987004358415	898700435841488	18715	SoulCrystal2	150	A	2696101307524460	1	5	0		1.15			227	1	338680364441	18715	SoulCrystal2	155	A	1016041093322	1	7	0		1.15			197	1	12763361926	1276336192608	18715	SoulCrystal2	160	A	3829008577823	1	7	0		1.15		167	1	480994545	18715	SoulCrystal2	165	A	1442983634	1	7	0		1.15		137	1	18126553	1812655265	18715	SoulCrystal2	170	A	5437965795	1	7	0		1.15		107	1	683109	18715	SoulCrystal2	175	A	2049328	1	7	0		1.15		77	1	25743	2574337	18715	SoulCrystal2	180	A	7723010	1	7	0		1.15		47	1	970	97015	13166	SoulCrystal2	175	A	2910	6	42	1				17	1	37	3656	55	EvilHoney	180	A	110	1	7	0																	
14		408	1	132381753736425000000	28089918285450200000000000	Wood	135	A	397145261209276 000 000	84876	424380	7073					378	1	4856698971129410000	21523	SoulCrystal2	145	A	14570096913388200000	1	7	0		1.15			348	1	183027459642961000	21523	SoulCrystal2	145	A	549082378928883000	1	0	0		1.15			318	1	6897493787959760	21523	SoulCrystal2	145	A	20692481363879300	1	7	0		1.15		258	1	9795834750672	979583475067222	21523	SoulCrystal2	150	A	2938750425201670	1	5	0		1.15			228	1	369161597240	21523	SoulCrystal2	155	A	1107484791721	1	7	0		1.15			198	1	13912064499	1391206449942	21523	SoulCrystal2	160	A	4173619349827	1	7	0		1.15		168	1	524284054	21523	SoulCrystal2	165	A	1572852161	1	7	0		1.15		138	1	19757942	1975794239	21523	SoulCrystal2	170	A	5927382716	1	7	0		1.15		108	1	744589	21523	SoulCrystal2	175	A	2233768	1	7	0		1.15		78	1	28060	2806027	21523	SoulCrystal2	180	A	8418081	1	7	0		1.15		48	1	1057	105747	15799	SoulCrystal2	175	A	3172	6	42	1				18	1	40	3985	67	EvilHoney	180	A	120	1	7	0																	
14		409	1	144296111572704000000	33707901942540200000000000	Wood	135	A	432888334718111 000 000	93441	467205	7787					379	1	5293801878531060000	24751	SoulCrystal2	145	A	15881405635593200000	1	7	0		1.15			349	1	199499931010827000	24751	SoulCrystal2	145	A	598499793032482000	1	0	0		1.15			319	1	7518268228876140	24751	SoulCrystal2	145	A	22554804686628400	1	7	0		1.15		259	1	10677459878233	1067745987823270	24751	SoulCrystal2	150	A	3203237963469820	1	5	0		1.15			229	1	402386140992	24751	SoulCrystal2	155	A	1207158422976	1	7	0		1.15			199	1	15164150304	1516415030437	24751	SoulCrystal2	160	A	4549245091312	1	7	0		1.15		169	1	571469618	24751	SoulCrystal2	165	A	1714408855	1	7	0		1.15		139	1	21536157	2153615720	24751	SoulCrystal2	170	A	6460847161	1	7	0		1.15		109	1	811602	24751	SoulCrystal2	175	A	2434807	1	7	0		1.15		79	1	30586	3058569	24751	SoulCrystal2	180	A	9175708	1	7	0		1.15		49	1	1153	115264	18959	SoulCrystal2	175	A	3458	7	49	1				19	1	43	4344	80	EvilHoney	180	A	130	1	7	0																	
14		410	1	157282761614247000000	40449482331048300000000000	Wood	135	A	471848284842741 000 000	102871	514355	8573					380	1	5770244047598850000	28464	SoulCrystal2	145	A	17310732142796600000	1	7	0		1.15			350	1	217454924801802000	28464	SoulCrystal2	145	A	652364774405406000	1	0	0		1.15			320	1	8194912369475000	28464	SoulCrystal2	145	A	24584737108425000	1	7	0		1.15		260	1	11638431267274	1163843126727370	28464	SoulCrystal2	150	A	3491529380182100	1	5	0		1.15			230	1	438600893681	28464	SoulCrystal2	155	A	1315802681044	1	7	0		1.15			200	1	16528923832	1652892383177	28464	SoulCrystal2	160	A	4958677149530	1	7	0		1.15		170	1	622901884	28464	SoulCrystal2	165	A	1868705652	1	7	0		1.15		140	1	23474411	2347441135	28464	SoulCrystal2	170	A	7042323405	1	7	0		1.15		110	1	884647	28464	SoulCrystal2	175	A	2653940	1	7	0		1.15		80	1	33338	3333841	28464	SoulCrystal2	180	A	10001522	1	7	0		1.15		50	1	1256	125638	22751	SoulCrystal2	175	A	3769	8	56	1				20	1	47	4735	96	EvilHoney	180	A	142	1	7	0																	
15		411	2	342876420319058000000	48539378797257900000000000	Wood	145	A	1028629260957180 000 000	56627	283135	4719					381	2	12579132023765500000	32733	SoulCrystal2	145	A	37737396071296500000	1	7	0		1.15			351	2	474051736067928000	32733	SoulCrystal2	145	A	1422155208203780000	1	0	0		1.15			321	2	17864908965455500	32733	SoulCrystal2	145	A	53594726896366500	1	7	0		1.15		261	2	25371780162657	2537178016265660	32733	SoulCrystal2	150	A	7611534048796980	1	5	0		1.15			231	2	956149948225	32733	SoulCrystal2	155	A	2868449844676	1	7	0		1.15			201	2	36033053953	3603305395325	32733	SoulCrystal2	160	A	10809916185975	1	7	0		1.15		171	2	1357926107	32733	SoulCrystal2	165	A	4073778322	1	7	0		1.15		141	2	51174217	5117421674	32733	SoulCrystal2	170	A	15352265023	1	7	0		1.15		111	2	1928529	32733	SoulCrystal2	175	A	5785588	1	7	0		1.15		81	2	72678	7267773	32733	SoulCrystal2	180	A	21803318	1	7	0		1.15		51	2	2739	273890	27301	SoulCrystal2	175	A	8217	4	28	0				21	1	52	5161	115	EvilHoney	180	A	155	1	7	0																	
15		412	1	373735298147774000000	58247254556709500000000000	Wood	145	A	1121205894443320 000 000	62341	311705	5195					382	1	13711253905904400000	37643	SoulCrystal2	145	A	41133761717713200000	1	7	0		1.15			352	1	516716392314042000	37643	SoulCrystal2	145	A	1550149176942120000	1	0	0		1.15			322	1	19472750772346500	37643	SoulCrystal2	145	A	58418252317039500	1	7	0		1.15		262	1	27655240377296	2765524037729570	37643	SoulCrystal2	150	A	8296572113188710	1	5	0		1.15			232	1	1042203443565	37643	SoulCrystal2	155	A	3126610330696	1	7	0		1.15			202	1	39276028809	3927602880904	37643	SoulCrystal2	160	A	11782808642713	1	7	0		1.15		172	1	1480139457	37643	SoulCrystal2	165	A	4440418371	1	7	0		1.15		142	1	55779896	5577989625	37643	SoulCrystal2	170	A	16733968875	1	7	0		1.15		112	1	2102097	37643	SoulCrystal2	175	A	6306291	1	7	0		1.15		82	1	79219	7921872	37643	SoulCrystal2	180	A	23765617	1	7	0		1.15		52	1	2985	298540	32762	SoulCrystal2	175	A	8956	5	35	1				22	1	56	5625	138	EvilHoney	180	A	169	1	7	0																	
15		413	1	407371474981073000000	69896705468051400000000000	Wood	145	A	1222114424943220 000 000	68632	343160	5719					383	1	14945266757435800000	43289	SoulCrystal2	145	A	44835800272307400000	1	7	0		1.15			353	1	563220867622305000	43289	SoulCrystal2	145	A	1689662602866920000	1	0	0		1.15			323	1	21225298341857700	43289	SoulCrystal2	145	A	63675895025573000	1	7	0		1.15		263	1	30144212011252	3014421201125230	43289	SoulCrystal2	150	A	9043263603375690	1	5	0		1.15			233	1	1136001753486	43289	SoulCrystal2	155	A	3408005260459	1	7	0		1.15			203	1	42810871402	4281087140186	43289	SoulCrystal2	160	A	12843261420557	1	7	0		1.15		173	1	1613352008	43289	SoulCrystal2	165	A	4840056024	1	7	0		1.15		143	1	60800087	6080008691	43289	SoulCrystal2	170	A	18240026074	1	7	0		1.15		113	1	2291286	43289	SoulCrystal2	175	A	6873857	1	7	0		1.15		83	1	86348	8634841	43289	SoulCrystal2	180	A	25904522	1	7	0		1.15		53	1	3254	325409	39314	SoulCrystal2	175	A	9762	5	35	1				23	1	61	6132	166	EvilHoney	180	A	184	2	14	0																	
15		414	1	444034907729370000000	83876046561661700000000000	Wood	145	A	1332104723188110 000 000	75559	377795	6297					384	1	16290340765605000000	49783	SoulCrystal2	145	A	48871022296815000000	1	7	0		1.15			354	1	613910745708313000	49783	SoulCrystal2	145	A	1841732237124940000	1	0	0		1.15			324	1	23135575192624900	49783	SoulCrystal2	145	A	69406725577874600	1	7	0		1.15		264	1	32857191092265	3285719109226500	49783	SoulCrystal2	150	A	9857157327679500	1	5	0		1.15			234	1	1238241911300	49783	SoulCrystal2	155	A	3714725733900	1	7	0		1.15			204	1	46663849828	4666384982802	49783	SoulCrystal2	160	A	13999154948407	1	7	0		1.15		174	1	1758553689	49783	SoulCrystal2	165	A	5275661066	1	7	0		1.15		144	1	66272095	6627209473	49783	SoulCrystal2	170	A	19881628420	1	7	0		1.15		114	1	2497502	49783	SoulCrystal2	175	A	7492505	1	7	0		1.15		84	1	94120	9411976	49783	SoulCrystal2	180	A	28235929	1	7	0		1.15		54	1	3547	354696	47177	SoulCrystal2	175	A	10641	6	42	1				24	1	67	6683	199	EvilHoney	180	A	201	2	14	0																	
15		415	1	483998049425013000000	100651255873994000000000000	Wood	145	A	1451994148275040 000 000	83184	415920	6932					385	1	17756471434509500000	57250	SoulCrystal2	145	A	53269414303528400000	1	7	0		1.15			355	1	669162712822061000	57250	SoulCrystal2	145	A	2007488138466180000	1	0	0		1.15			325	1	25217776959961100	57250	SoulCrystal2	145	A	75653330879883300	1	7	0		1.15		265	1	35814338290569	3581433829056890	57250	SoulCrystal2	150	A	10744301487170700	1	5	0		1.15			235	1	1349683683317	57250	SoulCrystal2	155	A	4049051049951	1	7	0		1.15			205	1	50863596313	5086359631255	57250	SoulCrystal2	160	A	15259078893764	1	7	0		1.15		175	1	1916823521	57250	SoulCrystal2	165	A	5750470562	1	7	0		1.15		145	1	72236583	7223658326	57250	SoulCrystal2	170	A	21670974978	1	7	0		1.15		115	1	2722277	57250	SoulCrystal2	175	A	8166830	1	7	0		1.15		85	1	102591	10259054	57250	SoulCrystal2	180	A	30777163	1	7	0		1.15		55	1	3866	386618	56612	SoulCrystal2	175	A	11599	6	42	1				25	1	73	7285	238	EvilHoney	180	A	219	2	14	0																	
15		416	1	527557873873265000000	120781507048793000000000000	Wood	145	A	1582673621619790 000 000	91578	457890	7632					386	1	19354553863615300000	65838	SoulCrystal2	145	A	58063661590846000000	1	7	0		1.15			356	1	729387356976047000	65838	SoulCrystal2	145	A	2188162070928140000	1	0	0		1.15			326	1	27487376886357600	65838	SoulCrystal2	145	A	82462130659072800	1	7	0		1.15		266	1	39037628736720	3903762873672010	65838	SoulCrystal2	150	A	11711288621016000	1	5	0		1.15			236	1	1471155214816	65838	SoulCrystal2	155	A	4413465644447	1	7	0		1.15			206	1	55441319981	5544131998068	65838	SoulCrystal2	160	A	16632395994203	1	7	0		1.15		176	1	2089337638	65838	SoulCrystal2	165	A	6268012913	1	7	0		1.15		146	1	78737876	7873787575	65838	SoulCrystal2	170	A	23621362726	1	7	0		1.15		116	1	2967282	65838	SoulCrystal2	175	A	8901845	1	7	0		1.15		86	1	111824	11182369	65838	SoulCrystal2	180	A	33547108	1	7	0		1.15		56	1	4214	421414	67934	SoulCrystal2	175	A	12642	7	49	1				26	1	79	7941	286	EvilHoney	180	A	238	2	14	0																	
15		417	1	575038082521859000000	144937808458551000000000000	Wood	145	A	1725114247565580 000 000	100820	504100	8402					387	1	21096463711340700000	75714	SoulCrystal2	145	A	63289391134022100000	1	7	0		1.15			357	1	795032219103891000	75714	SoulCrystal2	145	A	2385096657311670000	1	0	0		1.15			327	1	29961240806129800	75714	SoulCrystal2	145	A	89883722418389400	1	7	0		1.15		267	1	42551015323025	4255101532302490	75714	SoulCrystal2	150	A	12765304596907500	1	5	0		1.15			237	1	1603559184149	75714	SoulCrystal2	155	A	4810677552447	1	7	0		1.15			207	1	60431038779	6043103877894	75714	SoulCrystal2	160	A	18129311633681	1	7	0		1.15		177	1	2277378025	75714	SoulCrystal2	165	A	6832134075	1	7	0		1.15		147	1	85824285	8582428457	75714	SoulCrystal2	170	A	25747285372	1	7	0		1.15		117	1	3234337	75714	SoulCrystal2	175	A	9703011	1	7	0		1.15		87	1	121888	12188782	75714	SoulCrystal2	180	A	36566347	1	7	0		1.15		57	1	4593	459341	81521	SoulCrystal2	175	A	13780	8	56	1				27	1	87	8655	343	EvilHoney	180	A	260	2	14	0																	
15		418	1	626791509948826000000	173925370150262000000000000	Wood	145	A	1880374529846480 000 000	110995	554975	9250					388	1	22995145445361400000	87071	SoulCrystal2	145	A	68985436336084100000	1	7	0		1.15			358	1	866585118823241000	87071	SoulCrystal2	145	A	2599755356469720000	1	0	0		1.15			328	1	32657752478681500	87071	SoulCrystal2	145	A	97973257436044400	1	7	0		1.15		268	1	46380606702097	4638060670209710	87071	SoulCrystal2	150	A	13914182010629100	1	5	0		1.15			238	1	1747879510723	87071	SoulCrystal2	155	A	5243638532167	1	7	0		1.15			208	1	65869832269	6586983226904	87071	SoulCrystal2	160	A	19760949680712	1	7	0		1.15		178	1	2482342047	87071	SoulCrystal2	165	A	7447026142	1	7	0		1.15		148	1	93548470	9354847018	87071	SoulCrystal2	170	A	28064541055	1	7	0		1.15		118	1	3525427	87071	SoulCrystal2	175	A	10576282	1	7	0		1.15		88	1	132858	13285773	87071	SoulCrystal2	180	A	39857318	1	7	0		1.15		58	1	5007	500682	97826	SoulCrystal2	175	A	15020	8	56	1				28	1	94	9434	412	EvilHoney	180	A	283	2	14	0																	
15		419	1	683202745844220000000	208710444180314000000000000	Wood	145	A	2049608237532660 000 000	122196	610980	10183					389	1	25064708535443900000	100131	SoulCrystal2	145	A	75194125606331700000	1	7	0		1.15			359	1	944577779517333000	100131	SoulCrystal2	145	A	2833733338552000000	1	0	0		1.15			329	1	35596950201762800	100131	SoulCrystal2	145	A	106790850605288000	1	7	0		1.15		269	1	50554861305286	5055486130528590	100131	SoulCrystal2	150	A	15166458391585800	1	5	0		1.15			239	1	1905188666688	100131	SoulCrystal2	155	A	5715566000063	1	7	0		1.15			209	1	71798117173	7179811717326	100131	SoulCrystal2	160	A	21539435151977	1	7	0		1.15		179	1	2705752832	100131	SoulCrystal2	165	A	8117258495	1	7	0		1.15		149	1	101967832	10196783250	100131	SoulCrystal2	170	A	30590349750	1	7	0		1.15		119	1	3842716	100131	SoulCrystal2	175	A	11528147	1	7	0		1.15		89	1	144815	14481492	100131	SoulCrystal2	180	A	43444477	1	7	0		1.15		59	1	5457	545743	117391	SoulCrystal2	175	A	16372	9	63	1				29	1	103	10283	495	EvilHoney	180	A	308	2	14	0																	
15		420	1	744690992970200000000	250452533016377000000000000	Wood	145	A	2234072978910600 000 000	134527	672635	11211					390	1	27320532303633800000	115151	SoulCrystal2	145	A	81961596910901500000	1	7	0		1.15			360	1	1029589779673890000	115151	SoulCrystal2	145	A	3088769339021680000	1	0	0		1.15			330	1	38800675719921500	115151	SoulCrystal2	145	A	116402027159764000	1	7	0		1.15		270	1	55104798822762	5510479882276160	115151	SoulCrystal2	150	A	16531439646828500	1	5	0		1.15			240	1	2076655646689	115151	SoulCrystal2	155	A	6229966940068	1	7	0		1.15			210	1	78259947719	7825994771885	115151	SoulCrystal2	160	A	23477984315654	1	7	0		1.15		180	1	2949270586	115151	SoulCrystal2	165	A	8847811759	1	7	0		1.15		150	1	111144937	11114493742	115151	SoulCrystal2	170	A	33343481227	1	7	0		1.15		120	1	4188560	115151	SoulCrystal2	175	A	12565680	1	7	0		1.15		90	1	157848	15784827	115151	SoulCrystal2	180	A	47354480	1	7	0		1.15		60	1	5949	594860	140869	SoulCrystal2	185	A	17846	1	7	0				30	2	224	22418	593	EvilHoney	190	A	673	2	14	0																	
15		421	1	811713182337518000000	300543039619652000000000000	Wood	145	A	2435139547012550 000 000	148104	740520	12342					391	1	29779380210960900000	2000	EvilHoney	145	A	89338140632882700000	1	7	0		2000			361	1	1122252859844540000	2000	EvilHoney	145	A	3366758579533630000	1	0	0		2000			331	1	42292736534714400	2000	EvilHoney	145	A	126878209604143000	1	7	0		2000		271	1	60064230716810	6006423071681010	2000	EvilHoney	150	A	18019269215043000	1	5	0		2000			241	1	2263554654891	2000	EvilHoney	155	A	6790663964674	1	7	0		2000			211	1	85303343014	8530334301354	2000	EvilHoney	160	A	25591002904063	1	7	0		2000		181	1	3214704939	2000	EvilHoney	165	A	9644114818	1	7	0		2000		151	1	121147982	12114798179	2000	EvilHoney	170	A	36344394538	1	7	0		2000		121	1	4565531	2000	EvilHoney	175	A	13696592	1	7	0		2000		91	1	172055	17205461	2000	EvilHoney	180	A	51616383	1	7	0		2000		61	1	6484	648398	2000	EvilHoney	185	A	1945193	1	7	0		2000		31	1	244	24435	712	EvilHoney	190	A	733	2	14	0				1	1	1	100	0	Mushroom2	55	A	3	2	14	0		7
15		422	1	884767368747895000000	360651647543582000000000000	Wood	145	A	2654302106243680 000 000	163050	815250	13588					392	1	32459524429947400000	2300	EvilHoney	145	A	97378573289842100000	1	7	0		1.15			362	1	1223255617230550000	2300	EvilHoney	145	A	3669766851691660000	1	0	0		1.15			332	1	46099082822838700	2300	EvilHoney	145	A	138297248468516000	1	7	0		1.15		272	1	65470011481323	6547001148132310	2300	EvilHoney	150	A	19641003444396900	1	5	0		1.15			242	1	2467274573832	2300	EvilHoney	155	A	7401823721495	1	7	0		1.15			212	1	92980643885	9298064388476	2300	EvilHoney	160	A	27894193165429	1	7	0		1.15		182	1	3504028384	2300	EvilHoney	165	A	10512085151	1	7	0		1.15		152	1	132051300	13205130015	2300	EvilHoney	170	A	39615390046	1	7	0		1.15		122	1	4976428	2300	EvilHoney	175	A	14929285	1	7	0		1.15		92	1	187540	18753953	2300	EvilHoney	180	A	56261858	1	7	0		1.15		62	1	7068	706753	2300	EvilHoney	185	A	2120260	1	7	0		1.15		32	1	266	26634	855	EvilHoney	190	A	799	2	14	0				2	1	2	200	4	Mushroom2	195	A	6	1	7	0	TYCOON	1
15		423	1	964396431935205000000	432781977052299000000000000	Wood	145	A	2893189295805620 000 000	179504	897520	14959					393	1	35380881628642600000	2645	EvilHoney	145	A	106142644885928000000	1	7	0		1.15			363	1	1333348622781300000	2645	EvilHoney	145	A	4000045868343910000	1	0	0		1.15			333	1	50248000276894200	2645	EvilHoney	145	A	150744000830683000	1	7	0		1.15		273	1	71362312514642	7136231251464210	2645	EvilHoney	150	A	21408693754392600	1	5	0		1.15			243	1	2689329285477	2645	EvilHoney	155	A	8067987856430	1	7	0		1.15			213	1	101348901834	10134890183439	2645	EvilHoney	160	A	30404670550318	1	7	0		1.15		183	1	3819390938	2645	EvilHoney	165	A	11458172815	1	7	0		1.15		153	1	143935917	14393591717	2645	EvilHoney	170	A	43180775150	1	7	0		1.15		123	1	5424307	2645	EvilHoney	175	A	16272920	1	7	0		1.15		93	1	204418	20441808	2645	EvilHoney	180	A	61325425	1	7	0		1.15		63	1	7704	770361	2645	EvilHoney	185	A	2311083	1	7	0		1.15		33	1	290	29031	1025	EvilHoney	190	A	871	2	14	0				3	1	3	300	4	Mushroom2	195	A	9	1	7	0	MERGE	0
15		424	1	1051192110809370000000	519338372462759000000000000	Wood	145	A	3153576332428120 000 000	197619	988095	16468					394	1	38565160975220500000	3042	EvilHoney	145	A	115695482925661000000	1	7	0		1.15			364	1	1453349998831620000	3042	EvilHoney	145	A	4360049996494860000	1	0	0		1.15			334	1	54770320301814700	3042	EvilHoney	145	A	164310960905444000	1	7	0		1.15		274	1	77784920640960	7778492064095990	3042	EvilHoney	150	A	23335476192288000	1	5	0		1.15			244	1	2931368921169	3042	EvilHoney	155	A	8794106763508	1	7	0		1.15			214	1	110470302999	11047030299949	3042	EvilHoney	160	A	33141090899846	1	7	0		1.15		184	1	4163136123	3042	EvilHoney	165	A	12489408368	1	7	0		1.15		154	1	156890150	15689014971	3042	EvilHoney	170	A	47067044914	1	7	0		1.15		124	1	5912494	3042	EvilHoney	175	A	17737483	1	7	0		1.15		94	1	222816	22281571	3042	EvilHoney	180	A	66844713	1	7	0		1.15		64	1	8397	839694	3042	EvilHoney	185	A	2519081	1	7	0		1.15		34	1	316	31644	1231	EvilHoney	190	A	949	2	14	0				4	1	4	400	5	Mushroom2	195	A	12	1	7	0		
15		425	1	1145799400782220000000	623206046955310000000000000	Wood	145	A	3437398202346650 000 000	217563	1087815	18130					395	1	42036025462990300000	3498	EvilHoney	145	A	126108076388971000000	1	7	0		1.15			365	1	1584151498726470000	3498	EvilHoney	145	A	4752454496179400000	1	0	0		1.15			335	1	59699649128978000	3498	EvilHoney	145	A	179098947386934000	1	7	0		1.15		275	1	84785563498646	8478556349864630	3498	EvilHoney	150	A	25435669049593900	1	5	0		1.15			245	1	3195192124075	3498	EvilHoney	155	A	9585576372224	1	7	0		1.15			215	1	120412630269	12041263026944	3498	EvilHoney	160	A	36123789080832	1	7	0		1.15		185	1	4537818374	3498	EvilHoney	165	A	13613455121	1	7	0		1.15		155	1	171010263	17101026319	3498	EvilHoney	170	A	51303078956	1	7	0		1.15		125	1	6444619	3498	EvilHoney	175	A	19333857	1	7	0		1.15		95	1	242869	24286912	3498	EvilHoney	180	A	72860737	1	7	0		1.15		65	1	9153	915266	3498	EvilHoney	185	A	2745798	1	7	0		1.15		35	1	345	34492	1477	EvilHoney	190	A	1035	2	14	0				5	1	5	500	6	Mushroom2	195	A	15	1	7	0		
15		426	1	1248921346852620000000	747847256346373000000000000	Wood	145	A	3746764040557850 000 000	239518	1197590	19960					396	1	45819267754659500000	4023	EvilHoney	145	A	137457803263978000000	1	7	0		1.15			366	1	1726725133611850000	4023	EvilHoney	145	A	5180175400835540000	1	0	0		1.15			336	1	65072617550586000	4023	EvilHoney	145	A	195217852651758000	1	7	0		1.15		276	1	92416264213525	9241626421352450	4023	EvilHoney	150	A	27724879264057400	1	5	0		1.15			246	1	3482759415241	4023	EvilHoney	155	A	10448278245724	1	7	0		1.15			216	1	131249766994	13124976699369	4023	EvilHoney	160	A	39374930098107	1	7	0		1.15		186	1	4946222027	4023	EvilHoney	165	A	14838666082	1	7	0		1.15		156	1	186401187	18640118687	4023	EvilHoney	170	A	55920356062	1	7	0		1.15		126	1	7024635	4023	EvilHoney	175	A	21073904	1	7	0		1.15		96	1	264727	26472735	4023	EvilHoney	180	A	79418204	1	7	0		1.15		66	1	9976	997640	4023	EvilHoney	185	A	2992920	1	7	0		1.15		36	1	376	37597	1772	EvilHoney	190	A	1128	2	14	0				6	1	6	600	7	Mushroom2	195	A	18	1	7	0		
15		427	1	1361324268069350000000	897416707615647000000000000	Wood	145	A	4083972804208060 000 000	263690	1318450	21974					397	1	49943001852578800000	4626	EvilHoney	145	A	149829005557736000000	1	7	0		1.15			367	1	1882130395636910000	4626	EvilHoney	145	A	5646391186910740000	1	0	0		1.15			337	1	70929153130138800	4626	EvilHoney	145	A	212787459390416000	1	7	0		1.15		277	1	100733727992742	10073372799274200	4626	EvilHoney	150	A	30220118397822500	1	5	0		1.15			247	1	3796207762613	4626	EvilHoney	155	A	11388623287839	1	7	0		1.15			217	1	143062246023	14306224602312	4626	EvilHoney	160	A	42918673806937	1	7	0		1.15		187	1	5391382010	4626	EvilHoney	165	A	16174146030	1	7	0		1.15		157	1	203177294	20317729369	4626	EvilHoney	170	A	60953188108	1	7	0		1.15		127	1	7656852	4626	EvilHoney	175	A	22970555	1	7	0		1.15		97	1	288553	28855281	4626	EvilHoney	180	A	86565842	1	7	0		1.15		67	1	10874	1087428	4626	EvilHoney	185	A	3262283	1	7	0		1.15		37	1	410	40980	2126	EvilHoney	190	A	1229	3	21	0				7	1	7	700	9	Mushroom2	195	A	21	1	7	0		
15		428	1	1483843452195600000000	1076900049138780000000000000	Wood	145	A	4451530356586790 000 000	290301	1451505	24192					398	1	54437872019310900000	5320	EvilHoney	145	A	163313616057933000000	1	7	0		1.15			368	1	2051522131244240000	5320	EvilHoney	145	A	6154566393732710000	1	0	0		1.15			338	1	77312776911851300	5320	EvilHoney	145	A	231938330735554000	1	7	0		1.15		278	1	109799763512089	10979976351208900	5320	EvilHoney	150	A	32939929053626600	1	5	0		1.15			248	1	4137866461248	5320	EvilHoney	155	A	12413599383745	1	7	0		1.15			218	1	155937848165	15593784816520	5320	EvilHoney	160	A	46781354449561	1	7	0		1.15		188	1	5876606391	5320	EvilHoney	165	A	17629819172	1	7	0		1.15		158	1	221463250	22146325013	5320	EvilHoney	170	A	66438975038	1	7	0		1.15		128	1	8345968	5320	EvilHoney	175	A	25037905	1	7	0		1.15		98	1	314523	31452256	5320	EvilHoney	180	A	94356768	1	7	0		1.15		68	1	11853	1185296	5320	EvilHoney	185	A	3555888	1	7	0		1.15		38	1	447	44669	2552	EvilHoney	190	A	1340	3	21	0				8	1	8	800	11	Mushroom2	195	A	24	1	7	0		
15		429	1	1617389362893200000000	1292280058966530000000000000	Wood	145	A	4852168088679600 000 000	319597	1597985	26633					399	1	59337280501048900000	6118	EvilHoney	145	A	178011841503147000000	1	7	0		1.15			369	1	2236159123056220000	6118	EvilHoney	145	A	6708477369168650000	1	0	0		1.15			339	1	84270926833917900	6118	EvilHoney	145	A	252812780501754000	1	7	0		1.15		279	1	119681742228177	11968174222817600	6118	EvilHoney	150	A	35904522668452900	1	5	0		1.15			249	1	4510274442761	6118	EvilHoney	155	A	13530823328282	1	7	0		1.15			219	1	169972254500	16997225450007	6118	EvilHoney	160	A	50991676350022	1	7	0		1.15		189	1	6405500966	6118	EvilHoney	165	A	19216502898	1	7	0		1.15		159	1	241394943	24139494264	6118	EvilHoney	170	A	72418482791	1	7	0		1.15		129	1	9097106	6118	EvilHoney	175	A	27291317	1	7	0		1.15		99	1	342830	34282959	6118	EvilHoney	180	A	102848877	1	7	0		1.15		69	1	12920	1291973	6118	EvilHoney	185	A	3875918	1	7	0		1.15		39	1	487	48689	3062	EvilHoney	190	A	1461	3	21	0				9	1	9	900	13	Mushroom2	195	A	27	1	7	0		
15		430	1	1762954405553590000000	1550736070759840000000000000	Wood	145	A	5288863216660760 000 000	351850	1759250	29321					400	1	64677635746143300000	7036	EvilHoney	155	A	194032907238430000000	1	7	0		1.15			370	1	2437413444131280000	7036	EvilHoney	155	A	7312240332393830000	1	0	0		1.15			340	1	91855310248970500	7036	EvilHoney	155	A	275565930746911000	1	7	0		1.15		280	1	130453099028712	13045309902871200	7036	EvilHoney	160	A	39135929708613700	1	5	0		1.15			250	1	4916199142609	7036	EvilHoney	165	A	14748597427827	1	7	0		1.15			220	1	185269757405	18526975740508	7036	EvilHoney	170	A	55580927221524	1	7	0		1.15		190	1	6981996053	7036	EvilHoney	175	A	20945988159	1	7	0		1.15		160	1	263120487	26312048747	7036	EvilHoney	180	A	78936146242	1	7	0		1.15		130	1	9915845	7036	EvilHoney	185	A	29747535	1	7	0		1.15		100	1	373684	37368425	7036	EvilHoney	190	A	112105276	1	7	0		1.15		70	1	14083	1408250	7036	EvilHoney	195	A	4224751	1	7	0		1.15		40	1	531	53071	3674	EvilHoney	190	A	1592	3	21	0				10	1	10	1000	15	Mushroom2	195	A	30	1	7	0		
15		431	1	1921620302053410000000	1860883284911810000000000000	Wood	145	A	5764860906160230 000 000	387358	1936790	32280					401	1	70498622963296200000	8091	EvilHoney	155	A	211495868889889000000	1	7	0		1.15			371	1	2656780654103090000	8091	EvilHoney	155	A	7970341962309280000	1	0	0		1.15			341	1	100122288171378000	8091	EvilHoney	155	A	300366864514134000	1	7	0		1.15		281	1	142193877941297	14219387794129700	8091	EvilHoney	160	A	42658163382389000	1	5	0		1.15			251	1	5358657065444	8091	EvilHoney	165	A	16075971196332	1	7	0		1.15			221	1	201944035572	20194403557154	8091	EvilHoney	170	A	60583210671461	1	7	0		1.15		191	1	7610375698	8091	EvilHoney	175	A	22831127093	1	7	0		1.15		161	1	286801331	28680133135	8091	EvilHoney	180	A	86040399404	1	7	0		1.15		131	1	10808271	8091	EvilHoney	185	A	32424813	1	7	0		1.15		101	1	407316	40731584	8091	EvilHoney	190	A	122194751	1	7	0		1.15		71	1	15350	1534993	8091	EvilHoney	195	A	4604979	1	7	0		1.15		41	1	578	57847	4409	EvilHoney	190	A	1735	4	28	0				11	2	22	2180	19	Mushroom2	195	A	65	1	7	0		
15		432	1	2094566129238220000000	2233059941894170000000000000	Wood	145	A	6283698387714650 000 000	426449	2132245	35537					402	1	76843499029992900000	9305	EvilHoney	155	A	230530497089979000000	1	7	0		1.15			372	1	2895890912972370000	9305	EvilHoney	155	A	8687672738917110000	1	0	0		1.15			342	1	109133294106802000	9305	EvilHoney	155	A	327399882320406000	1	7	0		1.15		282	1	154991326956013	15499132695601300	9305	EvilHoney	160	A	46497398086804000	1	5	0		1.15			252	1	5840936201334	9305	EvilHoney	165	A	17522808604002	1	7	0		1.15			222	1	220118998773	22011899877297	9305	EvilHoney	170	A	66035699631892	1	7	0		1.15		192	1	8295309510	9305	EvilHoney	175	A	24885928531	1	7	0		1.15		162	1	312613451	31261345117	9305	EvilHoney	180	A	93784035350	1	7	0		1.15		132	1	11781015	9305	EvilHoney	185	A	35343046	1	7	0		1.15		102	1	443974	44397426	9305	EvilHoney	190	A	133192278	1	7	0		1.15		72	1	16731	1673142	9305	EvilHoney	195	A	5019427	1	7	0		1.15		42	1	631	63053	5291	EvilHoney	190	A	1892	4	28	0				12	1	24	2376	22	Mushroom2	195	A	71	1	7	0		
15		433	1	2283077080869660000000	2679671930273000000000000000	Wood	145	A	6849231242608970 000 000	469485	2347425	39124					403	1	83759413942692200000	10701	EvilHoney	155	A	251278241828077000000	1	7	0		1.15			373	1	3156521095139880000	10701	EvilHoney	155	A	9469563285419650000	1	0	0		1.15			343	1	118955290576414000	10701	EvilHoney	155	A	356865871729242000	1	7	0		1.15		283	1	168940546382054	16894054638205400	10701	EvilHoney	160	A	50682163914616300	1	5	0		1.15			253	1	6366620459454	10701	EvilHoney	165	A	19099861378362	1	7	0		1.15			223	1	239929708663	23992970866254	10701	EvilHoney	170	A	71978912598763	1	7	0		1.15		193	1	9041887366	10701	EvilHoney	175	A	27125662099	1	7	0		1.15		163	1	340748662	34074866177	10701	EvilHoney	180	A	102224598532	1	7	0		1.15		133	1	12841307	10701	EvilHoney	185	A	38523921	1	7	0		1.15		103	1	483932	48393194	10701	EvilHoney	190	A	145179583	1	7	0		1.15		73	1	18237	1823725	10701	EvilHoney	195	A	5471175	1	7	0		1.15		43	1	687	68728	6349	EvilHoney	190	A	2062	4	28	0				13	1	26	2590	27	Mushroom2	195	A	78	1	7	0		
15		434	1	2488554018147930000000	3215606316327600000000000000	Wood	145	A	7465662054443780 000 000	516864	2584320	43072					404	1	91297761197534600000	12306	EvilHoney	155	A	273893283592604000000	1	7	0		1.15			374	1	3440607993702470000	12306	EvilHoney	155	A	10321823981107400000	1	0	0		1.15			344	1	129661266728291000	12306	EvilHoney	155	A	388983800184874000	1	7	0		1.15		284	1	184145195556439	18414519555643900	12306	EvilHoney	160	A	55243558666931800	1	5	0		1.15			254	1	6939616300805	12306	EvilHoney	165	A	20818848902414	1	7	0		1.15			224	1	261523382442	26152338244217	12306	EvilHoney	170	A	78457014732651	1	7	0		1.15		194	1	9855657229	12306	EvilHoney	175	A	29566971688	1	7	0		1.15		164	1	371416041	37141604133	12306	EvilHoney	180	A	111424812400	1	7	0		1.15		134	1	13997025	12306	EvilHoney	185	A	41991074	1	7	0		1.15		104	1	527486	52748582	12306	EvilHoney	190	A	158245746	1	7	0		1.15		74	1	19879	1987860	12306	EvilHoney	195	A	5963581	1	7	0		1.15		44	1	749	74914	7619	EvilHoney	190	A	2247	5	35	1				14	1	28	2823	32	Mushroom2	195	A	85	1	7	0		
15		435	1	2712523879781240000000	3858727579593120000000000000	Wood	145	A	8137571639343720 000 000	569024	2845120	47419					405	1	99514559705312700000	14151	EvilHoney	155	A	298543679115938000000	1	7	0		1.15			375	1	3750262713135700000	14151	EvilHoney	155	A	11250788139407100000	1	0	0		1.15			345	1	141330780733838000	14151	EvilHoney	155	A	423992342201513000	1	7	0		1.15		285	1	200718263156519	20071826315651900	14151	EvilHoney	160	A	60215478946955700	1	5	0		1.15			255	1	7564181767877	14151	EvilHoney	165	A	22692545303632	1	7	0		1.15			225	1	285060486862	28506048686197	14151	EvilHoney	170	A	85518146058590	1	7	0		1.15		195	1	10742666380	14151	EvilHoney	175	A	32227999140	1	7	0		1.15		165	1	404843485	40484348505	14151	EvilHoney	180	A	121453045516	1	7	0		1.15		135	1	15256757	14151	EvilHoney	185	A	45770270	1	7	0		1.15		105	1	574960	57495954	14151	EvilHoney	190	A	172487863	1	7	0		1.15		75	1	21668	2166768	14151	EvilHoney	195	A	6500303	1	7	0		1.15		45	1	817	81656	9143	EvilHoney	190	A	2450	5	35	1				15	1	31	3077	39	Mushroom2	195	A	92	1	7	0		
15		436	1	2956651028961550000000	4630473095511740000000000000	Wood	145	A	8869953086884650 000 000	626449	3132245	52204					406	1	108470870078791000000	16274	EvilHoney	155	A	325412610236372000000	1	7	0		1.15			376	1	4087786357317910000	16274	EvilHoney	155	A	12263359071953700000	1	0	0		1.15			346	1	154050550999883000	16274	EvilHoney	155	A	462151652999649000	1	7	0		1.15		286	1	218782906840606	21878290684060600	16274	EvilHoney	160	A	65634872052181700	1	5	0		1.15			256	1	8244958126986	16274	EvilHoney	165	A	24734874380958	1	7	0		1.15			226	1	310715930680	31071593067954	16274	EvilHoney	170	A	93214779203863	1	7	0		1.15		196	1	11709506354	16274	EvilHoney	175	A	35128519063	1	7	0		1.15		166	1	441279399	44127939871	16274	EvilHoney	180	A	132383819612	1	7	0		1.15		136	1	16629865	16274	EvilHoney	185	A	49889594	1	7	0		1.15		106	1	626706	62670590	16274	EvilHoney	190	A	188011771	1	7	0		1.15		76	1	23618	2361777	16274	EvilHoney	195	A	7085330	1	7	0		1.15		46	1	890	89005	10972	EvilHoney	190	A	2670	5	35	1				16	1	34	3354	46	Mushroom2	195	A	101	1	7	0		
15		437	1	3222749621568090000000	5556567714614090000000000000	Wood	145	A	9668248864704270 000 000	689668	3448340	57472					407	1	118233248385882000000	18715	EvilHoney	155	A	354699745157646000000	1	7	0		1.15			377	1	4455687129476520000	18715	EvilHoney	155	A	13367061388429600000	1	0	0		1.15			347	1	167915100589872000	18715	EvilHoney	155	A	503745301769617000	1	7	0		1.15		287	1	238473368456260	23847336845626000	18715	EvilHoney	160	A	71542010536878000	1	5	0		1.15			257	1	8987004358415	18715	EvilHoney	165	A	26961013075245	1	7	0		1.15			227	1	338680364441	33868036444070	18715	EvilHoney	170	A	101604109332211	1	7	0		1.15		197	1	12763361926	18715	EvilHoney	175	A	38290085778	1	7	0		1.15		167	1	480994545	48099454459	18715	EvilHoney	180	A	144298363377	1	7	0		1.15		137	1	18126553	18715	EvilHoney	185	A	54379658	1	7	0		1.15		107	1	683109	68310943	18715	EvilHoney	190	A	204932830	1	7	0		1.15		77	1	25743	2574337	18715	EvilHoney	195	A	7723010	1	7	0		1.15		47	1	970	97015	13166	EvilHoney	190	A	2910	6	42	1				17	1	37	3656	55	Mushroom2	195	A	110	1	7	0		
15		438	1	3512797087509220000000	6667881257536910000000000000	Wood	145	A	10538391262527700 000 000	759268	3796340	63272					408	1	128874240740611000000	21523	EvilHoney	155	A	386622722221834000000	1	7	0		1.15			378	1	4856698971129410000	21523	EvilHoney	155	A	14570096913388200000	1	0	0		1.15			348	1	183027459642961000	21523	EvilHoney	155	A	549082378928883000	1	7	0		1.15		288	1	259935971617324	25993597161732400	21523	EvilHoney	160	A	77980791485197100	1	5	0		1.15			258	1	9795834750672	21523	EvilHoney	165	A	29387504252017	1	7	0		1.15			228	1	369161597240	36916159724037	21523	EvilHoney	170	A	110748479172110	1	7	0		1.15		198	1	13912064499	21523	EvilHoney	175	A	41736193498	1	7	0		1.15		168	1	524284054	52428405360	21523	EvilHoney	180	A	157285216081	1	7	0		1.15		138	1	19757942	21523	EvilHoney	185	A	59273827	1	7	0		1.15		108	1	744589	74458928	21523	EvilHoney	190	A	223376785	1	7	0		1.15		78	1	28060	2806027	21523	EvilHoney	195	A	8418081	1	7	0		1.15		48	1	1057	105747	15799	EvilHoney	190	A	3172	6	42	1				18	1	40	3985	67	Mushroom2	195	A	120	1	7	0		
15		439	1	3828948825385050000000	8001457509044290000000000000	Wood	145	A	11486846476155100 000 000	835891	4179455	69658					409	1	140472922407266000000	24751	EvilHoney	155	A	421418767221799000000	1	7	0		1.15			379	1	5293801878531060000	24751	EvilHoney	155	A	15881405635593200000	1	0	0		1.15			349	1	199499931010827000	24751	EvilHoney	155	A	598499793032482000	1	7	0		1.15		289	1	283330209062883	28333020906288300	24751	EvilHoney	160	A	84999062718864800	1	5	0		1.15			259	1	10677459878233	24751	EvilHoney	165	A	32032379634698	1	7	0		1.15			229	1	402386140992	40238614099200	24751	EvilHoney	170	A	120715842297599	1	7	0		1.15		199	1	15164150304	24751	EvilHoney	175	A	45492450913	1	7	0		1.15		169	1	571469618	57146961843	24751	EvilHoney	180	A	171440885529	1	7	0		1.15		139	1	21536157	24751	EvilHoney	185	A	64608472	1	7	0		1.15		109	1	811602	81160232	24751	EvilHoney	190	A	243480695	1	7	0		1.15		79	1	30586	3058569	24751	EvilHoney	195	A	9175708	1	7	0		1.15		49	1	1153	115264	18959	EvilHoney	190	A	3458	7	49	1				19	1	43	4344	80	Mushroom2	195	A	130	1	7	0		
15		440	1	4173554219669700000000	9601749010853150000000000000	Wood	145	A	12520662659009100 000 000	920247	4601235	76687					410	1	153115485423920000000	28464	EvilHoney	155	A	459346456271761000000	1	7	0		1.15			380	1	5770244047598850000	28464	EvilHoney	155	A	17310732142796600000	1	0	0		1.15			350	1	217454924801802000	28464	EvilHoney	155	A	652364774405406000	1	7	0		1.15		290	1	308829927878542	30882992787854200	28464	EvilHoney	160	A	92648978363562700	1	5	0		1.15			260	1	11638431267274	28464	EvilHoney	165	A	34915293801821	1	7	0		1.15			230	1	438600893681	43860089368128	28464	EvilHoney	170	A	131580268104383	1	7	0		1.15		200	1	16528923832	28464	EvilHoney	175	A	49586771495	1	7	0		1.15		170	1	622901884	62290188409	28464	EvilHoney	180	A	186870565226	1	7	0		1.15		140	1	23474411	28464	EvilHoney	185	A	70423234	1	7	0		1.15		110	1	884647	88464653	28464	EvilHoney	190	A	265393958	1	7	0		1.15		80	1	33338	3333841	28464	EvilHoney	195	A	10001522	1	7	0		1.15		50	1	1256	125638	22751	EvilHoney	190	A	3769	8	56	1				20	1	47	4735	96	Mushroom2	195	A	142	1	7	0		
16		441	2	9098348198879960000000	11522098813023800000000000000	Wood	145	A	27295044596639900 000 000	506558	2532790	42213					411	2	333791758224147000000	32733	EvilHoney	155	A	1001375274672440000000	1	7	0		1.15			381	2	12579132023765500000	32733	EvilHoney	155	A	37737396071296500000	1	0	0		1.15			351	2	474051736067928000	32733	EvilHoney	155	A	1422155208203780000	1	7	0		1.15		291	2	673249242775222	67324924277522200	32733	EvilHoney	160	A	201974772832567000	1	5	0		1.15			261	2	25371780162657	32733	EvilHoney	165	A	76115340487970	1	7	0		1.15			231	2	956149948225	95614994822519	32733	EvilHoney	170	A	286844984467556	1	7	0		1.15		201	2	36033053953	32733	EvilHoney	175	A	108099161860	1	7	0		1.15		171	2	1357926107	135792610731	32733	EvilHoney	180	A	407377832193	1	7	0		1.15		141	2	51174217	32733	EvilHoney	185	A	153522650	1	7	0		1.15		111	2	1928529	192852943	32733	EvilHoney	190	A	578558828	1	7	0		1.15		81	2	72678	7267773	32733	EvilHoney	195	A	21803318	1	7	0		1.15		51	2	2739	273890	27301	EvilHoney	190	A	8217	4	28	0				21	1	52	5161	115	Mushroom2	195	A	155	1	7	0		
16		442	1	9917199536779150000000	13826518575628500000000000000	Wood	145	A	29751598610337500 000 000	557679	2788395	46473					412	1	363833016464320000000	37643	EvilHoney	155	A	1091499049392960000000	1	7	0		1.15			382	1	13711253905904400000	37643	EvilHoney	155	A	41133761717713200000	1	0	0		1.15			352	1	516716392314042000	37643	EvilHoney	155	A	1550149176942120000	1	7	0		1.15		292	1	733841674624992	73384167462499200	37643	EvilHoney	160	A	220152502387498000	1	5	0		1.15			262	1	27655240377296	37643	EvilHoney	165	A	82965721131887	1	7	0		1.15			232	1	1042203443565	104220344356545	37643	EvilHoney	170	A	312661033069636	1	7	0		1.15		202	1	39276028809	37643	EvilHoney	175	A	117828086427	1	7	0		1.15		172	1	1480139457	148013945697	37643	EvilHoney	180	A	444041837090	1	7	0		1.15		142	1	55779896	37643	EvilHoney	185	A	167339689	1	7	0		1.15		112	1	2102097	210209708	37643	EvilHoney	190	A	630629123	1	7	0		1.15		82	1	79219	7921872	37643	EvilHoney	195	A	23765617	1	7	0		1.15		52	1	2985	298540	32762	EvilHoney	190	A	8956	5	35	1				22	1	56	5625	138	Mushroom2	195	A	169	1	7	0		
16		443	1	10809747495089300000000	16591822290754200000000000000	Wood	145	A	32429242485267800 000 000	613958	3069790	51163					413	1	396577987946109000000	43289	EvilHoney	155	A	1189733963838330000000	1	7	0		1.15			383	1	14945266757435800000	43289	EvilHoney	155	A	44835800272307400000	1	0	0		1.15			353	1	563220867622305000	43289	EvilHoney	155	A	1689662602866920000	1	7	0		1.15		293	1	799887425341242	79988742534124200	43289	EvilHoney	160	A	239966227602372000	1	5	0		1.15			263	1	30144212011252	43289	EvilHoney	165	A	90432636033757	1	7	0		1.15			233	1	1136001753486	113600175348634	43289	EvilHoney	170	A	340800526045903	1	7	0		1.15		203	1	42810871402	43289	EvilHoney	175	A	128432614206	1	7	0		1.15		173	1	1613352008	161335200809	43289	EvilHoney	180	A	484005602428	1	7	0		1.15		143	1	60800087	43289	EvilHoney	185	A	182400261	1	7	0		1.15		113	1	2291286	229128581	43289	EvilHoney	190	A	687385744	1	7	0		1.15		83	1	86348	8634841	43289	EvilHoney	195	A	25904522	1	7	0		1.15		53	1	3254	325409	39314	EvilHoney	190	A	9762	5	35	1				23	1	61	6132	166	Mushroom2	195	A	184	2	14	0		
16		444	1	11782624769647300000000	19910186748905100000000000000	Wood	145	A	35347874308941900 000 000	675917	3379585	56326					414	1	432270006861258000000	49783	EvilHoney	155	A	1296810020583770000000	1	7	0		1.15			384	1	16290340765605000000	49783	EvilHoney	155	A	48871022296815000000	1	0	0		1.15			354	1	613910745708313000	49783	EvilHoney	155	A	1841732237124940000	1	7	0		1.15		294	1	871877293621953	87187729362195300	49783	EvilHoney	160	A	261563188086586000	1	5	0		1.15			264	1	32857191092265	49783	EvilHoney	165	A	98571573276795	1	7	0		1.15			234	1	1238241911300	123824191130012	49783	EvilHoney	170	A	371472573390035	1	7	0		1.15		204	1	46663849828	49783	EvilHoney	175	A	139991549484	1	7	0		1.15		174	1	1758553689	175855368882	49783	EvilHoney	180	A	527566106647	1	7	0		1.15		144	1	66272095	49783	EvilHoney	185	A	198816284	1	7	0		1.15		114	1	2497502	249750154	49783	EvilHoney	190	A	749250461	1	7	0		1.15		84	1	94120	9411976	49783	EvilHoney	195	A	28235929	1	7	0		1.15		54	1	3547	354696	47177	EvilHoney	190	A	10641	6	42	1				24	1	67	6683	199	Mushroom2	195	A	201	2	14	0		
16		445	1	12843060998915600000000	23892224098686100000000000000	Wood	145	A	38529182996746700 000 000	744129	3720645	62011					415	1	471174307478772000000	57250	EvilHoney	155	A	1413522922436310000000	1	7	0		1.15			385	1	17756471434509500000	57250	EvilHoney	155	A	53269414303528400000	1	0	0		1.15			355	1	669162712822061000	57250	EvilHoney	155	A	2007488138466180000	1	7	0		1.15		295	1	950346250047929	95034625004792900	57250	EvilHoney	160	A	285103875014379000	1	5	0		1.15			265	1	35814338290569	57250	EvilHoney	165	A	107443014871707	1	7	0		1.15			235	1	1349683683317	134968368331713	57250	EvilHoney	170	A	404905104995138	1	7	0		1.15		205	1	50863596313	57250	EvilHoney	175	A	152590788938	1	7	0		1.15		175	1	1916823521	191682352082	57250	EvilHoney	180	A	575047056245	1	7	0		1.15		145	1	72236583	57250	EvilHoney	185	A	216709750	1	7	0		1.15		115	1	2722277	272227668	57250	EvilHoney	190	A	816683003	1	7	0		1.15		85	1	102591	10259054	57250	EvilHoney	195	A	30777163	1	7	0		1.15		55	1	3866	386618	56612	EvilHoney	190	A	11599	6	42	1				25	1	73	7285	238	Mushroom2	195	A	219	2	14	0		
16		446	1	13998936488818000000000	28670668918423300000000000000	Wood	145	A	41996809466453900 000 000	819225	4096125	68269					416	1	513579995151861000000	65838	EvilHoney	155	A	1540739985455580000000	1	7	0		1.15			386	1	19354553863615300000	65838	EvilHoney	155	A	58063661590846000000	1	0	0		1.15			356	1	729387356976047000	65838	EvilHoney	155	A	2188162070928140000	1	7	0		1.15		296	1	1035877412552240	103587741255224000	65838	EvilHoney	160	A	310763223765673000	1	5	0		1.15			266	1	39037628736720	65838	EvilHoney	165	A	117112886210160	1	7	0		1.15			236	1	1471155214816	147115521481567	65838	EvilHoney	170	A	441346564444700	1	7	0		1.15		206	1	55441319981	65838	EvilHoney	175	A	166323959942	1	7	0		1.15		176	1	2089337638	208933763769	65838	EvilHoney	180	A	626801291307	1	7	0		1.15		146	1	78737876	65838	EvilHoney	185	A	236213627	1	7	0		1.15		116	1	2967282	296728158	65838	EvilHoney	190	A	890184473	1	7	0		1.15		86	1	111824	11182369	65838	EvilHoney	195	A	33547108	1	7	0		1.15		56	1	4214	421414	67934	EvilHoney	190	A	12642	7	49	1				26	1	79	7941	286	Mushroom2	195	A	238	2	14	0		
16		447	1	15258840772811600000000	34404802702108000000000000000	Wood	145	A	45776522318434800 000 000	901899	4509495	75158					417	1	559802194715529000000	75714	EvilHoney	155	A	1679406584146590000000	1	7	0		1.15			387	1	21096463711340700000	75714	EvilHoney	155	A	63289391134022100000	1	0	0		1.15			357	1	795032219103891000	75714	EvilHoney	155	A	2385096657311670000	1	7	0		1.15		297	1	1129106379681940	112910637968194000	75714	EvilHoney	160	A	338731913904583000	1	5	0		1.15			267	1	42551015323025	75714	EvilHoney	165	A	127653045969075	1	7	0		1.15			237	1	1603559184149	160355918414908	75714	EvilHoney	170	A	481067755244723	1	7	0		1.15		207	1	60431038779	75714	EvilHoney	175	A	181293116337	1	7	0		1.15		177	1	2277378025	227737802508	75714	EvilHoney	180	A	683213407525	1	7	0		1.15		147	1	85824285	75714	EvilHoney	185	A	257472854	1	7	0		1.15		117	1	3234337	323433692	75714	EvilHoney	190	A	970301075	1	7	0		1.15		87	1	121888	12188782	75714	EvilHoney	195	A	36566347	1	7	0		1.15		57	1	4593	459341	81521	EvilHoney	190	A	13780	8	56	1				27	1	87	8655	343	Mushroom2	195	A	260	2	14	0		
16		448	1	16632136442364600000000	41285763242529600000000000000	Wood	145	A	49896409327093900 000 000	992916	4964580	82743					418	1	610184392239926000000	87071	EvilHoney	155	A	1830553176719780000000	1	7	0		1.15			388	1	22995145445361400000	87071	EvilHoney	155	A	68985436336084100000	1	0	0		1.15			358	1	866585118823241000	87071	EvilHoney	155	A	2599755356469720000	1	7	0		1.15		298	1	1230725953853320	123072595385332000	87071	EvilHoney	160	A	369217786155996000	1	5	0		1.15			268	1	46380606702097	87071	EvilHoney	165	A	139141820106291	1	7	0		1.15			238	1	1747879510723	174787951072249	87071	EvilHoney	170	A	524363853216748	1	7	0		1.15		208	1	65869832269	87071	EvilHoney	175	A	197609496807	1	7	0		1.15		178	1	2482342047	248234204734	87071	EvilHoney	180	A	744702614202	1	7	0		1.15		148	1	93548470	87071	EvilHoney	185	A	280645411	1	7	0		1.15		118	1	3525427	352542724	87071	EvilHoney	190	A	1057628172	1	7	0		1.15		88	1	132858	13285773	87071	EvilHoney	195	A	39857318	1	7	0		1.15		58	1	5007	500682	97826	EvilHoney	190	A	15020	8	56	1				28	1	94	9434	412	Mushroom2	195	A	283	2	14	0		
16		449	1	18129028722177500000000	49542915891035500000000000000	Wood	145	A	54387086166532400 000 000	1093118	5465590	91093					419	1	665100987541520000000	100131	EvilHoney	155	A	1995302962624560000000	1	7	0		1.15			389	1	25064708535443900000	100131	EvilHoney	155	A	75194125606331700000	1	0	0		1.15			359	1	944577779517333000	100131	EvilHoney	155	A	2833733338552000000	1	7	0		1.15		299	1	1341491289700120	134149128970012000	100131	EvilHoney	160	A	402447386910036000	1	5	0		1.15			269	1	50554861305286	100131	EvilHoney	165	A	151664583915858	1	7	0		1.15			239	1	1905188666688	190518866668752	100131	EvilHoney	170	A	571556600006256	1	7	0		1.15		209	1	71798117173	100131	EvilHoney	175	A	215394351520	1	7	0		1.15		179	1	2705752832	270575283160	100131	EvilHoney	180	A	811725849480	1	7	0		1.15		149	1	101967832	100131	EvilHoney	185	A	305903497	1	7	0		1.15		119	1	3842716	384271569	100131	EvilHoney	190	A	1152814708	1	7	0		1.15		89	1	144815	14481492	100131	EvilHoney	195	A	43444477	1	7	0		1.15		59	1	5457	545743	117391	EvilHoney	190	A	16372	9	63	1				29	1	103	10283	495	Mushroom2	195	A	308	2	14	0		
16		450	1	19760641307173400000000	59451499069242600000000000000	Wood	145	A	59281923921520300 000 000	1203433	6017165	100286					420	1	724960076420257000000	115151	EvilHoney	155	A	2174880229260770000000	1	7	0		1.15			390	1	27320532303633800000	115151	EvilHoney	155	A	81961596910901500000	1	0	0		1.15			360	1	1029589779673890000	115151	EvilHoney	155	A	3088769339021680000	1	7	0		1.15		300	1	1462225505773130	146222550577313000	115151	EvilHoney	160	A	438667651731939000	1	5	0		1.15			270	1	55104798822762	115151	EvilHoney	165	A	165314396468285	1	7	0		1.15			240	1	2076655646689	207665564668940	115151	EvilHoney	170	A	622996694006819	1	7	0		1.15		210	1	78259947719	115151	EvilHoney	175	A	234779843157	1	7	0		1.15		180	1	2949270586	294927058645	115151	EvilHoney	180	A	884781175934	1	7	0		1.15		150	1	111144937	115151	EvilHoney	185	A	333434812	1	7	0		1.15		120	1	4188560	418856010	115151	EvilHoney	190	A	1256568031	1	7	0		1.15		90	1	157848	15784827	115151	EvilHoney	195	A	47354480	1	7	0		1.15		60	1	5949	594860	140869	EvilHoney	190	A	17846	1	7	0				30	2	224	22418	593	Mushroom2	195	A	673	2	14	0		
16		451	1	21539099024819000000000	71341798883091100000000000000	Wood	155	A	64617297074457100 000 000	1324880	6624400	110407					421	1	790206483298080000000	2000	Mushroom2	155	A	2370619449894240000000	1	7	0		2000			391	1	29779380210960900000	2000	Mushroom2	155	A	89338140632882700000	1	0	0		2000			361	1	1122252859844540000	2000	Mushroom2	155	A	3366758579533630000	1	7	0		2000		301	1	1593825801292710	159382580129271000	2000	Mushroom2	160	A	478147740387813000	1	5	0		2000			271	1	60064230716810	2000	Mushroom2	165	A	180192692150431	1	7	0		2000			241	1	2263554654891	226355465489144	2000	Mushroom2	170	A	679066396467433	1	7	0		2000		211	1	85303343014	2000	Mushroom2	175	A	255910029041	1	7	0		2000		181	1	3214704939	321470493923	2000	Mushroom2	180	A	964411481768	1	7	0		2000		151	1	121147982	2000	Mushroom2	185	A	363443945	1	7	0		2000		121	1	4565531	456553051	2000	Mushroom2	190	A	1369659154	1	7	0		2000		91	1	172055	17205461	2000	Mushroom2	195	A	51616383	1	7	0		2000		61	1	6484	648398	2000	Mushroom2	200	A	1945193	1	7	0		2000		31	1	244	24435	712	Mushroom2	195	A	733	2	14	0		
16		452	1	23477617937052700000000	85610158659709300000000000000	Wood	155	A	70432853811158300 000 000	1458584	7292920	121549					422	1	861325066794907000000	2300	Mushroom3	155	A	2583975200384720000000	1	7	0		1.15			392	1	32459524429947400000	2300	Mushroom3	155	A	97378573289842100000	1	0	0		1.15			362	1	1223255617230550000	2300	Mushroom3	155	A	3669766851691660000	1	7	0		1.15		302	1	1737270123409060	173727012340906000	2300	Mushroom2	160	A	521181037022717000	1	5	0		1.15			272	1	65470011481323	2300	Mushroom3	165	A	196410034443969	1	7	0		1.15			242	1	2467274573832	246727457383167	2300	Mushroom2	170	A	740182372149502	1	7	0		1.15		212	1	92980643885	2300	Mushroom3	175	A	278941931654	1	7	0		1.15		182	1	3504028384	350402838376	2300	Mushroom2	180	A	1051208515127	1	7	0		1.15		152	1	132051300	2300	Mushroom3	185	A	396153900	1	7	0		1.15		122	1	4976428	497642826	2300	Mushroom2	190	A	1492928478	1	7	0		1.15		92	1	187540	18753953	2300	Mushroom2	195	A	56261858	1	7	0		1.15		62	1	7068	706753	2300	Mushroom2	200	A	2120260	1	7	0		1.15		32	1	266	26634	855	Mushroom2	195	A	799	2	14	0		
16		453	1	25590603551387500000000	102732190391651000000000000000	Wood	155	A	76771810654162500 000 000	1605780	8028900	133815					423	1	938844322806449000000	2645	Mushroom4	155	A	2816532968419350000000	1	7	0		1.15			393	1	35380881628642600000	2645	Mushroom4	155	A	106142644885928000000	1	0	0		1.15			363	1	1333348622781300000	2645	Mushroom4	155	A	4000045868343910000	1	7	0		1.15		303	1	1893624434515870	189362443451587000	2645	Mushroom2	160	A	568087330354761000	1	5	0		1.15			273	1	71362312514642	2645	Mushroom4	165	A	214086937543927	1	7	0		1.15			243	1	2689329285477	268932928547652	2645	Mushroom2	170	A	806798785642957	1	7	0		1.15		213	1	101348901834	2645	Mushroom4	175	A	304046705503	1	7	0		1.15		183	1	3819390938	381939093829	2645	Mushroom2	180	A	1145817281488	1	7	0		1.15		153	1	143935917	2645	Mushroom4	185	A	431807752	1	7	0		1.15		123	1	5424307	542430680	2645	Mushroom2	190	A	1627292041	1	7	0		1.15		93	1	204418	20441808	2645	Mushroom2	195	A	61325425	1	7	0		1.15		63	1	7704	770361	2645	Mushroom2	200	A	2311083	1	7	0		1.15		33	1	290	29031	1025	Mushroom2	195	A	871	2	14	0		
16		454	1	27893757871012400000000	123278628469981000000000000000	Wood	155	A	83681273613037100 000 000	1767832	8839160	147319					424	1	1023340311859030000000	3042	Mushroom5	155	A	3070020935577090000000	1	7	0		1.15			394	1	38565160975220500000	3042	Mushroom5	155	A	115695482925661000000	1	0	0		1.15			364	1	1453349998831620000	3042	Mushroom5	155	A	4360049996494860000	1	7	0		1.15		304	1	2064050633622300	206405063362230000	3042	Mushroom2	160	A	619215190086690000	1	5	0		1.15			274	1	77784920640960	3042	Mushroom5	165	A	233354761922880	1	7	0		1.15			244	1	2931368921169	293136892116941	3042	Mushroom2	170	A	879410676350823	1	7	0		1.15		214	1	110470302999	3042	Mushroom5	175	A	331410908998	1	7	0		1.15		184	1	4163136123	416313612274	3042	Mushroom2	180	A	1248940836822	1	7	0		1.15		154	1	156890150	3042	Mushroom5	185	A	470670449	1	7	0		1.15		124	1	5912494	591249442	3042	Mushroom2	190	A	1773748325	1	7	0		1.15		94	1	222816	22281571	3042	Mushroom2	195	A	66844713	1	7	0		1.15		64	1	8397	839694	3042	Mushroom2	200	A	2519081	1	7	0		1.15		34	1	316	31644	1231	Mushroom2	195	A	949	2	14	0		
16		455	1	30404196079403500000000	147934354163978000000000000000	Wood	155	A	91212588238210500 000 000	1946237	9731185	162186					425	1	1115440939926340000000	3498	Mushroom6	155	A	3346322819779030000000	1	7	0		1.15			395	1	42036025462990300000	3498	Mushroom6	155	A	126108076388971000000	1	0	0		1.15			365	1	1584151498726470000	3498	Mushroom6	155	A	4752454496179400000	1	7	0		1.15		305	1	2249815190648310	224981519064831000	3498	Mushroom2	160	A	674944557194492000	1	5	0		1.15			275	1	84785563498646	3498	Mushroom6	165	A	254356690495939	1	7	0		1.15			245	1	3195192124075	319519212407466	3498	Mushroom2	170	A	958557637222397	1	7	0		1.15		215	1	120412630269	3498	Mushroom6	175	A	361237890808	1	7	0		1.15		185	1	4537818374	453781837379	3498	Mushroom2	180	A	1361345512136	1	7	0		1.15		155	1	171010263	3498	Mushroom6	185	A	513030790	1	7	0		1.15		125	1	6444619	644461891	3498	Mushroom2	190	A	1933385674	1	7	0		1.15		95	1	242869	24286912	3498	Mushroom2	195	A	72860737	1	7	0		1.15		65	1	9153	915266	3498	Mushroom2	200	A	2745798	1	7	0		1.15		35	1	345	34492	1477	Mushroom2	195	A	1035	2	14	0		
16		456	1	33140573726549800000000	177521224996773000000000000000	Wood	155	A	99421721179649400 000 000	2142646	10713230	178554					426	1	1215830624519710000000	4023	Mushroom7	155	A	3647491873559140000000	1	7	0		1.15			396	1	45819267754659500000	4023	Mushroom7	155	A	137457803263978000000	1	0	0		1.15			366	1	1726725133611850000	4023	Mushroom7	155	A	5180175400835540000	1	7	0		1.15		306	1	2452298557806650	245229855780665000	4023	Mushroom2	160	A	735689567341996000	1	5	0		1.15			276	1	92416264213525	4023	Mushroom7	165	A	277248792640574	1	7	0		1.15			246	1	3482759415241	348275941524138	4023	Mushroom2	170	A	1044827824572410	1	7	0		1.15		216	1	131249766994	4023	Mushroom7	175	A	393749300981	1	7	0		1.15		186	1	4946222027	494622202743	4023	Mushroom2	180	A	1483866608228	1	7	0		1.15		156	1	186401187	4023	Mushroom7	185	A	559203561	1	7	0		1.15		126	1	7024635	702463462	4023	Mushroom2	190	A	2107390385	1	7	0		1.15		96	1	264727	26472735	4023	Mushroom2	195	A	79418204	1	7	0		1.15		66	1	9976	997640	4023	Mushroom2	200	A	2992920	1	7	0		1.15		36	1	376	37597	1772	Mushroom2	195	A	1128	2	14	0		
16		457	1	36123225361939300000000	213025469996128000000000000000	Wood	155	A	108369676085818000 000 000	2358876	11794380	196573					427	1	1325255380726490000000	4626	Mushroom8	155	A	3975766142179460000000	1	7	0		1.15			397	1	49943001852578800000	4626	Mushroom8	155	A	149829005557736000000	1	0	0		1.15			367	1	1882130395636910000	4626	Mushroom8	155	A	5646391186910740000	1	7	0		1.15		307	1	2673005428009250	267300542800925000	4626	Mushroom2	160	A	801901628402776000	1	5	0		1.15			277	1	100733727992742	4626	Mushroom8	165	A	302201183978225	1	7	0		1.15			247	1	3796207762613	379620776261310	4626	Mushroom2	170	A	1138862328783930	1	7	0		1.15		217	1	143062246023	4626	Mushroom8	175	A	429186738069	1	7	0		1.15		187	1	5391382010	539138200990	4626	Mushroom2	180	A	1617414602969	1	7	0		1.15		157	1	203177294	4626	Mushroom8	185	A	609531881	1	7	0		1.15		127	1	7656852	765685173	4626	Mushroom2	190	A	2297055519	1	7	0		1.15		97	1	288553	28855281	4626	Mushroom2	195	A	86565842	1	7	0		1.15		67	1	10874	1087428	4626	Mushroom2	200	A	3262283	1	7	0		1.15		37	1	410	40980	2126	Mushroom2	195	A	1229	3	21	0		
16		458	1	39374315644513800000000	255630563995353000000000000000	Wood	155	A	118122946933542000 000 000	2596928	12984640	216411					428	1	1444528364991870000000	5320	Mushroom9	155	A	4333585094975610000000	1	7	0		1.15			398	1	54437872019310900000	5320	Mushroom9	155	A	163313616057933000000	1	0	0		1.15			368	1	2051522131244240000	5320	Mushroom9	155	A	6154566393732710000	1	7	0		1.15		308	1	2913575916530090	291357591653009000	5320	Mushroom2	160	A	874072774959026000	1	5	0		1.15			278	1	109799763512089	5320	Mushroom9	165	A	329399290536266	1	7	0		1.15			248	1	4137866461248	413786646124828	5320	Mushroom2	170	A	1241359938374480	1	7	0		1.15		218	1	155937848165	5320	Mushroom9	175	A	467813544496	1	7	0		1.15		188	1	5876606391	587660639079	5320	Mushroom2	180	A	1762981917236	1	7	0		1.15		158	1	221463250	5320	Mushroom9	185	A	664389750	1	7	0		1.15		128	1	8345968	834596839	5320	Mushroom2	190	A	2503790516	1	7	0		1.15		98	1	314523	31452256	5320	Mushroom2	195	A	94356768	1	7	0		1.15		68	1	11853	1185296	5320	Mushroom2	200	A	3555888	1	7	0		1.15		38	1	447	44669	2552	Mushroom2	195	A	1340	3	21	0		
16		459	1	42918004052520100000000	306756676794424000000000000000	Wood	155	A	128754012157560000 000 000	2859003	14295015	238250					429	1	1574535917841140000000	6118	Mushroom10	155	A	4723607753523420000000	1	7	0		1.15			399	1	59337280501048900000	6118	Mushroom10	155	A	178011841503147000000	1	0	0		1.15			369	1	2236159123056220000	6118	Mushroom10	155	A	6708477369168650000	1	7	0		1.15		309	1	3175797749017790	317579774901779000	6118	Mushroom2	160	A	952739324705338000	1	5	0		1.15			279	1	119681742228177	6118	Mushroom10	165	A	359045226684530	1	7	0		1.15			249	1	4510274442761	451027444276063	6118	Mushroom2	170	A	1353082332828190	1	7	0		1.15		219	1	169972254500	6118	Mushroom10	175	A	509916763500	1	7	0		1.15		189	1	6405500966	640550096596	6118	Mushroom2	180	A	1921650289787	1	7	0		1.15		159	1	241394943	6118	Mushroom10	185	A	724184828	1	7	0		1.15		129	1	9097106	909710554	6118	Mushroom2	190	A	2729131662	1	7	0		1.15		99	1	342830	34282959	6118	Mushroom2	195	A	102848877	1	7	0		1.15		69	1	12920	1291973	6118	Mushroom2	200	A	3875918	1	7	0		1.15		39	1	487	48689	3062	Mushroom2	195	A	1461	3	21	0		
16		460	1	46780624417246900000000	368108012153309000000000000000	Wood	155	A	140341873251741000 000 000	3147526	15737630	262294					430	1	1716244150446840000000	7036	Mushroom11	155	A	5148732451340530000000	1	7	0		1.15			400	1	64677635746143300000	7036	Mushroom11	155	A	194032907238430000000	1	0	0		1.15			370	1	2437413444131280000	7036	Mushroom11	155	A	7312240332393830000	1	7	0		1.15		310	1	3461619546429400	346161954642940000	7036	Mushroom2	160	A	1038485863928820000	1	5	0		1.15			280	1	130453099028712	7036	Mushroom11	165	A	391359297086137	1	7	0		1.15			250	1	4916199142609	491619914260908	7036	Mushroom2	170	A	1474859742782720	1	7	0		1.15		220	1	185269757405	7036	Mushroom11	175	A	555809272215	1	7	0		1.15		190	1	6981996053	698199605289	7036	Mushroom2	180	A	2094598815868	1	7	0		1.15		160	1	263120487	7036	Mushroom11	185	A	789361462	1	7	0		1.15		130	1	9915845	991584504	7036	Mushroom2	190	A	2974753512	1	7	0		1.15		100	1	373684	37368425	7036	Mushroom2	195	A	112105276	1	7	0		1.15		70	1	14083	1408250	7036	Mushroom2	200	A	4224751	1	7	0		1.15		40	1	531	53071	3674	Mushroom2	205	A	1592	3	21	0		
16		461	1	50990880614799100000000	441729614583971000000000000000	Wood	155	A	152972641844397000 000 000	3465166	17325830	288764					431	1	1870706123987060000000	8091	Mushroom12	155	A	5612118371961170000000	1	7	0		1.15			401	1	70498622963296200000	8091	Mushroom12	155	A	211495868889889000000	1	0	0		1.15			371	1	2656780654103090000	8091	Mushroom12	155	A	7970341962309280000	1	7	0		1.15		311	1	3773165305608040	377316530560804000	8091	Mushroom2	160	A	1131949591682410000	1	5	0		1.15			281	1	142193877941297	8091	Mushroom12	165	A	426581633823890	1	7	0		1.15			251	1	5358657065444	535865706544390	8091	Mushroom2	170	A	1607597119633170	1	7	0		1.15		221	1	201944035572	8091	Mushroom12	175	A	605832106715	1	7	0		1.15		191	1	7610375698	761037569765	8091	Mushroom2	180	A	2283112709296	1	7	0		1.15		161	1	286801331	8091	Mushroom12	185	A	860403994	1	7	0		1.15		131	1	10808271	1080827109	8091	Mushroom2	190	A	3242481328	1	7	0		1.15		101	1	407316	40731584	8091	Mushroom2	195	A	122194751	1	7	0		1.15		71	1	15350	1534993	8091	Mushroom2	200	A	4604979	1	7	0		1.15		41	1	578	57847	4409	Mushroom2	205	A	1735	4	28	0		
16		462	1	55580059870131000000000	530075537500765000000000000000	Wood	155	A	166740179610393000 000 000	3814862	19074310	317905					432	1	2039069675145890000000	9305	Mushroom13	155	A	6117209025437680000000	1	7	0		1.15			402	1	76843499029992900000	9305	Mushroom13	155	A	230530497089979000000	1	0	0		1.15			372	1	2895890912972370000	9305	Mushroom13	155	A	8687672738917110000	1	7	0		1.15		312	1	4112750183112770	411275018311277000	9305	Mushroom2	160	A	1233825054933830000	1	5	0		1.15			282	1	154991326956013	9305	Mushroom13	165	A	464973980868040	1	7	0		1.15			252	1	5840936201334	584093620133385	9305	Mushroom2	170	A	1752280860400160	1	7	0		1.15		222	1	220118998773	9305	Mushroom13	175	A	660356996319	1	7	0		1.15		192	1	8295309510	829530951044	9305	Mushroom2	180	A	2488592853133	1	7	0		1.15		162	1	312613451	9305	Mushroom13	185	A	937840354	1	7	0		1.15		132	1	11781015	1178101549	9305	Mushroom2	190	A	3534304648	1	7	0		1.15		102	1	443974	44397426	9305	Mushroom2	195	A	133192278	1	7	0		1.15		72	1	16731	1673142	9305	Mushroom2	200	A	5019427	1	7	0		1.15		42	1	631	63053	5291	Mushroom2	205	A	1892	4	28	0		
16		463	1	60582265258442800000000	636090645000918000000000000000	Wood	155	A	181746795775329000 000 000	4199848	20999240	349987					433	1	2222585945909020000000	10701	Mushroom14	155	A	6667757837727070000000	1	7	0		1.15			403	1	83759413942692200000	10701	Mushroom14	155	A	251278241828077000000	1	0	0		1.15			373	1	3156521095139880000	10701	Mushroom14	155	A	9469563285419650000	1	7	0		1.15		313	1	4482897699592910	448289769959291000	10701	Mushroom2	160	A	1344869309877870000	1	5	0		1.15			283	1	168940546382054	10701	Mushroom14	165	A	506821639146163	1	7	0		1.15			253	1	6366620459454	636662045945390	10701	Mushroom2	170	A	1909986137836170	1	7	0		1.15		223	1	239929708663	10701	Mushroom14	175	A	719789125988	1	7	0		1.15		193	1	9041887366	904188736638	10701	Mushroom2	180	A	2712566209915	1	7	0		1.15		163	1	340748662	10701	Mushroom14	185	A	1022245985	1	7	0		1.15		133	1	12841307	1284130689	10701	Mushroom2	190	A	3852392066	1	7	0		1.15		103	1	483932	48393194	10701	Mushroom2	195	A	145179583	1	7	0		1.15		73	1	18237	1823725	10701	Mushroom2	200	A	5471175	1	7	0		1.15		43	1	687	68728	6349	Mushroom2	205	A	2062	4	28	0		
16		464	1	66034669131702700000000	763308774001101000000000000000	Wood	155	A	198104007395108000 000 000	4623686	23118430	385307					434	1	2422618681040840000000	12306	Mushroom15	155	A	7267856043122510000000	1	7	0		1.15			404	1	91297761197534600000	12306	Mushroom15	155	A	273893283592604000000	1	0	0		1.15			374	1	3440607993702470000	12306	Mushroom15	155	A	10321823981107400000	1	7	0		1.15		314	1	4886358492556280	488635849255628000	12306	Mushroom2	160	A	1465907547766880000	1	5	0		1.15			284	1	184145195556439	12306	Mushroom15	165	A	552435586669318	1	7	0		1.15			254	1	6939616300805	693961630080475	12306	Mushroom2	170	A	2081884890241430	1	7	0		1.15		224	1	261523382442	12306	Mushroom15	175	A	784570147327	1	7	0		1.15		194	1	9855657229	985565722936	12306	Mushroom2	180	A	2956697168807	1	7	0		1.15		164	1	371416041	12306	Mushroom15	185	A	1114248124	1	7	0		1.15		134	1	13997025	1399702451	12306	Mushroom2	190	A	4199107352	1	7	0		1.15		104	1	527486	52748582	12306	Mushroom2	195	A	158245746	1	7	0		1.15		74	1	19879	1987860	12306	Mushroom2	200	A	5963581	1	7	0		1.15		44	1	749	74914	7619	Mushroom2	205	A	2247	5	35	1		
16		465	1	71977789353555900000000	915970528801321000000000000000	Wood	155	A	215933368060668000 000 000	5090296	25451480	424191					435	1	2640654362334510000000	14151	Mushroom16	155	A	7921963087003530000000	1	7	0		1.15			405	1	99514559705312700000	14151	Mushroom16	155	A	298543679115938000000	1	0	0		1.15			375	1	3750262713135700000	14151	Mushroom16	155	A	11250788139407100000	1	7	0		1.15		315	1	5326130756886340	532613075688634000	14151	Mushroom2	160	A	1597839227065900000	1	5	0		1.15			285	1	200718263156519	14151	Mushroom16	165	A	602154789469557	1	7	0		1.15			255	1	7564181767877	756418176787718	14151	Mushroom2	170	A	2269254530363150	1	7	0		1.15		225	1	285060486862	14151	Mushroom16	175	A	855181460586	1	7	0		1.15		195	1	10742666380	1074266638000	14151	Mushroom2	180	A	3222799914000	1	7	0		1.15		165	1	404843485	14151	Mushroom16	185	A	1214530455	1	7	0		1.15		135	1	15256757	1525675671	14151	Mushroom2	190	A	4577027013	1	7	0		1.15		105	1	574960	57495954	14151	Mushroom2	195	A	172487863	1	7	0		1.15		75	1	21668	2166768	14151	Mushroom2	200	A	6500303	1	7	0		1.15		45	1	817	81656	9143	Mushroom2	205	A	2450	5	35	1		
16		466	1	78455790395376000000000	1099164634561590000000000000000	Wood	155	A	235367371186128000 000 000	5603995	28019975	467000					436	1	2878313254944620000000	16274	Mushroom17	155	A	8634939764833850000000	1	7	0		1.15			406	1	108470870078791000000	16274	Mushroom17	155	A	325412610236372000000	1	0	0		1.15			376	1	4087786357317910000	16274	Mushroom17	155	A	12263359071953700000	1	7	0		1.15		316	1	5805482525006110	580548252500611000	16274	Mushroom2	160	A	1741644757501830000	1	5	0		1.15			286	1	218782906840606	16274	Mushroom17	165	A	656348720521817	1	7	0		1.15			256	1	8244958126986	824495812698613	16274	Mushroom2	170	A	2473487438095840	1	7	0		1.15		226	1	310715930680	16274	Mushroom17	175	A	932147792039	1	7	0		1.15		196	1	11709506354	1170950635420	16274	Mushroom2	180	A	3512851906260	1	7	0		1.15		166	1	441279399	16274	Mushroom17	185	A	1323838196	1	7	0		1.15		136	1	16629865	1662986482	16274	Mushroom2	190	A	4988959445	1	7	0		1.15		106	1	626706	62670590	16274	Mushroom2	195	A	188011771	1	7	0		1.15		76	1	23618	2361777	16274	Mushroom2	200	A	7085330	1	7	0		1.15		46	1	890	89005	10972	Mushroom2	205	A	2670	5	35	1		
16		467	1	85516811530959800000000	1318997561473900000000000000000	Wood	155	A	256550434592879000 000 000	6169536	30847680	514128					437	1	3137361447889630000000	18715	Mushroom18	155	A	9412084343668900000000	1	7	0		1.15			407	1	118233248385882000000	18715	Mushroom18	155	A	354699745157646000000	1	0	0		1.15			377	1	4455687129476520000	18715	Mushroom18	155	A	13367061388429600000	1	7	0		1.15		317	1	6327975952256660	632797595225666000	18715	Mushroom2	160	A	1898392785677000000	1	5	0		1.15			287	1	238473368456260	18715	Mushroom18	165	A	715420105368781	1	7	0		1.15			257	1	8987004358415	898700435841488	18715	Mushroom2	170	A	2696101307524460	1	7	0		1.15		227	1	338680364441	18715	Mushroom18	175	A	1016041093322	1	7	0		1.15		197	1	12763361926	1276336192608	18715	Mushroom2	180	A	3829008577823	1	7	0		1.15		167	1	480994545	18715	Mushroom18	185	A	1442983634	1	7	0		1.15		137	1	18126553	1812655265	18715	Mushroom2	190	A	5437965795	1	7	0		1.15		107	1	683109	68310943	18715	Mushroom2	195	A	204932830	1	7	0		1.15		77	1	25743	2574337	18715	Mushroom2	200	A	7723010	1	7	0		1.15		47	1	970	97015	13166	Mushroom2	205	A	2910	6	42	1		
16		468	1	93213324568746200000000	1582797073768680000000000000000	Wood	155	A	279639973706239000 000 000	6792150	33960750	566013					438	1	3419723978199700000000	21523	Mushroom19	155	A	10259171934599100000000	1	7	0		1.15			408	1	128874240740611000000	21523	Mushroom19	155	A	386622722221834000000	1	0	0		1.15			378	1	4856698971129410000	21523	Mushroom19	155	A	14570096913388200000	1	7	0		1.15		318	1	6897493787959760	689749378795977000	21523	Mushroom2	160	A	2069248136387930000	1	5	0		1.15			288	1	259935971617324	21523	Mushroom19	165	A	779807914851971	1	7	0		1.15			258	1	9795834750672	979583475067222	21523	Mushroom2	170	A	2938750425201670	1	7	0		1.15		228	1	369161597240	21523	Mushroom19	175	A	1107484791721	1	7	0		1.15		198	1	13912064499	1391206449942	21523	Mushroom2	180	A	4173619349827	1	7	0		1.15		168	1	524284054	21523	Mushroom19	185	A	1572852161	1	7	0		1.15		138	1	19757942	1975794239	21523	Mushroom2	190	A	5927382716	1	7	0		1.15		108	1	744589	74458928	21523	Mushroom2	195	A	223376785	1	7	0		1.15		78	1	28060	2806027	21523	Mushroom2	200	A	8418081	1	7	0		1.15		48	1	1057	105747	15799	Mushroom2	205	A	3172	6	42	1		
16		469	1	101602523779933000000000	1899356488522420000000000000000	Wood	155	A	304807571339800000 000 000	7477596	37387980	623133					439	1	3727499136237670000000	24751	Mushroom20	155	A	11182497408713000000000	1	7	0		1.15			409	1	140472922407266000000	24751	Mushroom20	155	A	421418767221799000000	1	0	0		1.15			379	1	5293801878531060000	24751	Mushroom20	155	A	15881405635593200000	1	7	0		1.15		319	1	7518268228876140	751826822887614000	24751	Mushroom2	160	A	2255480468662840000	1	5	0		1.15			289	1	283330209062883	24751	Mushroom20	165	A	849990627188648	1	7	0		1.15			259	1	10677459878233	1067745987823270	24751	Mushroom2	170	A	3203237963469820	1	7	0		1.15		229	1	402386140992	24751	Mushroom20	175	A	1207158422976	1	7	0		1.15		199	1	15164150304	1516415030437	24751	Mushroom2	180	A	4549245091312	1	7	0		1.15		169	1	571469618	24751	Mushroom20	185	A	1714408855	1	7	0		1.15		139	1	21536157	2153615720	24751	Mushroom2	190	A	6460847161	1	7	0		1.15		109	1	811602	81160232	24751	Mushroom2	195	A	243480695	1	7	0		1.15		79	1	30586	3058569	24751	Mushroom2	200	A	9175708	1	7	0		1.15		49	1	1153	115264	18959	Mushroom2	205	A	3458	7	49	1		
16		470	1	110746750920127000000000	2279227786226900000000000000000	Wood	155	A	332240252760382000 000 000	8232216	41161080	686018					440	1	4062974058499070000000	28464	Mushroom21	165	A	12188922175497200000000	1	7	0		1.15			410	1	153115485423920000000	28464	Mushroom21	165	A	459346456271761000000	1	0	0		1.15			380	1	5770244047598850000	28464	Mushroom21	165	A	17310732142796600000	1	7	0		1.15		320	1	8194912369475000	819491236947500000	28464	Mushroom2	170	A	2458473710842500000	1	5	0		1.15			290	1	308829927878542	28464	Mushroom21	175	A	926489783635627	1	7	0		1.15			260	1	11638431267274	1163843126727370	28464	Mushroom2	180	A	3491529380182100	1	7	0		1.15		230	1	438600893681	28464	Mushroom21	185	A	1315802681044	1	7	0		1.15		200	1	16528923832	1652892383177	28464	Mushroom2	190	A	4958677149530	1	7	0		1.15		170	1	622901884	28464	Mushroom21	195	A	1868705652	1	7	0		1.15		140	1	23474411	2347441135	28464	Mushroom2	200	A	7042323405	1	7	0		1.15		110	1	884647	88464653	28464	Mushroom2	205	A	265393958	1	7	0		1.15		80	1	33338	3333841	28464	Mushroom2	210	A	10001522	1	7	0		1.15		50	1	1256	125638	22751	Mushroom2	205	A	3769	8	56	1		
17		471	2	241427917005878000000000	2735073343472280000000000000000	Wood	155	A	724283751017633000 000 000	4531495	22657475	377625					441	2	8857283447527960000000	32733	Mushroom22	165	A	26571850342583900000000	1	7	0		1.15			411	2	333791758224147000000	32733	Mushroom22	165	A	1001375274672440000000	1	0	0		1.15			381	2	12579132023765500000	32733	Mushroom22	165	A	37737396071296500000	1	7	0		1.15		321	2	17864908965455500	1786490896545550000	32733	Mushroom2	170	A	5359472689636650000	1	5	0		1.15			291	2	673249242775222	32733	Mushroom22	175	A	2019747728325670	1	7	0		1.15			261	2	25371780162657	2537178016265660	32733	Mushroom2	180	A	7611534048796980	1	7	0		1.15		231	2	956149948225	32733	Mushroom22	185	A	2868449844676	1	7	0		1.15		201	2	36033053953	3603305395325	32733	Mushroom2	190	A	10809916185975	1	7	0		1.15		171	2	1357926107	32733	Mushroom22	195	A	4073778322	1	7	0		1.15		141	2	51174217	5117421674	32733	Mushroom2	200	A	15352265023	1	7	0		1.15		111	2	1928529	192852943	32733	Mushroom2	205	A	578558828	1	7	0		1.15		81	2	72678	7267773	32733	Mushroom2	210	A	21803318	1	7	0		1.15		51	2	2739	273890	27301	Mushroom2	205	A	8217	4	28	0		
17		472	1	263156429536407000000000	3282088012166740000000000000000	Wood	155	A	789469288609220000 000 000	4988802	24944010	415734					442	1	9654438957805480000000	37643	Mushroom23	165	A	28963316873416400000000	1	7	0		1.15			412	1	363833016464320000000	37643	Mushroom23	165	A	1091499049392960000000	1	0	0		1.15			382	1	13711253905904400000	37643	Mushroom23	165	A	41133761717713200000	1	7	0		1.15		322	1	19472750772346500	1947275077234650000	37643	Mushroom2	170	A	5841825231703950000	1	5	0		1.15			292	1	733841674624992	37643	Mushroom23	175	A	2201525023874980	1	7	0		1.15			262	1	27655240377296	2765524037729570	37643	Mushroom2	180	A	8296572113188710	1	7	0		1.15		232	1	1042203443565	37643	Mushroom23	185	A	3126610330696	1	7	0		1.15		202	1	39276028809	3927602880904	37643	Mushroom2	190	A	11782808642713	1	7	0		1.15		172	1	1480139457	37643	Mushroom23	195	A	4440418371	1	7	0		1.15		142	1	55779896	5577989625	37643	Mushroom2	200	A	16733968875	1	7	0		1.15		112	1	2102097	210209708	37643	Mushroom2	205	A	630629123	1	7	0		1.15		82	1	79219	7921872	37643	Mushroom2	210	A	23765617	1	7	0		1.15		52	1	2985	298540	32762	Mushroom2	205	A	8956	5	35	1		
17		473	1	286840508194683000000000	3938505614600090000000000000000	Wood	155	A	860521524584050000 000 000	5492259	27461295	457688					443	1	10523338464008000000000	43289	Mushroom24	165	A	31570015392023900000000	1	7	0		1.15			413	1	396577987946109000000	43289	Mushroom24	165	A	1189733963838330000000	1	0	0		1.15			383	1	14945266757435800000	43289	Mushroom24	165	A	44835800272307400000	1	7	0		1.15		323	1	21225298341857700	2122529834185770000	43289	Mushroom2	170	A	6367589502557300000	1	5	0		1.15			293	1	799887425341242	43289	Mushroom24	175	A	2399662276023720	1	7	0		1.15			263	1	30144212011252	3014421201125230	43289	Mushroom2	180	A	9043263603375690	1	7	0		1.15		233	1	1136001753486	43289	Mushroom24	185	A	3408005260459	1	7	0		1.15		203	1	42810871402	4281087140186	43289	Mushroom2	190	A	12843261420557	1	7	0		1.15		173	1	1613352008	43289	Mushroom24	195	A	4840056024	1	7	0		1.15		143	1	60800087	6080008691	43289	Mushroom2	200	A	18240026074	1	7	0		1.15		113	1	2291286	229128581	43289	Mushroom2	205	A	687385744	1	7	0		1.15		83	1	86348	8634841	43289	Mushroom2	210	A	25904522	1	7	0		1.15		53	1	3254	325409	39314	Mushroom2	205	A	9762	5	35	1		
17		474	1	312656153932205000000000	4726206737520110000000000000000	Wood	155	A	937968461796615000 000 000	6046524	30232620	503877					444	1	11470438925768700000000	49783	Mushroom25	165	A	34411316777306100000000	1	7	0		1.15			414	1	432270006861258000000	49783	Mushroom25	165	A	1296810020583770000000	1	0	0		1.15			384	1	16290340765605000000	49783	Mushroom25	165	A	48871022296815000000	1	7	0		1.15		324	1	23135575192624900	2313557519262490000	49783	Mushroom2	170	A	6940672557787460000	1	5	0		1.15			294	1	871877293621953	49783	Mushroom25	175	A	2615631880865860	1	7	0		1.15			264	1	32857191092265	3285719109226500	49783	Mushroom2	180	A	9857157327679500	1	7	0		1.15		234	1	1238241911300	49783	Mushroom25	185	A	3714725733900	1	7	0		1.15		204	1	46663849828	4666384982802	49783	Mushroom2	190	A	13999154948407	1	7	0		1.15		174	1	1758553689	49783	Mushroom25	195	A	5275661066	1	7	0		1.15		144	1	66272095	6627209473	49783	Mushroom2	200	A	19881628420	1	7	0		1.15		114	1	2497502	249750154	49783	Mushroom2	205	A	749250461	1	7	0		1.15		84	1	94120	9411976	49783	Mushroom2	210	A	28235929	1	7	0		1.15		54	1	3547	354696	47177	Mushroom2	205	A	10641	6	42	1		
17		475	1	340795207786103000000000	5671448085024130000000000000000	Wood	155	A	1022385623358310000 000 000	6656723	33283615	554727					445	1	12502778429087900000000	57250	Mushroom26	165	A	37508335287263600000000	1	7	0		1.15			415	1	471174307478772000000	57250	Mushroom26	165	A	1413522922436310000000	1	0	0		1.15			385	1	17756471434509500000	57250	Mushroom26	165	A	53269414303528400000	1	7	0		1.15		325	1	25217776959961100	2521777695996110000	57250	Mushroom2	170	A	7565333087988330000	1	5	0		1.15			295	1	950346250047929	57250	Mushroom26	175	A	2851038750143790	1	7	0		1.15			265	1	35814338290569	3581433829056890	57250	Mushroom2	180	A	10744301487170700	1	7	0		1.15		235	1	1349683683317	57250	Mushroom26	185	A	4049051049951	1	7	0		1.15		205	1	50863596313	5086359631255	57250	Mushroom2	190	A	15259078893764	1	7	0		1.15		175	1	1916823521	57250	Mushroom26	195	A	5750470562	1	7	0		1.15		145	1	72236583	7223658326	57250	Mushroom2	200	A	21670974978	1	7	0		1.15		115	1	2722277	272227668	57250	Mushroom2	205	A	816683003	1	7	0		1.15		85	1	102591	10259054	57250	Mushroom2	210	A	30777163	1	7	0		1.15		55	1	3866	386618	56612	Mushroom2	205	A	11599	6	42	1		
17		476	1	371466776486853000000000	6805737702028950000000000000000	Wood	155	A	1114400329460560000 000 000	7328503	36642515	610709					446	1	13628028487705800000000	65838	Mushroom27	165	A	40884085463117400000000	1	7	0		1.15			416	1	513579995151861000000	65838	Mushroom27	165	A	1540739985455580000000	1	0	0		1.15			386	1	19354553863615300000	65838	Mushroom27	165	A	58063661590846000000	1	7	0		1.15		326	1	27487376886357600	2748737688635760000	65838	Mushroom2	170	A	8246213065907280000	1	5	0		1.15			296	1	1035877412552240	65838	Mushroom27	175	A	3107632237656730	1	7	0		1.15			266	1	39037628736720	3903762873672010	65838	Mushroom2	180	A	11711288621016000	1	7	0		1.15		236	1	1471155214816	65838	Mushroom27	185	A	4413465644447	1	7	0		1.15		206	1	55441319981	5544131998068	65838	Mushroom2	190	A	16632395994203	1	7	0		1.15		176	1	2089337638	65838	Mushroom27	195	A	6268012913	1	7	0		1.15		146	1	78737876	7873787575	65838	Mushroom2	200	A	23621362726	1	7	0		1.15		116	1	2967282	296728158	65838	Mushroom2	205	A	890184473	1	7	0		1.15		86	1	111824	11182369	65838	Mushroom2	210	A	33547108	1	7	0		1.15		56	1	4214	421414	67934	Mushroom2	205	A	12642	7	49	1		
17		477	1	404898786370669000000000	8166885242434740000000000000000	Wood	155	A	1214696359112010000 000 000	8068076	40340380	672340					447	1	14854551051599300000000	75714	Mushroom28	165	A	44563653154797900000000	1	7	0		1.15			417	1	559802194715529000000	75714	Mushroom28	165	A	1679406584146590000000	1	0	0		1.15			387	1	21096463711340700000	75714	Mushroom28	165	A	63289391134022100000	1	7	0		1.15		327	1	29961240806129800	2996124080612980000	75714	Mushroom2	170	A	8988372241838940000	1	5	0		1.15			297	1	1129106379681940	75714	Mushroom28	175	A	3387319139045830	1	7	0		1.15			267	1	42551015323025	4255101532302490	75714	Mushroom2	180	A	12765304596907500	1	7	0		1.15		237	1	1603559184149	75714	Mushroom28	185	A	4810677552447	1	7	0		1.15		207	1	60431038779	6043103877894	75714	Mushroom2	190	A	18129311633681	1	7	0		1.15		177	1	2277378025	75714	Mushroom28	195	A	6832134075	1	7	0		1.15		147	1	85824285	8582428457	75714	Mushroom2	200	A	25747285372	1	7	0		1.15		117	1	3234337	323433692	75714	Mushroom2	205	A	970301075	1	7	0		1.15		87	1	121888	12188782	75714	Mushroom2	210	A	36566347	1	7	0		1.15		57	1	4593	459341	81521	Mushroom2	205	A	13780	8	56	1		
17		478	1	441339677144030000000000	9800262290921690000000000000000	Wood	155	A	1324019031432090000 000 000	8882286	44411430	740191					448	1	16191460646243200000000	87071	Mushroom29	165	A	48574381938729700000000	1	7	0		1.15			418	1	610184392239926000000	87071	Mushroom29	165	A	1830553176719780000000	1	0	0		1.15			388	1	22995145445361400000	87071	Mushroom29	165	A	68985436336084100000	1	7	0		1.15		328	1	32657752478681500	3265775247868150000	87071	Mushroom2	170	A	9797325743604440000	1	5	0		1.15			298	1	1230725953853320	87071	Mushroom29	175	A	3692177861559960	1	7	0		1.15			268	1	46380606702097	4638060670209710	87071	Mushroom2	180	A	13914182010629100	1	7	0		1.15		238	1	1747879510723	87071	Mushroom29	185	A	5243638532167	1	7	0		1.15		208	1	65869832269	6586983226904	87071	Mushroom2	190	A	19760949680712	1	7	0		1.15		178	1	2482342047	87071	Mushroom29	195	A	7447026142	1	7	0		1.15		148	1	93548470	9354847018	87071	Mushroom2	200	A	28064541055	1	7	0		1.15		118	1	3525427	352542724	87071	Mushroom2	205	A	1057628172	1	7	0		1.15		88	1	132858	13285773	87071	Mushroom2	210	A	39857318	1	7	0		1.15		58	1	5007	500682	97826	Mushroom2	205	A	15020	8	56	1		
17		479	1	481060248086992000000000	11760314749106000000000000000000	Wood	155	A	1443180744260980000 000 000	9778663	48893315	814889					449	1	17648692104405100000000	100131	Mushroom30	165	A	52946076313215400000000	1	7	0		1.15			419	1	665100987541520000000	100131	Mushroom30	165	A	1995302962624560000000	1	0	0		1.15			389	1	25064708535443900000	100131	Mushroom30	165	A	75194125606331700000	1	7	0		1.15		329	1	35596950201762800	3559695020176280000	100131	Mushroom2	170	A	10679085060528800000	1	5	0		1.15			299	1	1341491289700120	100131	Mushroom30	175	A	4024473869100360	1	7	0		1.15			269	1	50554861305286	5055486130528590	100131	Mushroom2	180	A	15166458391585800	1	7	0		1.15		239	1	1905188666688	100131	Mushroom30	185	A	5715566000063	1	7	0		1.15		209	1	71798117173	7179811717326	100131	Mushroom2	190	A	21539435151977	1	7	0		1.15		179	1	2705752832	100131	Mushroom30	195	A	8117258495	1	7	0		1.15		149	1	101967832	10196783250	100131	Mushroom2	200	A	30590349750	1	7	0		1.15		119	1	3842716	384271569	100131	Mushroom2	205	A	1152814708	1	7	0		1.15		89	1	144815	14481492	100131	Mushroom2	210	A	43444477	1	7	0		1.15		59	1	5457	545743	117391	Mushroom2	205	A	16372	9	63	1		
17		480	1	524355670414822000000000	14112377698927200000000000000000	Wood	155	A	1573067011244470000 000 000	10765501	53827505	897125					450	1	19237074393801600000000	115151	Mushroom31	165	A	57711223181404800000000	2	14	0		1.15			420	1	724960076420257000000	115151	Mushroom31	165	A	2174880229260770000000	2	0	0		1.15			390	1	27320532303633800000	115151	Mushroom31	165	A	81961596910901500000	2	14	0		1.15		330	1	38800675719921500	3880067571992150000	115151	Mushroom2	170	A	11640202715976400000	2	10	0		1.15			300	1	1462225505773130	115151	Mushroom31	175	A	4386676517319390	2	14	0		1.15			270	1	55104798822762	5510479882276160	115151	Mushroom2	180	A	16531439646828500	2	14	0		1.15		240	1	2076655646689	115151	Mushroom31	185	A	6229966940068	2	14	0		1.15		210	1	78259947719	7825994771885	115151	Mushroom2	190	A	23477984315654	2	14	0		1.15		180	1	2949270586	115151	Mushroom31	195	A	8847811759	2	14	0		1.15		150	1	111144937	11114493742	115151	Mushroom2	200	A	33343481227	2	14	0		1.15		120	1	4188560	418856010	115151	Mushroom2	205	A	1256568031	2	14	0		1.15		90	1	157848	15784827	115151	Mushroom2	210	A	47354480	2	14	0		1.15		60	1	5949	594860	140869	Mushroom2	205	A	17846	182	1274	21		
17		481	1	571547680752156000000000	16934853238712700000000000000000	Wood	155	A	1714643042256470000 000 000	11851927	59259635	987661					451	1	20968411089243800000000	104842055446219000000000	Stone	165	A	62905233267731300000000	2	14	0		1.04842E+23			421	1	790206483298080000000	3951032416490400000000	Potion	165	A	2370619449894240000000	2	0	0		3.95103E+21			391	1	29779380210960900000	148896901054804000000	Book	165	A	89338140632882700000	2	14	0		1.48897E+20		331	1	42292736534714400	4229273653471440000	21146368267357200000	Board	170	A	12687820960414300000	2	10	0		2.11464E+19			301	1	1593825801292710	7969129006463560	SoulCrystal	175	A	4781477403878130	2	14	0		7.96913E+15			271	1	60064230716810	6006423071681010	30032115358405100	BonesBlock	180	A	18019269215043000	2	14	0		3.00321E+16		241	1	2263554654891	11317773274457	Wax	185	A	6790663964674	2	14	0		11317773274457		211	1	85303343014	8530334301354	42651671506772	Potion2	190	A	25591002904063	2	14	0		42651671506772		181	1	3214704939	16073524696	Mushroom	195	A	9644114818	2	14	0		16073524696		151	1	121147982	12114798179	60573990896	MagicScrolls	200	A	36344394538	2	14	0		60573990896		121	1	4565531	456553051	2282765257	SoulCrystal2	205	A	1369659154	2	14	0		2282765257		91	1	172055	17205461	86027305	EvilHoney	210	A	51616383	2	14	0		86027305.46		61	1	6484	648398	3241988	Mushroom2	215	A	1945193	2	14	0		3241987.875
17		482	1	622986972019850000000000	20321823886455200000000000000000	Wood	155	A	1868960916059550000 000 000	13047993	65239965	1087333					452	1	22855568087275700000000	122665204872076000000000	Stone	165	A	68566704261827100000000	3	21	0		1.17			422	1	861325066794907000000	4622707927293770000000	Potion	165	A	2583975200384720000000	3	0	0		1.17			392	1	32459524429947400000	174209374234121000000	Book	165	A	97378573289842100000	3	21	0		1.17		332	1	46099082822838700	4609908282283870000	24741250872807900000	Board	170	A	13829724846851600000	3	15	0		1.17			302	1	1737270123409060	9323880937562360	SoulCrystal	175	A	5211810370227170	3	21	0		1.17			272	1	65470011481323	6547001148132310	35137574969333900	BonesBlock	180	A	19641003444396900	3	21	0		1.17		242	1	2467274573832	13241794731115	Wax	185	A	7401823721495	3	21	0		1.17		212	1	92980643885	9298064388476	49902455662923	Potion2	190	A	27894193165429	3	21	0		1.17		182	1	3504028384	18806023894	Mushroom	195	A	10512085151	3	21	0		1.17		152	1	132051300	13205130015	70871569349	MagicScrolls	200	A	39615390046	3	21	0		1.17		122	1	4976428	497642826	2670835351	SoulCrystal2	205	A	1492928478	3	21	0		1.17		92	1	187540	18753953	100651947	EvilHoney	210	A	56261858	3	21	0		1.17		62	1	7068	706753	3793126	Mushroom2	215	A	2120260	3	21	0		1.17
17		483	1	679055799501636000000000	24386188663746300000000000000000	Wood	155	A	2037167398504910000 000 000	14364763	71823815	1197064					453	1	24912569215130500000000	143518289700329000000000	Stone	165	A	74737707645391500000000	3	21	0		1.17			423	1	938844322806449000000	5408568274933710000000	Potion	165	A	2816532968419350000000	3	0	0		1.17			393	1	35380881628642600000	203824967853922000000	Book	165	A	106142644885928000000	3	21	0		1.17		333	1	50248000276894200	5024800027689420000	28947263521185300000	Board	170	A	15074400083068300000	3	15	0		1.17			303	1	1893624434515870	10908940696948000	SoulCrystal	175	A	5680873303547610	3	21	0		1.17			273	1	71362312514642	7136231251464210	41110962714120700	BonesBlock	180	A	21408693754392600	3	21	0		1.17		243	1	2689329285477	15492899835405	Wax	185	A	8067987856430	3	21	0		1.17		213	1	101348901834	10134890183439	58385873125620	Potion2	190	A	30404670550318	3	21	0		1.17		183	1	3819390938	22003047957	Mushroom	195	A	11458172815	3	21	0		1.17		153	1	143935917	14393591717	82919736138	MagicScrolls	200	A	43180775150	3	21	0		1.17		123	1	5424307	542430680	3124877360	SoulCrystal2	205	A	1627292041	3	21	0		1.17		93	1	204418	20441808	117762778	EvilHoney	210	A	61325425	3	21	0		1.17		63	1	7704	770361	4437957	Mushroom2	215	A	2311083	3	21	0		1.17
17		484	1	740170821456784000000000	29263426396495500000000000000000	Wood	155	A	2220512464370350000 000 000	15814418	79072090	1317868					454	1	27154700444492200000000	167916398949385000000000	Stone	165	A	81464101333476700000000	3	21	0		1.17			424	1	1023340311859030000000	6328024881672440000000	Potion	165	A	3070020935577090000000	3	0	0		1.17			394	1	38565160975220500000	238475212389089000000	Book	165	A	115695482925661000000	3	21	0		1.17		334	1	54770320301814700	5477032030181470000	33868298319786800000	Board	170	A	16431096090544400000	3	15	0		1.17			304	1	2064050633622300	12763460615429100	SoulCrystal	175	A	6192151900866900	3	21	0		1.17			274	1	77784920640960	7778492064095990	48099826375521200	BonesBlock	180	A	23335476192288000	3	21	0		1.17		244	1	2931368921169	18126692807423	Wax	185	A	8794106763508	3	21	0		1.17		214	1	110470302999	11047030299949	68311471556976	Potion2	190	A	33141090899846	3	21	0		1.17		184	1	4163136123	25743566109	Mushroom	195	A	12489408368	3	21	0		1.17		154	1	156890150	15689014971	97016091282	MagicScrolls	200	A	47067044914	3	21	0		1.17		124	1	5912494	591249442	3656106511	SoulCrystal2	205	A	1773748325	3	21	0		1.17		94	1	222816	22281571	137782451	EvilHoney	210	A	66844713	3	21	0		1.17		64	1	8397	839694	5192410	Mushroom2	215	A	2519081	3	21	0		1.17
17		485	1	806786195387894000000000	35116111675794600000000000000000	Wood	155	A	2420358586163680000 000 000	17410369	87051845	1450864					455	1	29598623484496600000000	196462186770780000000000	Stone	165	A	88795870453489600000000	3	21	0		1.17			425	1	1115440939926340000000	7403789111556750000000	Potion	165	A	3346322819779030000000	3	0	0		1.17			395	1	42036025462990300000	279015998495234000000	Book	165	A	126108076388971000000	3	21	0		1.17		335	1	59699649128978000	5969964912897800000	39625909034150500000	Board	170	A	17909894738693400000	3	15	0		1.17			305	1	2249815190648310	14933248920052100	SoulCrystal	175	A	6749445571944920	3	21	0		1.17			275	1	84785563498646	8478556349864630	56276796859359800	BonesBlock	180	A	25435669049593900	3	21	0		1.17		245	1	3195192124075	21208230584685	Wax	185	A	9585576372224	3	21	0		1.17		215	1	120412630269	12041263026944	79924421721662	Potion2	190	A	36123789080832	3	21	0		1.17		185	1	4537818374	30119972348	Mushroom	195	A	13613455121	3	21	0		1.17		155	1	171010263	17101026319	113508826800	MagicScrolls	200	A	51303078956	3	21	0		1.17		125	1	6444619	644461891	4277644618	SoulCrystal2	205	A	1933385674	3	21	0		1.17		95	1	242869	24286912	161205467	EvilHoney	210	A	72860737	3	21	0		1.17		65	1	9153	915266	6075120	Mushroom2	215	A	2745798	3	21	0		1.17
17		486	1	879396952972805000000000	42139334010953500000000000000000	Wood	155	A	2638190858918410000 000 000	19167378	95836890	1597282					456	1	32262499598101200000000	229860758521813000000000	Stone	165	A	96787498794303700000000	3	21	0		1.17			426	1	1215830624519710000000	8662433260521400000000	Potion	165	A	3647491873559140000000	3	0	0		1.17			396	1	45819267754659500000	326448718239423000000	Book	165	A	137457803263978000000	3	21	0		1.17		336	1	65072617550586000	6507261755058600000	46362313569956100000	Board	170	A	19521785265175800000	3	15	0		1.17			306	1	2452298557806650	17471901236460900	SoulCrystal	175	A	7356895673419960	3	21	0		1.17			276	1	92416264213525	9241626421352450	65843852325451000	BonesBlock	180	A	27724879264057400	3	21	0		1.17		246	1	3482759415241	24813629784082	Wax	185	A	10448278245724	3	21	0		1.17		216	1	131249766994	13124976699369	93511573414344	Potion2	190	A	39374930098107	3	21	0		1.17		186	1	4946222027	35240367647	Mushroom	195	A	14838666082	3	21	0		1.17		156	1	186401187	18640118687	132805327355	MagicScrolls	200	A	55920356062	3	21	0		1.17		126	1	7024635	702463462	5004844203	SoulCrystal2	205	A	2107390385	3	21	0		1.17		96	1	264727	26472735	188610397	EvilHoney	210	A	79418204	3	21	0		1.17		66	1	9976	997640	7107890	Mushroom2	215	A	2992920	3	21	0		1.17
17		487	1	958542678740357000000000	50567200813144200000000000000000	Wood	155	A	2875628036221070000 000 000	21101701	105508505	1758475					457	1	35166124561930400000000	268937087470521000000000	Stone	165	A	105498373685791000000000	3	21	0		1.17			427	1	1325255380726490000000	10135046914810000000000	Potion	165	A	3975766142179460000000	3	0	0		1.17			397	1	49943001852578800000	381945000340125000000	Book	165	A	149829005557736000000	3	21	0		1.17		337	1	70929153130138800	7092915313013880000	54243906876848600000	Board	170	A	21278745939041600000	3	15	0		1.17			307	1	2673005428009250	20442124446659300	SoulCrystal	175	A	8019016284027760	3	21	0		1.17			277	1	100733727992742	10073372799274200	77037307220777600	BonesBlock	180	A	30220118397822500	3	21	0		1.17		247	1	3796207762613	29031946847376	Wax	185	A	11388623287839	3	21	0		1.17		217	1	143062246023	14306224602312	109408540894783	Potion2	190	A	42918673806937	3	21	0		1.17		187	1	5391382010	41231230147	Mushroom	195	A	16174146030	3	21	0		1.17		157	1	203177294	20317729369	155382233006	MagicScrolls	200	A	60953188108	3	21	0		1.17		127	1	7656852	765685173	5855667718	SoulCrystal2	205	A	2297055519	3	21	0		1.17		97	1	288553	28855281	220674164	EvilHoney	210	A	86565842	3	21	0		1.17		67	1	10874	1087428	8316231	Mushroom2	215	A	3262283	3	21	0		1.17
17		488	1	1044811519826990000000000	60680640975773100000000000000000	Wood	155	A	3134434559480970000 000 000	23231230	116156150	1935936					458	1	38331075772504100000000	314656392340509000000000	Stone	165	A	114993227317512000000000	4	28	0		1.17			428	1	1444528364991870000000	11858004890327700000000	Potion	165	A	4333585094975610000000	4	0	0		1.17			398	1	54437872019310900000	446875650397946000000	Book	165	A	163313616057933000000	4	28	0		1.17		338	1	77312776911851300	7731277691185130000	63465371045912900000	Board	170	A	23193833073555400000	4	20	0		1.17			308	1	2913575916530090	23917285602591300	SoulCrystal	175	A	8740727749590260	4	28	0		1.17			278	1	109799763512089	10979976351208900	90133649448309800	BonesBlock	180	A	32939929053626600	4	28	0		1.17		248	1	4137866461248	33967377811429	Wax	185	A	12413599383745	4	28	0		1.17		218	1	155937848165	15593784816520	128007992846896	Potion2	190	A	46781354449561	4	28	0		1.17		188	1	5876606391	48240539272	Mushroom	195	A	17629819172	4	28	0		1.17		158	1	221463250	22146325013	181797212617	MagicScrolls	200	A	66438975038	4	28	0		1.17		128	1	8345968	834596839	6851131230	SoulCrystal2	205	A	2503790516	4	28	0		1.17		98	1	314523	31452256	258188772	EvilHoney	210	A	94356768	4	28	0		1.17		68	1	11853	1185296	9729991	Mushroom2	215	A	3555888	4	28	0		1.17
17		489	1	1138844556611420000000000	72816769170927700000000000000000	Wood	155	A	3416533669834260000 000 000	25575666	127878330	2131306					459	1	41780872592029500000000	368147979038396000000000	Stone	165	A	125342617776088000000000	4	28	0		1.17			429	1	1574535917841140000000	13873865721683500000000	Potion	165	A	4723607753523420000000	4	0	0		1.17			399	1	59337280501048900000	522844510965597000000	Book	165	A	178011841503147000000	4	28	0		1.17		339	1	84270926833917900	8427092683391790000	74254484123718100000	Board	170	A	25281278050175400000	4	20	0		1.17			309	1	3175797749017790	27983224155031900	SoulCrystal	175	A	9527393247053380	4	28	0		1.17			279	1	119681742228177	11968174222817600	105456369854522000	BonesBlock	180	A	35904522668452900	4	28	0		1.17		249	1	4510274442761	39741832039372	Wax	185	A	13530823328282	4	28	0		1.17		219	1	169972254500	16997225450007	149769351630868	Potion2	190	A	50991676350022	4	28	0		1.17		189	1	6405500966	56441430948	Mushroom	195	A	19216502898	4	28	0		1.17		159	1	241394943	24139494264	212702738762	MagicScrolls	200	A	72418482791	4	28	0		1.17		129	1	9097106	909710554	8015823539	SoulCrystal2	205	A	2729131662	4	28	0		1.17		99	1	342830	34282959	302080864	EvilHoney	210	A	102848877	4	28	0		1.17		69	1	12920	1291973	11384089	Mushroom2	215	A	3875918	4	28	0		1.17
17		490	1	1241340566706450000000000	87380123005113200000000000000000	Wood	155	A	3724021700119340000 000 000	28156697	140783485	2346391					460	1	45541151125312100000000	430733135474923000000000	Stone	165	A	136623453375936000000000	4	28	0		1.17			430	1	1716244150446840000000	16232422894369600000000	Potion	165	A	5148732451340530000000	4	0	0		1.17			400	1	64677635746143300000	611728077829749000000	Book	165	A	194032907238430000000	4	28	0		1.17		340	1	91855310248970500	9185531024897050000	86877746424750200000	Board	170	A	27556593074691200000	4	20	0		1.17			310	1	3461619546429400	32740372261387300	SoulCrystal	175	A	10384858639288200	4	28	0		1.17			280	1	130453099028712	13045309902871200	123383952729791000	BonesBlock	180	A	39135929708613700	4	28	0		1.17		250	1	4916199142609	46497943486066	Wax	185	A	14748597427827	4	28	0		1.17		220	1	185269757405	18526975740508	175230141408116	Potion2	190	A	55580927221524	4	28	0		1.17		190	1	6981996053	66036474209	Mushroom	195	A	20945988159	4	28	0		1.17		160	1	263120487	26312048747	248862204351	MagicScrolls	200	A	78936146242	4	28	0		1.17		130	1	9915845	991584504	9378513541	SoulCrystal2	205	A	2974753512	4	28	0		1.17		100	1	373684	37368425	353434610	EvilHoney	210	A	112105276	4	28	0		1.17		70	1	14083	1408250	13319384	Mushroom2	215	A	4224751	4	28	0		1.17
17		491	1	1353061217710030000000000	104856147606136000000000000000000	Wood	165	A	4059183653130080000 000 000	30998198	154990990	2583183					461	1	49639854726590200000000	503957768505660000000000	Stone	165	A	148919564179771000000000	4	28	0		1.17			431	1	1870706123987060000000	18991934786412500000000	Potion	165	A	5612118371961170000000	4	0	0		1.17			401	1	70498622963296200000	715721851060806000000	Book	165	A	211495868889889000000	4	28	0		1.17		341	1	100122288171378000	10012228817137800000	101646963316958000000	Board	170	A	30036686451413400000	4	20	0		1.17			311	1	3773165305608040	38306235545823100	SoulCrystal	175	A	11319495916824100	4	28	0		1.17			281	1	142193877941297	14219387794129700	144359224693856000	BonesBlock	180	A	42658163382389000	4	28	0		1.17		251	1	5358657065444	54402593878697	Wax	185	A	16075971196332	4	28	0		1.17		221	1	201944035572	20194403557154	205019265447495	Potion2	190	A	60583210671461	4	28	0		1.17		191	1	7610375698	77262674825	Mushroom	195	A	22831127093	4	28	0		1.17		161	1	286801331	28680133135	291168779091	MagicScrolls	200	A	86040399404	4	28	0		1.17		131	1	10808271	1080827109	10972860843	SoulCrystal2	205	A	3242481328	4	28	0		1.17		101	1	407316	40731584	413518494	EvilHoney	210	A	122194751	4	28	0		1.17		71	1	15350	1534993	15583679	Mushroom2	215	A	4604979	4	28	0		1.17
17		492	1	1474836727303930000000000	125827377127363000000000000000000	Wood	165	A	4424510181911790000 000 000	34126457	170632285	2843871					462	1	54107441651983300000000	589630589151622000000000	Stone	165	A	162322324955950000000000	5	35	1		1.17			432	1	2039069675145890000000	22220563700102600000000	Potion	165	A	6117209025437680000000	5	0	0		1.17			402	1	76843499029992900000	837394565741143000000	Book	165	A	230530497089979000000	5	35	1		1.17		342	1	109133294106802000	10913329410680200000	118926947080840000000	Board	170	A	32739988232040600000	5	25	0		1.17			312	1	4112750183112770	44818295588613000	SoulCrystal	175	A	12338250549338300	5	35	1		1.17			282	1	154991326956013	15499132695601300	168900292891811000	BonesBlock	180	A	46497398086804000	5	35	1		1.17		252	1	5840936201334	63651034838075	Wax	185	A	17522808604002	5	35	1		1.17		222	1	220118998773	22011899877297	239872540573569	Potion2	190	A	66035699631892	5	35	1		1.17		192	1	8295309510	90397329545	Mushroom	195	A	24885928531	5	35	1		1.17		162	1	312613451	31261345117	340667471536	MagicScrolls	200	A	93784035350	5	35	1		1.17		132	1	11781015	1178101549	12838247186	SoulCrystal2	205	A	3534304648	5	35	1		1.17		102	1	443974	44397426	483816638	EvilHoney	210	A	133192278	5	35	1		1.17		72	1	16731	1673142	18232905	Mushroom2	215	A	5019427	5	35	1		1.17
17		493	1	1607572032761280000000000	150992852552836000000000000000000	Wood	165	A	4822716098283850000 000 000	37570411	187852055	3130868					463	1	58977111400661800000000	689867789307398000000000	Stone	165	A	176931334201986000000000	5	35	1		1.17			433	1	2222585945909020000000	25998059529120000000000	Potion	165	A	6667757837727070000000	5	0	0		1.17			403	1	83759413942692200000	979751641917137000000	Book	165	A	251278241828077000000	5	35	1		1.17		343	1	118955290576414000	11895529057641400000	139144528084583000000	Board	170	A	35686587172924200000	5	25	0		1.17			313	1	4482897699592910	52437405838677300	SoulCrystal	175	A	13448693098778700	5	35	1		1.17			283	1	168940546382054	16894054638205400	197613342683419000	BonesBlock	180	A	50682163914616300	5	35	1		1.17		253	1	6366620459454	74471710760548	Wax	185	A	19099861378362	5	35	1		1.17		223	1	239929708663	23992970866254	280650872471076	Potion2	190	A	71978912598763	5	35	1		1.17		193	1	9041887366	105764875567	Mushroom	195	A	27125662099	5	35	1		1.17		163	1	340748662	34074866177	398580941698	MagicScrolls	200	A	102224598532	5	35	1		1.17		133	1	12841307	1284130689	15020749207	SoulCrystal2	205	A	3852392066	5	35	1		1.17		103	1	483932	48393194	566065467	EvilHoney	210	A	145179583	5	35	1		1.17		73	1	18237	1823725	21332499	Mushroom2	215	A	5471175	5	35	1		1.17
17		494	1	1752253515709800000000000	181191423063403000000000000000000	Wood	165	A	5256760547129400000 000 000	41361920	206809600	3446827					464	1	64285051426721400000000	807145313489656000000000	Stone	165	A	192855154280164000000000	5	35	1		1.17			434	1	2422618681040840000000	30417729649070400000000	Potion	165	A	7267856043122510000000	5	0	0		1.17			404	1	91297761197534600000	1146309421043050000000	Book	165	A	273893283592604000000	5	35	1		1.17		344	1	129661266728291000	12966126672829100000	162799097858962000000	Board	170	A	38898380018487400000	5	25	0		1.17			314	1	4886358492556280	61351764831252400	SoulCrystal	175	A	14659075477668800	5	35	1		1.17			284	1	184145195556439	18414519555643900	231207610939600000	BonesBlock	180	A	55243558666931800	5	35	1		1.17		254	1	6939616300805	87131901589841	Wax	185	A	20818848902414	5	35	1		1.17		224	1	261523382442	26152338244217	328361520791159	Potion2	190	A	78457014732651	5	35	1		1.17		194	1	9855657229	123744904414	Mushroom	195	A	29566971688	5	35	1		1.17		164	1	371416041	37141604133	466339701786	MagicScrolls	200	A	111424812400	5	35	1		1.17		134	1	13997025	1399702451	17574276573	SoulCrystal2	205	A	4199107352	5	35	1		1.17		104	1	527486	52748582	662296596	EvilHoney	210	A	158245746	5	35	1		1.17		74	1	19879	1987860	24959023	Mushroom2	215	A	5963581	5	35	1		1.17
17		495	1	1909956332123680000000000	217429707676083000000000000000000	Wood	165	A	5729868996371040000 000 000	45536059	227680295	3794672					465	1	70070706055126300000000	944360016782897000000000	Stone	165	A	210212118165379000000000	6	42	1		1.17			435	1	2640654362334510000000	35588743689412400000000	Potion	165	A	7921963087003530000000	6	0	0		1.17			405	1	99514559705312700000	1341182022620370000000	Book	165	A	298543679115938000000	6	42	1		1.17		345	1	141330780733838000	14133078073383800000	190474944494986000000	Board	170	A	42399234220151300000	6	30	1		1.17			315	1	5326130756886340	71781564852565300	SoulCrystal	175	A	15978392270659000	6	42	1		1.17			285	1	200718263156519	20071826315651900	270512904799333000	BonesBlock	180	A	60215478946955700	6	42	1		1.17		255	1	7564181767877	101944324860114	Wax	185	A	22692545303632	6	42	1		1.17		225	1	285060486862	28506048686197	384182979325656	Potion2	190	A	85518146058590	6	42	1		1.17		195	1	10742666380	144781538164	Mushroom	195	A	32227999140	6	42	1		1.17		165	1	404843485	40484348505	545617451090	MagicScrolls	200	A	121453045516	6	42	1		1.17		135	1	15256757	1525675671	20561903590	SoulCrystal2	205	A	4577027013	6	42	1		1.17		105	1	574960	57495954	774887017	EvilHoney	210	A	172487863	6	42	1		1.17		75	1	21668	2166768	29202057	Mushroom2	215	A	6500303	6	42	1		1.17
17		496	1	2081852402014810000000000	260915649211300000000000000000000	Wood	165	A	6245557206044440000 000 000	50131441	250657205	4177620					466	1	76377069600087700000000	1104901219635990000000000	Stone	165	A	229131208800263000000000	6	42	1		1.17			436	1	2878313254944620000000	41638830116612500000000	Potion	165	A	8634939764833850000000	6	0	0		1.17			406	1	108470870078791000000	1569182966465830000000	Book	165	A	325412610236372000000	6	42	1		1.17		346	1	154050550999883000	15405055099988300000	222855685059134000000	Board	170	A	46215165299964900000	6	30	1		1.17			316	1	5805482525006110	83984430877501400	SoulCrystal	175	A	17416447575018300	6	42	1		1.17			286	1	218782906840606	21878290684060600	316500098615219000	BonesBlock	180	A	65634872052181700	6	42	1		1.17		256	1	8244958126986	119274860086334	Wax	185	A	24734874380958	6	42	1		1.17		226	1	310715930680	31071593067954	449494085811018	Potion2	190	A	93214779203863	6	42	1		1.17		196	1	11709506354	169394399652	Mushroom	195	A	35128519063	6	42	1		1.17		166	1	441279399	44127939871	638372417775	MagicScrolls	200	A	132383819612	6	42	1		1.17		136	1	16629865	1662986482	24057427200	SoulCrystal2	205	A	4988959445	6	42	1		1.17		106	1	626706	62670590	906617810	EvilHoney	210	A	188011771	6	42	1		1.17		76	1	23618	2361777	34166407	Mushroom2	215	A	7085330	6	42	1		1.17
17		497	1	2269219118196150000000000	313098779053560000000000000000000	Wood	165	A	6807657354588440000 000 000	55190577	275952885	4599215					467	1	83251005864095600000000	1292734426974110000000000	Stone	165	A	249753017592287000000000	7	49	1		1.17			437	1	3137361447889630000000	48717431236436700000000	Potion	165	A	9412084343668900000000	7	0	0		1.17			407	1	118233248385882000000	1835944070765020000000	Book	165	A	354699745157646000000	7	49	1		1.17		347	1	167915100589872000	16791510058987200000	260741151519186000000	Board	170	A	50374530176961700000	7	35	1		1.17			317	1	6327975952256660	98261784126676600	SoulCrystal	175	A	18983927856770000	7	49	1		1.17			287	1	238473368456260	23847336845626000	370305115379806000	BonesBlock	180	A	71542010536878000	7	49	1		1.17		257	1	8987004358415	139551586301010	Wax	185	A	26961013075245	7	49	1		1.17		227	1	338680364441	33868036444070	525908080398891	Potion2	190	A	101604109332211	7	49	1		1.17		197	1	12763361926	198191447593	Mushroom	195	A	38290085778	7	49	1		1.17		167	1	480994545	48099454459	746895728797	MagicScrolls	200	A	144298363377	7	49	1		1.17		137	1	18126553	1812655265	28147189824	SoulCrystal2	205	A	5437965795	7	49	1		1.17		107	1	683109	68310943	1060742838	EvilHoney	210	A	204932830	7	49	1		1.17		77	1	25743	2574337	39974696	Mushroom2	215	A	7723010	7	49	1		1.17
17		498	1	2473448838833800000000000	375718534864272000000000000000000	Wood	165	A	7420346516501400000 000 000	60760268	303801340	5063356					468	1	90743596391864200000000	1512499279559710000000000	Stone	165	A	272230789175593000000000	7	49	1		1.17			438	1	3419723978199700000000	56999394546630900000000	Potion	165	A	10259171934599100000000	7	0	0		1.17			408	1	128874240740611000000	2148054562795080000000	Book	165	A	386622722221834000000	7	49	1		1.17		348	1	183027459642961000	18302745964296100000	305067147277448000000	Board	170	A	54908237892888300000	7	35	1		1.17			318	1	6897493787959760	114966287428212000	SoulCrystal	175	A	20692481363879300	7	49	1		1.17			288	1	259935971617324	25993597161732400	433256984994373000	BonesBlock	180	A	77980791485197100	7	49	1		1.17		258	1	9795834750672	163275355972182	Wax	185	A	29387504252017	7	49	1		1.17		228	1	369161597240	36916159724037	615312454066702	Potion2	190	A	110748479172110	7	49	1		1.17		198	1	13912064499	231883993684	Mushroom	195	A	41736193498	7	49	1		1.17		168	1	524284054	52428405360	873868002692	MagicScrolls	200	A	157285216081	7	49	1		1.17		138	1	19757942	1975794239	32932212094	SoulCrystal2	205	A	5927382716	7	49	1		1.17		108	1	744589	74458928	1241069120	EvilHoney	210	A	223376785	7	49	1		1.17		78	1	28060	2806027	46770395	Mushroom2	215	A	8418081	7	49	1		1.17
17		499	1	2696059234328840000000000	450862241837126000000000000000000	Wood	165	A	8088177702986520000 000 000	66892038	334460190	5574337					469	1	98910520067132000000000	1769624157084860000000000	Stone	165	A	296731560201396000000000	7	49	1		1.17			439	1	3727499136237670000000	66689291619558100000000	Potion	165	A	11182497408713000000000	7	0	0		1.17			409	1	140472922407266000000	2513223838470240000000	Book	165	A	421418767221799000000	7	49	1		1.17		349	1	199499931010827000	19949993101082700000	356928562314614000000	Board	170	A	59849979303248200000	7	35	1		1.17			319	1	7518268228876140	134510556291008000	SoulCrystal	175	A	22554804686628400	7	49	1		1.17			289	1	283330209062883	28333020906288300	506910672443417000	BonesBlock	180	A	84999062718864800	7	49	1		1.17		259	1	10677459878233	191032166487453	Wax	185	A	32032379634698	7	49	1		1.17		229	1	402386140992	40238614099200	719915571258041	Potion2	190	A	120715842297599	7	49	1		1.17		199	1	15164150304	271304272610	Mushroom	195	A	45492450913	7	49	1		1.17		169	1	571469618	57146961843	1022425563150	MagicScrolls	200	A	171440885529	7	49	1		1.17		139	1	21536157	2153615720	38530688150	SoulCrystal2	205	A	6460847161	7	49	1		1.17		109	1	811602	81160232	1452050871	EvilHoney	210	A	243480695	7	49	1		1.17		79	1	30586	3058569	54721362	Mushroom2	215	A	9175708	7	49	1		1.17
17		500	1	2938704565418440000000000	541034690204552000000000000000000	Wood	165	A	8816113696255310000 000 000	73642611	368213055	6136884					470	1	107812466873174000000000	2070460263789280000000000	Stone	165	A	323437400619522000000000	8	56	1		1.17			440	1	4062974058499070000000	78026471194883000000000	Potion	165	A	12188922175497200000000	8	0	0		1.17			410	1	153115485423920000000	2940471891010180000000	Book	165	A	459346456271761000000	8	56	1		1.17		350	1	217454924801802000	21745492480180200000	417606417908099000000	Board	170	A	65236477440540600000	8	40	1		1.17			320	1	8194912369475000	157377350860479000	SoulCrystal	175	A	24584737108425000	8	56	1		1.17			290	1	308829927878542	30882992787854200	593085486758798000	BonesBlock	180	A	92648978363562700	8	56	1		1.17		260	1	11638431267274	223507634790320	Wax	185	A	34915293801821	8	56	1		1.17		230	1	438600893681	43860089368128	842301218371908	Potion2	190	A	131580268104383	8	56	1		1.17		200	1	16528923832	317425998954	Mushroom	195	A	49586771495	8	56	1		1.17		170	1	622901884	62290188409	1196237908886	MagicScrolls	200	A	186870565226	8	56	1		1.17		140	1	23474411	2347441135	45080905136	SoulCrystal2	205	A	7042323405	8	56	1		1.17		110	1	884647	88464653	1698899519	EvilHoney	210	A	265393958	8	56	1		1.17		80	1	33338	3333841	64023993	Mushroom2	215	A	10001522	8	56	1		1.17
		501	2	6406375952612190000000000	649241628245462000000000000000000	Wood	165	A	19219127857836600000 000 000	0	0	0					471	2	235031177783519000000000	2422438508633460000000000	Stone	165	A	705093533350558000000000	5	35	1		1.17			441	2	8857283447527960000000	91290971298013100000000	Potion	165	A	26571850342583900000000	5	0	0		1.17			411	2	333791758224147000000	3440352112481910000000	Book	165	A	1001375274672440000000	5	35	1		1.17		351	2	474051736067928000	47405173606792800000	488599508952475000000	Board	170	A	142215520820378000000	5	25	0		1.17			321	2	17864908965455500	184131500506760000	SoulCrystal	175	A	53594726896366500	5	35	1		1.17			291	2	673249242775222	67324924277522200	693910019507793000	BonesBlock	180	A	201974772832567000	5	35	1		1.17		261	2	25371780162657	261503932704675	Wax	185	A	76115340487970	5	35	1		1.17		231	2	956149948225	95614994822519	985492425495133	Potion2	190	A	286844984467556	5	35	1		1.17		201	2	36033053953	371388418776	Mushroom	195	A	108099161860	5	35	1		1.17		171	2	1357926107	135792610731	1399598353396	MagicScrolls	200	A	407377832193	5	35	1		1.17		141	2	51174217	5117421674	52744659009	SoulCrystal2	205	A	15352265023	5	35	1		1.17		111	2	1928529	192852943	1987712437	EvilHoney	210	A	578558828	5	35	1		1.17		81	2	72678	7267773	74908072	Mushroom2	215	A	21803318	5	35	1		1.17
																	472	1	256183983784036000000000	2834253055101150000000000	Stone	165	A	768551951352108000000000	5	35	1		1.17			442	1	9654438957805480000000	106810436418675000000000	Potion	165	A	28963316873416400000000	5	0	0		1.17			412	1	363833016464320000000	4025211971603840000000	Book	165	A	1091499049392960000000	5	35	1		1.17		352	1	516716392314042000	51671639231404200000	571661425474396000000	Board	170	A	155014917694213000000	5	25	0		1.17			322	1	19472750772346500	215433855592910000	SoulCrystal	175	A	58418252317039500	5	35	1		1.17			292	1	733841674624992	73384167462499200	811874722824118000	BonesBlock	180	A	220152502387498000	5	35	1		1.17		262	1	27655240377296	305959601264469	Wax	185	A	82965721131887	5	35	1		1.17		232	1	1042203443565	104220344356545	1153026137829310	Potion2	190	A	312661033069636	5	35	1		1.17		202	1	39276028809	434524449968	Mushroom	195	A	117828086427	5	35	1		1.17		172	1	1480139457	148013945697	1637530073474	MagicScrolls	200	A	444041837090	5	35	1		1.17		142	1	55779896	5577989625	61711251041	SoulCrystal2	205	A	16733968875	5	35	1		1.17		112	1	2102097	210209708	2325623551	EvilHoney	210	A	630629123	5	35	1		1.17		82	1	79219	7921872	87642445	Mushroom2	215	A	23765617	5	35	1		1.17
																	473	1	279240542324599000000000	3316076074468340000000000	Stone	165	A	837721626973797000000000	5	35	1		1.17			443	1	10523338464008000000000	124968210609850000000000	Potion	165	A	31570015392023900000000	5	0	0		1.17			413	1	396577987946109000000	4709498006776490000000	Book	165	A	1189733963838330000000	5	35	1		1.17		353	1	563220867622305000	56322086762230600000	668843867805044000000	Board	170	A	168966260286692000000	5	25	0		1.17			323	1	21225298341857700	252057611043704000	SoulCrystal	175	A	63675895025573000	5	35	1		1.17			293	1	799887425341242	79988742534124200	949893425704218000	BonesBlock	180	A	239966227602372000	5	35	1		1.17		263	1	30144212011252	357972733479429	Wax	185	A	90432636033757	5	35	1		1.17		233	1	1136001753486	113600175348634	1349040581260290	Potion2	190	A	340800526045903	5	35	1		1.17		203	1	42810871402	508393606462	Mushroom	195	A	128432614206	5	35	1		1.17		173	1	1613352008	161335200809	1915910185964	MagicScrolls	200	A	484005602428	5	35	1		1.17		143	1	60800087	6080008691	72202163718	SoulCrystal2	205	A	18240026074	5	35	1		1.17		113	1	2291286	229128581	2720979555	EvilHoney	210	A	687385744	5	35	1		1.17		83	1	86348	8634841	102541660	Mushroom2	215	A	25904522	5	35	1		1.17
																	474	1	304372191133813000000000	3879809007127960000000000	Stone	165	A	913116573401439000000000	5	35	1		1.17			444	1	11470438925768700000000	146212806413525000000000	Potion	165	A	34411316777306100000000	5	0	0		1.17			414	1	432270006861258000000	5510112667928490000000	Book	165	A	1296810020583770000000	5	35	1		1.17		354	1	613910745708313000	61391074570831300000	782547325331901000000	Board	170	A	184173223712494000000	5	25	0		1.17			324	1	23135575192624900	294907404921134000	SoulCrystal	175	A	69406725577874600	5	35	1		1.17			294	1	871877293621953	87187729362195300	1111375308073930000	BonesBlock	180	A	261563188086586000	5	35	1		1.17		264	1	32857191092265	418828098170932	Wax	185	A	98571573276795	5	35	1		1.17		234	1	1238241911300	123824191130012	1578377480074540	Potion2	190	A	371472573390035	5	35	1		1.17		204	1	46663849828	594820519561	Mushroom	195	A	139991549484	5	35	1		1.17		174	1	1758553689	175855368882	2241614917578	MagicScrolls	200	A	527566106647	5	35	1		1.17		144	1	66272095	6627209473	84476531550	SoulCrystal2	205	A	19881628420	5	35	1		1.17		114	1	2497502	249750154	3183546080	EvilHoney	210	A	749250461	5	35	1		1.17		84	1	94120	9411976	119973742	Mushroom2	215	A	28235929	5	35	1		1.17
																	475	1	331765688335856000000000	4539376538339710000000000	Stone	165	A	995297065007569000000000	6	42	1		1.17			445	1	12502778429087900000000	171068983503824000000000	Potion	165	A	37508335287263600000000	6	0	0		1.17			415	1	471174307478772000000	6446831821476330000000	Book	165	A	1413522922436310000000	6	42	1		1.17		355	1	669162712822061000	66916271282206100000	915580370638324000000	Board	170	A	200748813846618000000	6	30	1		1.17			325	1	25217776959961100	345041663757727000	SoulCrystal	175	A	75653330879883300	6	42	1		1.17			295	1	950346250047929	95034625004792900	1300309110446500000	BonesBlock	180	A	285103875014379000	6	42	1		1.17		265	1	35814338290569	490028874859990	Wax	185	A	107443014871707	6	42	1		1.17		235	1	1349683683317	134968368331713	1846701651687210	Potion2	190	A	404905104995138	6	42	1		1.17		205	1	50863596313	695940007886	Mushroom	195	A	152590788938	6	42	1		1.17		175	1	1916823521	191682352082	2622689453566	MagicScrolls	200	A	575047056245	6	42	1		1.17		145	1	72236583	7223658326	98837541913	SoulCrystal2	205	A	21670974978	6	42	1		1.17		115	1	2722277	272227668	3724748913	EvilHoney	210	A	816683003	6	42	1		1.17		85	1	102591	10259054	140369279	Mushroom2	215	A	30777163	6	42	1		1.17
																	476	1	361624600286083000000000	5311070549857460000000000	Stone	165	A	1084873800858250000000000	6	42	1		1.17			446	1	13628028487705800000000	200150710699474000000000	Potion	165	A	40884085463117400000000	6	0	0		1.17			416	1	513579995151861000000	7542793231127310000000	Book	165	A	1540739985455580000000	6	42	1		1.17		356	1	729387356976047000	72938735697604700000	1071229033646840000000	Board	170	A	218816207092814000000	6	30	1		1.17			326	1	27487376886357600	403698746596540000	SoulCrystal	175	A	82462130659072800	6	42	1		1.17			296	1	1035877412552240	103587741255224000	1521361659222410000	BonesBlock	180	A	310763223765673000	6	42	1		1.17		266	1	39037628736720	573333783586189	Wax	185	A	117112886210160	6	42	1		1.17		236	1	1471155214816	147115521481567	2160640932474030	Potion2	190	A	441346564444700	6	42	1		1.17		206	1	55441319981	814249809227	Mushroom	195	A	166323959942	6	42	1		1.17		176	1	2089337638	208933763769	3068546660673	MagicScrolls	200	A	626801291307	6	42	1		1.17		146	1	78737876	7873787575	115639924038	SoulCrystal2	205	A	23621362726	6	42	1		1.17		116	1	2967282	296728158	4357956228	EvilHoney	210	A	890184473	6	42	1		1.17		86	1	111824	11182369	164232056	Mushroom2	215	A	33547108	6	42	1		1.17
																	477	1	394170814311831000000000	6213952543333230000000000	Stone	165	A	1182512442935490000000000	7	49	1		1.17			447	1	14854551051599300000000	234176331518384000000000	Potion	165	A	44563653154797900000000	7	0	0		1.17			417	1	559802194715529000000	8825068080418950000000	Book	165	A	1679406584146590000000	7	49	1		1.17		357	1	795032219103891000	79503221910389100000	1253337969366800000000	Board	170	A	238509665731167000000	7	35	1		1.17			327	1	29961240806129800	472327533517952000	SoulCrystal	175	A	89883722418389400	7	49	1		1.17			297	1	1129106379681940	112910637968194000	1779993141290220000	BonesBlock	180	A	338731913904583000	7	49	1		1.17		267	1	42551015323025	670800526795841	Wax	185	A	127653045969075	7	49	1		1.17		237	1	1603559184149	160355918414908	2527949890994620	Potion2	190	A	481067755244723	7	49	1		1.17		207	1	60431038779	952672276795	Mushroom	195	A	181293116337	7	49	1		1.17		177	1	2277378025	227737802508	3590199592987	MagicScrolls	200	A	683213407525	7	49	1		1.17		147	1	85824285	8582428457	135298711125	SoulCrystal2	205	A	25747285372	7	49	1		1.17		117	1	3234337	323433692	5098808787	EvilHoney	210	A	970301075	7	49	1		1.17		87	1	121888	12188782	192151506	Mushroom2	215	A	36566347	7	49	1		1.17
																	478	1	429646187599896000000000	7270324475699880000000000	Stone	165	A	1288938562799690000000000	7	49	1		1.17			448	1	16191460646243200000000	273986307876510000000000	Potion	165	A	48574381938729700000000	7	0	0		1.17			418	1	610184392239926000000	10325329654090200000000	Book	165	A	1830553176719780000000	7	49	1		1.17		358	1	866585118823241000	86658511882324200000	1466405424159160000000	Board	170	A	259975535646973000000	7	35	1		1.17			328	1	32657752478681500	552623214216004000	SoulCrystal	175	A	97973257436044400	7	49	1		1.17			298	1	1230725953853320	123072595385332000	2082591975309560000	BonesBlock	180	A	369217786155996000	7	49	1		1.17		268	1	46380606702097	784836616351134	Wax	185	A	139141820106291	7	49	1		1.17		238	1	1747879510723	174787951072249	2957701372463700	Potion2	190	A	524363853216748	7	49	1		1.17		208	1	65869832269	1114626563850	Mushroom	195	A	197609496807	7	49	1		1.17		178	1	2482342047	248234204734	4200533523795	MagicScrolls	200	A	744702614202	7	49	1		1.17		148	1	93548470	9354847018	158299492016	SoulCrystal2	205	A	28064541055	7	49	1		1.17		118	1	3525427	352542724	5965606281	EvilHoney	210	A	1057628172	7	49	1		1.17		88	1	132858	13285773	224817262	Mushroom2	215	A	39857318	7	49	1		1.17
																	479	1	468314344483887000000000	8506279636568860000000000	Stone	165	A	1404943033451660000000000	8	56	1		1.17			449	1	17648692104405100000000	320563980215516000000000	Potion	165	A	52946076313215400000000	8	0	0		1.17			419	1	665100987541520000000	12080635695285500000000	Book	165	A	1995302962624560000000	8	56	1		1.17		359	1	944577779517333000	94457777951733400000	1715694346266210000000	Board	170	A	283373333855200000000	8	40	1		1.17			329	1	35596950201762800	646569160632724000	SoulCrystal	175	A	106790850605288000	8	56	1		1.17			299	1	1341491289700120	134149128970012000	2436632611112180000	BonesBlock	180	A	402447386910036000	8	56	1		1.17		269	1	50554861305286	918258841130826	Wax	185	A	151664583915858	8	56	1		1.17		239	1	1905188666688	190518866668752	3460510605782530	Potion2	190	A	571556600006256	8	56	1		1.17		209	1	71798117173	1304113079705	Mushroom	195	A	215394351520	8	56	1		1.17		179	1	2705752832	270575283160	4914624222840	MagicScrolls	200	A	811725849480	8	56	1		1.17		149	1	101967832	10196783250	185210405659	SoulCrystal2	205	A	30590349750	8	56	1		1.17		119	1	3842716	384271569	6979759349	EvilHoney	210	A	1152814708	8	56	1		1.17		89	1	144815	14481492	263036196	Mushroom2	215	A	43444477	8	56	1		1.17
																	480	1	510462635487436000000000	9952347174785560000000000	Stone	175	A	1531387906462310000000000	8	56	1		1.17			450	1	19237074393801600000000	375059856852154000000000	Potion	175	A	57711223181404800000000	8	0	0		1.17			420	1	724960076420257000000	14134343763484000000000	Book	175	A	2174880229260770000000	8	56	1		1.17		360	1	1029589779673890000	102958977967389000000	2007362385131470000000	Board	180	A	308876933902168000000	8	40	1		1.17			330	1	38800675719921500	756485917940287000	SoulCrystal	185	A	116402027159764000	8	56	1		1.17			300	1	1462225505773130	146222550577313000	2850860155001250000	BonesBlock	190	A	438667651731939000	8	56	1		1.17		270	1	55104798822762	1074362844123070	Wax	195	A	165314396468285	8	56	1		1.17		240	1	2076655646689	207665564668940	4048797408765560	Potion2	200	A	622996694006819	8	56	1		1.17		210	1	78259947719	1525812303255	Mushroom	205	A	234779843157	8	56	1		1.17		180	1	2949270586	294927058645	5750110340723	MagicScrolls	210	A	884781175934	8	56	1		1.17		150	1	111144937	11114493742	216696174621	SoulCrystal2	215	A	33343481227	8	56	1		1.17		120	1	4188560	418856010	8166318438	EvilHoney	220	A	1256568031	8	56	1		1.17		90	1	157848	15784827	307752349	Mushroom2	225	A	47354480	8	56	1		1.17
																	481	1	556404272681306000000000	11644246194499100000000000	Stone	175	A	1669212818043920000000000	9	63	1		1.17			451	1	20968411089243800000000	438820032517020000000000	Potion	175	A	62905233267731300000000	9	0	0		1.17			421	1	790206483298080000000	16537182203276300000000	Book	175	A	2370619449894240000000	9	63	1		1.17		361	1	1122252859844540000	112225285984454000000	2348613990603820000000	Board	180	A	336675857953363000000	9	45	1		1.17			331	1	42292736534714400	885088523990136000	SoulCrystal	185	A	126878209604143000	9	63	1		1.17			301	1	1593825801292710	159382580129271000	3335506381351460000	BonesBlock	190	A	478147740387813000	9	63	1		1.17		271	1	60064230716810	1257004527623990	Wax	195	A	180192692150431	9	63	1		1.17		241	1	2263554654891	226355465489144	4737092968255710	Potion2	200	A	679066396467433	9	63	1		1.17		211	1	85303343014	1785200394808	Mushroom	205	A	255910029041	9	63	1		1.17		181	1	3214704939	321470493923	6727629098645	MagicScrolls	210	A	964411481768	9	63	1		1.17		151	1	121147982	12114798179	253534524306	SoulCrystal2	215	A	36344394538	9	63	1		1.17		121	1	4565531	456553051	9554592572	EvilHoney	220	A	1369659154	9	63	1		1.17		91	1	172055	17205461	360070249	Mushroom2	225	A	51616383	9	63	1		1.17
																	482	1	606480657222623000000000	13623768047564000000000000	Stone	175	A	1819441971667870000000000	9	63	1		1.17			452	1	22855568087275700000000	513419438044914000000000	Potion	175	A	68566704261827100000000	9	0	0		1.17			422	1	861325066794907000000	19348503177833300000000	Book	175	A	2583975200384720000000	9	63	1		1.17		362	1	1223255617230550000	122325561723055000000	2747878369006470000000	Board	180	A	366976685169166000000	9	45	1		1.17			332	1	46099082822838700	1035553573068460000	SoulCrystal	185	A	138297248468516000	9	63	1		1.17			302	1	1737270123409060	173727012340906000	3902542466181210000	BonesBlock	190	A	521181037022717000	9	63	1		1.17		272	1	65470011481323	1470695297320070	Wax	195	A	196410034443969	9	63	1		1.17		242	1	2467274573832	246727457383167	5542398772859180	Potion2	200	A	740182372149502	9	63	1		1.17		212	1	92980643885	2088684461925	Mushroom	205	A	278941931654	9	63	1		1.17		182	1	3504028384	350402838376	7871326045415	MagicScrolls	210	A	1051208515127	9	63	1		1.17		152	1	132051300	13205130015	296635393439	SoulCrystal2	215	A	39615390046	9	63	1		1.17		122	1	4976428	497642826	11178873310	EvilHoney	220	A	1492928478	9	63	1		1.17		92	1	187540	18753953	421282191	Mushroom2	225	A	56261858	9	63	1		1.17
																	483	1	661063916372659000000000	15939808615649800000000000	Stone	175	A	1983191749117980000000000	10	70	1		1.17			453	1	24912569215130500000000	600700742512549000000000	Potion	175	A	74737707645391500000000	10	0	0		1.17			423	1	938844322806449000000	22637748718065000000000	Book	175	A	2816532968419350000000	10	70	1		1.17		363	1	1333348622781300000	133334862278130000000	3215017691737570000000	Board	180	A	400004586834391000000	10	50	1		1.17			333	1	50248000276894200	1211597680490100000	SoulCrystal	185	A	150744000830683000	10	70	1		1.17			303	1	1893624434515870	189362443451587000	4565974685432020000	BonesBlock	190	A	568087330354761000	10	70	1		1.17		273	1	71362312514642	1720713497864480	Wax	195	A	214086937543927	10	70	1		1.17		243	1	2689329285477	268932928547652	6484606564245230	Potion2	200	A	806798785642957	10	70	1		1.17		213	1	101348901834	2443760820453	Mushroom	205	A	304046705503	10	70	1		1.17		183	1	3819390938	381939093829	9209451473136	MagicScrolls	210	A	1145817281488	10	70	1		1.17		153	1	143935917	14393591717	347063410323	SoulCrystal2	215	A	43180775150	10	70	1		1.17		123	1	5424307	542430680	13079281772	EvilHoney	220	A	1627292041	10	70	1		1.17		93	1	204418	20441808	492900163	Mushroom2	225	A	61325425	10	70	1		1.17
																	484	1	720559668846199000000000	18649576080310300000000000	Stone	175	A	2161679006538600000000000	11	77	1		1.17			454	1	27154700444492200000000	702819868739683000000000	Potion	175	A	81464101333476700000000	11	0	0		1.17			424	1	1023340311859030000000	26486166000136000000000	Book	175	A	3070020935577090000000	11	77	1		1.17		364	1	1453349998831620000	145334999883162000000	3761570699332960000000	Board	180	A	436004999649486000000	11	55	1		1.17			334	1	54770320301814700	1417569286173410000	SoulCrystal	185	A	164310960905444000	11	77	1		1.17			304	1	2064050633622300	206405063362230000	5342190381955460000	BonesBlock	190	A	619215190086690000	11	77	1		1.17		274	1	77784920640960	2013234792501440	Wax	195	A	233354761922880	11	77	1		1.17		244	1	2931368921169	293136892116941	7586989680166920	Potion2	200	A	879410676350823	11	77	1		1.17		214	1	110470302999	2859200159930	Mushroom	205	A	331410908998	11	77	1		1.17		184	1	4163136123	416313612274	10775058223569	MagicScrolls	210	A	1248940836822	11	77	1		1.17		154	1	156890150	15689014971	406064190078	SoulCrystal2	215	A	47067044914	11	77	1		1.17		124	1	5912494	591249442	15302759674	EvilHoney	220	A	1773748325	11	77	1		1.17		94	1	222816	22281571	576693191	Mushroom2	225	A	66844713	11	77	1		1.17
																	485	1	785410039042357000000000	21820004013963000000000000	Stone	175	A	2356230117127070000000000	11	77	1		1.17			455	1	29598623484496600000000	822299246425429000000000	Potion	175	A	88795870453489600000000	11	0	0		1.17			425	1	1115440939926340000000	30988814220159100000000	Book	175	A	3346322819779030000000	11	77	1		1.17		365	1	1584151498726470000	158415149872647000000	4401037718219560000000	Board	180	A	475245449617940000000	11	55	1		1.17			335	1	59699649128978000	1658556064822890000	SoulCrystal	185	A	179098947386934000	11	77	1		1.17			305	1	2249815190648310	224981519064831000	6250362746887890000	BonesBlock	190	A	674944557194492000	11	77	1		1.17		275	1	84785563498646	2355484707226680	Wax	195	A	254356690495939	11	77	1		1.17		245	1	3195192124075	319519212407466	8876777925795300	Potion2	200	A	958557637222397	11	77	1		1.17		215	1	120412630269	3345264187118	Mushroom	205	A	361237890808	11	77	1		1.17		185	1	4537818374	453781837379	12606818121576	MagicScrolls	210	A	1361345512136	11	77	1		1.17		155	1	171010263	17101026319	475095102391	SoulCrystal2	215	A	51303078956	11	77	1		1.17		125	1	6444619	644461891	17904228818	EvilHoney	220	A	1933385674	11	77	1		1.17		95	1	242869	24286912	674731034	Mushroom2	225	A	72860737	11	77	1		1.17
																	486	1	856096942556169000000000	25529404696336800000000000	Stone	175	A	2568290827668510000000000	12	84	1		1.17			456	1	32262499598101200000000	962090118317751000000000	Potion	175	A	96787498794303700000000	12	0	0		1.17			426	1	1215830624519710000000	36256912637586200000000	Book	175	A	3647491873559140000000	12	84	1		1.17		366	1	1726725133611850000	172672513361185000000	5149214130316880000000	Board	180	A	518017540083555000000	12	60	1		1.17			336	1	65072617550586000	1940510595842790000	SoulCrystal	185	A	195217852651758000	12	84	1		1.17			306	1	2452298557806650	245229855780665000	7312924413858830000	BonesBlock	190	A	735689567341996000	12	84	1		1.17		276	1	92416264213525	2755917107455220	Wax	195	A	277248792640574	12	84	1		1.17		246	1	3482759415241	348275941524138	10385830173180500	Potion2	200	A	1044827824572410	12	84	1		1.17		216	1	131249766994	3913959098928	Mushroom	205	A	393749300981	12	84	1		1.17		186	1	4946222027	494622202743	14749977202243	MagicScrolls	210	A	1483866608228	12	84	1		1.17		156	1	186401187	18640118687	555861269798	SoulCrystal2	215	A	55920356062	12	84	1		1.17		126	1	7024635	702463462	20947947717	EvilHoney	220	A	2107390385	12	84	1		1.17		96	1	264727	26472735	789435309	Mushroom2	225	A	79418204	12	84	1		1.17
																	487	1	933145667386224000000000	29869403494714000000000000	Stone	175	A	2799437002158670000000000	13	91	2		1.17			457	1	35166124561930400000000	1125645438431770000000000	Potion	175	A	105498373685791000000000	13	0	0		1.17			427	1	1325255380726490000000	42420587785975800000000	Book	175	A	3975766142179460000000	13	91	2		1.17		367	1	1882130395636910000	188213039563692000000	6024580532470750000000	Board	180	A	564639118691075000000	13	65	1		1.17			337	1	70929153130138800	2270397397136060000	SoulCrystal	185	A	212787459390416000	13	91	2		1.17			307	1	2673005428009250	267300542800925000	8556121564214830000	BonesBlock	190	A	801901628402776000	13	91	2		1.17		277	1	100733727992742	3224423015722600	Wax	195	A	302201183978225	13	91	2		1.17		247	1	3796207762613	379620776261310	12151421302621200	Potion2	200	A	1138862328783930	13	91	2		1.17		217	1	143062246023	4579332145745	Mushroom	205	A	429186738069	13	91	2		1.17		187	1	5391382010	539138200990	17257473326625	MagicScrolls	210	A	1617414602969	13	91	2		1.17		157	1	203177294	20317729369	650357685664	SoulCrystal2	215	A	60953188108	13	91	2		1.17		127	1	7656852	765685173	24509098829	EvilHoney	220	A	2297055519	13	91	2		1.17		97	1	288553	28855281	923639312	Mushroom2	225	A	86565842	13	91	2		1.17
																	488	1	1017128777450980000000000	34947202088815400000000000	Stone	175	A	3051386332352950000000000	14	98	2		1.17			458	1	38331075772504100000000	1317005162965170000000000	Potion	175	A	114993227317512000000000	14	0	0		1.17			428	1	1444528364991870000000	49632087709591700000000	Book	175	A	4333585094975610000000	14	98	2		1.17		368	1	2051522131244240000	205152213124424000000	7048759222990780000000	Board	180	A	615456639373271000000	14	70	1		1.17			338	1	77312776911851300	2656364954649190000	SoulCrystal	185	A	231938330735554000	14	98	2		1.17			308	1	2913575916530090	291357591653009000	10010662230131300000	BonesBlock	190	A	874072774959026000	14	98	2		1.17		278	1	109799763512089	3772574928395450	Wax	195	A	329399290536266	14	98	2		1.17		248	1	4137866461248	413786646124828	14217162924066800	Potion2	200	A	1241359938374480	14	98	2		1.17		218	1	155937848165	5357818610522	Mushroom	205	A	467813544496	14	98	2		1.17		188	1	5876606391	587660639079	20191243792151	MagicScrolls	210	A	1762981917236	14	98	2		1.17		158	1	221463250	22146325013	760918492226	SoulCrystal2	215	A	66438975038	14	98	2		1.17		128	1	8345968	834596839	28675645630	EvilHoney	220	A	2503790516	14	98	2		1.17		98	1	314523	31452256	1080657995	Mushroom2	225	A	94356768	14	98	2		1.17
																	489	1	1108670367421570000000000	40888226443914000000000000	Stone	175	A	3326011102264720000000000	15	105	2		1.17			459	1	41780872592029500000000	1540896040669250000000000	Potion	175	A	125342617776088000000000	15	0	0		1.17			429	1	1574535917841140000000	58069542620222300000000	Book	175	A	4723607753523420000000	15	105	2		1.17		369	1	2236159123056220000	223615912305622000000	8247048290899210000000	Board	180	A	670847736916866000000	15	75	1		1.17			339	1	84270926833917900	3107946996939550000	SoulCrystal	185	A	252812780501754000	15	105	2		1.17			309	1	3175797749017790	317579774901779000	11712474809253700000	BonesBlock	190	A	952739324705338000	15	105	2		1.17		279	1	119681742228177	4413912666222670	Wax	195	A	359045226684530	15	105	2		1.17		249	1	4510274442761	451027444276063	16634080621158100	Potion2	200	A	1353082332828190	15	105	2		1.17		219	1	169972254500	6268647774311	Mushroom	205	A	509916763500	15	105	2		1.17		189	1	6405500966	640550096596	23623755236817	MagicScrolls	210	A	1921650289787	15	105	2		1.17		159	1	241394943	24139494264	890274635905	SoulCrystal2	215	A	72418482791	15	105	2		1.17		129	1	9097106	909710554	33550505387	EvilHoney	220	A	2729131662	15	105	2		1.17		99	1	342830	34282959	1264369854	Mushroom2	225	A	102848877	15	105	2		1.17
																	490	1	1208450700489510000000000	47839224939379400000000000	Stone	175	A	3625352101468540000000000	16	112	2		1.17			460	1	45541151125312100000000	1802848367583020000000000	Potion	175	A	136623453375936000000000	16	0	0		1.17			430	1	1716244150446840000000	67941364865660000000000	Book	175	A	5148732451340530000000	16	112	2		1.17		370	1	2437413444131280000	243741344413128000000	9649046500352080000000	Board	180	A	731224033239384000000	16	80	1		1.17			340	1	91855310248970500	3636297986419270000	SoulCrystal	185	A	275565930746911000	16	112	2		1.17			310	1	3461619546429400	346161954642940000	13703595526826800000	BonesBlock	190	A	1038485863928820000	16	112	2		1.17		280	1	130453099028712	5164277819480530	Wax	195	A	391359297086137	16	112	2		1.17		250	1	4916199142609	491619914260908	19461874326755000	Potion2	200	A	1474859742782720	16	112	2		1.17		220	1	185269757405	7334317895944	Mushroom	205	A	555809272215	16	112	2		1.17		190	1	6981996053	698199605289	27639793627075	MagicScrolls	210	A	2094598815868	16	112	2		1.17		160	1	263120487	26312048747	1041621324009	SoulCrystal2	215	A	78936146242	16	112	2		1.17		130	1	9915845	991584504	39254091303	EvilHoney	220	A	2974753512	16	112	2		1.17		100	1	373684	37368425	1479312730	Mushroom2	225	A	112105276	16	112	2		1.17
																	491	1	1317211263533570000000000	55971893179073900000000000	Stone	175	A	3951633790600710000000000	17	119	2		1.17			461	1	49639854726590200000000	2109332590072130000000000	Potion	175	A	148919564179771000000000	17	0	0		1.17			431	1	1870706123987060000000	79491396892822300000000	Book	175	A	5612118371961170000000	17	119	2		1.17		371	1	2656780654103090000	265678065410309000000	11289384405411900000000	Board	180	A	797034196230928000000	17	85	1		1.17			341	1	100122288171378000	4254468644110550000	SoulCrystal	185	A	300366864514134000	17	119	2		1.17			311	1	3773165305608040	377316530560804000	16033206766387400000	BonesBlock	190	A	1131949591682410000	17	119	2		1.17		281	1	142193877941297	6042205048792210	Wax	195	A	426581633823890	17	119	2		1.17		251	1	5358657065444	535865706544390	22770392962303400	Potion2	200	A	1607597119633170	17	119	2		1.17		221	1	201944035572	8581151938254	Mushroom	205	A	605832106715	17	119	2		1.17		191	1	7610375698	761037569765	32338558543678	MagicScrolls	210	A	2283112709296	17	119	2		1.17		161	1	286801331	28680133135	1218696949090	SoulCrystal2	215	A	86040399404	17	119	2		1.17		131	1	10808271	1080827109	45927286824	EvilHoney	220	A	3242481328	17	119	2		1.17		101	1	407316	40731584	1730795894	Mushroom2	225	A	122194751	17	119	2		1.17
																	492	1	1435760277251590000000000	65487115019516400000000000	Stone	175	A	4307280831754780000000000	18	126	2		1.17			462	1	54107441651983300000000	2467919130384400000000000	Potion	175	A	162322324955950000000000	18	0	0		1.17			432	1	2039069675145890000000	93004934364602000000000	Book	175	A	6117209025437680000000	18	126	2		1.17		372	1	2895890912972370000	289589091297237000000	13208579754332000000000	Board	180	A	868767273891712000000	18	90	2		1.17			342	1	109133294106802000	4977728313609340000	SoulCrystal	185	A	327399882320406000	18	126	2		1.17			312	1	4112750183112770	411275018311277000	18758851916673200000	BonesBlock	190	A	1233825054933830000	18	126	2		1.17		282	1	154991326956013	7069379907086890	Wax	195	A	464973980868040	18	126	2		1.17		252	1	5840936201334	584093620133385	26641359765894900	Potion2	200	A	1752280860400160	18	126	2		1.17		222	1	220118998773	10039947767757	Mushroom	205	A	660356996319	18	126	2		1.17		192	1	8295309510	829530951044	37836113496104	MagicScrolls	210	A	2488592853133	18	126	2		1.17		162	1	312613451	31261345117	1425875430435	SoulCrystal2	215	A	93784035350	18	126	2		1.17		132	1	11781015	1178101549	53734925584	EvilHoney	220	A	3534304648	18	126	2		1.17		102	1	443974	44397426	2025031196	Mushroom2	225	A	133192278	18	126	2		1.17
																	493	1	1564978702204240000000000	76619924572834200000000000	Stone	175	A	4694936106612710000000000	20	140	2		1.17			463	1	58977111400661800000000	2887465382549740000000000	Potion	175	A	176931334201986000000000	20	0	0		1.17			433	1	2222585945909020000000	108815773206584000000000	Book	175	A	6667757837727070000000	20	140	2		1.17		373	1	3156521095139880000	315652109513989000000	15454038312568400000000	Board	180	A	946956328541966000000	20	100	2		1.17			343	1	118955290576414000	5823942126922930000	SoulCrystal	185	A	356865871729242000	20	140	2		1.17			313	1	4482897699592910	448289769959291000	21947856742507600000	BonesBlock	190	A	1344869309877870000	20	140	2		1.17		283	1	168940546382054	8271174491291660	Wax	195	A	506821639146163	20	140	2		1.17		253	1	6366620459454	636662045945390	31170390926097100	Potion2	200	A	1909986137836170	20	140	2		1.17		223	1	239929708663	11746738888276	Mushroom	205	A	719789125988	20	140	2		1.17		193	1	9041887366	904188736638	44268252790441	MagicScrolls	210	A	2712566209915	20	140	2		1.17		163	1	340748662	34074866177	1668274253609	SoulCrystal2	215	A	102224598532	20	140	2		1.17		133	1	12841307	1284130689	62869862934	EvilHoney	220	A	3852392066	20	140	2		1.17		103	1	483932	48393194	2369286499	Mushroom2	225	A	145179583	20	140	2		1.17
																	494	1	1705826785402620000000000	89645311750216000000000000	Stone	175	A	5117480356207850000000000	21	147	2		1.17			464	1	64285051426721400000000	3378334497583200000000000	Potion	175	A	192855154280164000000000	21	0	0		1.17			434	1	2422618681040840000000	127314454651704000000000	Book	175	A	7267856043122510000000	21	147	2		1.17		374	1	3440607993702470000	344060799370248000000	18081224825705000000000	Board	180	A	1032182398110740000000	21	105	2		1.17			344	1	129661266728291000	6814012288499830000	SoulCrystal	185	A	388983800184874000	21	147	2		1.17			314	1	4886358492556280	488635849255628000	25678992388733900000	BonesBlock	190	A	1465907547766880000	21	147	2		1.17		284	1	184145195556439	9677274154811240	Wax	195	A	552435586669318	21	147	2		1.17		254	1	6939616300805	693961630080475	36469357383533600	Potion2	200	A	2081884890241430	21	147	2		1.17		224	1	261523382442	13743684499283	Mushroom	205	A	784570147327	21	147	2		1.17		194	1	9855657229	985565722936	51793855764816	MagicScrolls	210	A	2956697168807	21	147	2		1.17		164	1	371416041	37141604133	1951880876723	SoulCrystal2	215	A	111424812400	21	147	2		1.17		134	1	13997025	1399702451	73557739633	EvilHoney	220	A	4199107352	21	147	2		1.17		104	1	527486	52748582	2772065204	Mushroom2	225	A	158245746	21	147	2		1.17
																	495	1	1859351196088850000000000	104885014747753000000000000	Stone	175	A	5578053588266560000000000	22	154	3		1.17			465	1	70070706055126300000000	3952651362172340000000000	Potion	175	A	210212118165379000000000	22	0	0		1.17			435	1	2640654362334510000000	148957911942493000000000	Book	175	A	7921963087003530000000	22	154	3		1.17		375	1	3750262713135700000	375026271313570000000	21155033046074900000000	Board	180	A	1125078813940710000000	22	110	2		1.17			345	1	141330780733838000	7972394377544800000	SoulCrystal	185	A	423992342201513000	22	154	3		1.17			315	1	5326130756886340	532613075688634000	30044421094818700000	BonesBlock	190	A	1597839227065900000	22	154	3		1.17		285	1	200718263156519	11322410761129200	Wax	195	A	602154789469557	22	154	3		1.17		255	1	7564181767877	756418176787718	42669148138734300	Potion2	200	A	2269254530363150	22	154	3		1.17		225	1	285060486862	16080110864161	Mushroom	205	A	855181460586	22	154	3		1.17		195	1	10742666380	1074266638000	60598811244835	MagicScrolls	210	A	3222799914000	22	154	3		1.17		165	1	404843485	40484348505	2283700625766	SoulCrystal2	215	A	121453045516	22	154	3		1.17		135	1	15256757	1525675671	86062555370	EvilHoney	220	A	4577027013	22	154	3		1.17		105	1	574960	57495954	3243316288	Mushroom2	225	A	172487863	22	154	3		1.17
																	496	1	2026692803736850000000000	122715467254871000000000000	Stone	175	A	6080078411210550000000000	24	168	3		1.17			466	1	76377069600087700000000	4624602093741640000000000	Potion	175	A	229131208800263000000000	24	0	0		1.17			436	1	2878313254944620000000	174280756972717000000000	Book	175	A	8634939764833850000000	24	168	3		1.17		376	1	4087786357317910000	408778635731791000000	24751388663907600000000	Board	180	A	1226335907195370000000	24	120	2		1.17			346	1	154050550999883000	9327701421727410000	SoulCrystal	185	A	462151652999649000	24	168	3		1.17			316	1	5805482525006110	580548252500611000	35151972680937900000	BonesBlock	190	A	1741644757501830000	24	168	3		1.17		286	1	218782906840606	13247220590521100	Wax	195	A	656348720521817	24	168	3		1.17		256	1	8244958126986	824495812698613	49922903322319100	Potion2	200	A	2473487438095840	24	168	3		1.17		226	1	310715930680	18813729711068	Mushroom	205	A	932147792039	24	168	3		1.17		196	1	11709506354	1170950635420	70900609156457	MagicScrolls	210	A	3512851906260	24	168	3		1.17		166	1	441279399	44127939871	2671929732146	SoulCrystal2	215	A	132383819612	24	168	3		1.17		136	1	16629865	1662986482	100693189783	EvilHoney	220	A	4988959445	24	168	3		1.17		106	1	626706	62670590	3794680057	Mushroom2	225	A	188011771	24	168	3		1.17
																	497	1	2209095156073170000000000	143577096688199000000000000	Stone	175	A	6627285468219500000000000	26	182	3		1.17			467	1	83251005864095600000000	5410784449677720000000000	Potion	175	A	249753017592287000000000	26	0	0		1.17			437	1	3137361447889630000000	203908485658079000000000	Book	175	A	9412084343668900000000	26	182	3		1.17		377	1	4455687129476520000	445568712947653000000	28959124736771900000000	Board	180	A	1336706138842960000000	26	130	2		1.17			347	1	167915100589872000	10913410663421100000	SoulCrystal	185	A	503745301769617000	26	182	3		1.17			317	1	6327975952256660	632797595225666000	41127808036697300000	BonesBlock	190	A	1898392785677000000	26	182	3		1.17		287	1	238473368456260	15499248090909700	Wax	195	A	715420105368781	26	182	3		1.17		257	1	8987004358415	898700435841488	58409796887113400	Potion2	200	A	2696101307524460	26	182	3		1.17		227	1	338680364441	22012063761950	Mushroom	205	A	1016041093322	26	182	3		1.17		197	1	12763361926	1276336192608	82953712713054	MagicScrolls	210	A	3829008577823	26	182	3		1.17		167	1	480994545	48099454459	3126157786611	SoulCrystal2	215	A	144298363377	26	182	3		1.17		137	1	18126553	1812655265	117811032046	EvilHoney	220	A	5437965795	26	182	3		1.17		107	1	683109	68310943	4439775667	Mushroom2	225	A	204932830	26	182	3		1.17
																	498	1	2407913720119750000000000	167985203125192000000000000	Stone	175	A	7223741160359260000000000	28	196	3		1.17			468	1	90743596391864200000000	6330617806122930000000000	Potion	175	A	272230789175593000000000	28	0	0		1.17			438	1	3419723978199700000000	238572928219953000000000	Book	175	A	10259171934599100000000	28	196	3		1.17		378	1	4856698971129410000	485669897112941000000	33882175942023100000000	Board	180	A	1457009691338820000000	28	140	2		1.17			348	1	183027459642961000	12768690476202700000	SoulCrystal	185	A	549082378928883000	28	196	3		1.17			318	1	6897493787959760	689749378795977000	48119535402935900000	BonesBlock	190	A	2069248136387930000	28	196	3		1.17		288	1	259935971617324	18134120266364300	Wax	195	A	779807914851971	28	196	3		1.17		258	1	9795834750672	979583475067222	68339462357922600	Potion2	200	A	2938750425201670	28	196	3		1.17		228	1	369161597240	25754114601481	Mushroom	205	A	1107484791721	28	196	3		1.17		198	1	13912064499	1391206449942	97055843874274	MagicScrolls	210	A	4173619349827	28	196	3		1.17		168	1	524284054	52428405360	3657604610335	SoulCrystal2	215	A	157285216081	28	196	3		1.17		138	1	19757942	1975794239	137838907494	EvilHoney	220	A	5927382716	28	196	3		1.17		108	1	744589	74458928	5194537530	Mushroom2	225	A	223376785	28	196	3		1.17
																	499	1	2624625954930530000000000	196542687656475000000000000	Stone	175	A	7873877864791590000000000	30	210	4		1.17			469	1	98910520067132000000000	7406822833163830000000000	Potion	175	A	296731560201396000000000	30	0	0		1.17			439	1	3727499136237670000000	279130326017344000000000	Book	175	A	11182497408713000000000	30	210	4		1.17		379	1	5293801878531060000	529380187853106000000	39642145852167000000000	Board	180	A	1588140563559320000000	30	150	3		1.17			349	1	199499931010827000	14939367857157100000	SoulCrystal	185	A	598499793032482000	30	210	4		1.17			319	1	7518268228876140	751826822887614000	56299856421435000000	BonesBlock	190	A	2255480468662840000	30	210	4		1.17		289	1	283330209062883	21216920711646300	Wax	195	A	849990627188648	30	210	4		1.17		259	1	10677459878233	1067745987823270	79957170958769500	Potion2	200	A	3203237963469820	30	210	4		1.17		229	1	402386140992	30132314083733	Mushroom	205	A	1207158422976	30	210	4		1.17		199	1	15164150304	1516415030437	113555337332900	MagicScrolls	210	A	4549245091312	30	210	4		1.17		169	1	571469618	57146961843	4279397394092	SoulCrystal2	215	A	171440885529	30	210	4		1.17		139	1	21536157	2153615720	161271521768	EvilHoney	220	A	6460847161	30	210	4		1.17		109	1	811602	81160232	6077608910	Mushroom2	225	A	243480695	30	210	4		1.17
																	500	1	2860842290874280000000000	229954944558076000000000000	Stone	175	A	8582526872622840000000000	32	224	4		1.17			470	1	107812466873174000000000	8665982714801680000000000	Potion	175	A	323437400619522000000000	32	0	0		1.17			440	1	4062974058499070000000	326582481440293000000000	Book	175	A	12188922175497200000000	32	224	4		1.17		380	1	5770244047598850000	577024404759886000000	46381310647035400000000	Board	180	A	1731073214279660000000	32	160	3		1.17			350	1	217454924801802000	17479060392873800000	SoulCrystal	185	A	652364774405406000	32	224	4		1.17			320	1	8194912369475000	819491236947500000	65870832013078900000	BonesBlock	190	A	2458473710842500000	32	224	4		1.17		290	1	308829927878542	24823797232626100	Wax	195	A	926489783635627	32	224	4		1.17		260	1	11638431267274	1163843126727370	93549890021760300	Potion2	200	A	3491529380182100	32	224	4		1.17		230	1	438600893681	35254807477968	Mushroom	205	A	1315802681044	32	224	4		1.17		200	1	16528923832	1652892383177	132859744679493	MagicScrolls	210	A	4958677149530	32	224	4		1.17		170	1	622901884	62290188409	5006894951088	SoulCrystal2	215	A	186870565226	32	224	4		1.17		140	1	23474411	2347441135	188687680469	EvilHoney	220	A	7042323405	32	224	4		1.17		110	1	884647	88464653	7110802425	Mushroom2	225	A	265393958	32	224	4		1.17
																	501	2	6236636194105930000000000	269047285132949000000000000	Stone	175	A	18709908582317800000000000	0	0	0		1.17			471	2	235031177783519000000000	10139199776318000000000000	Potion	175	A	705093533350558000000000	0	0	0		1.17			441	2	8857283447527960000000	382101503285143000000000	Book	175	A	26571850342583900000000	0	0	0		1.17		381	2	12579132023765500000	1257913202376550000000	54266133457031500000000	Board	180	A	3773739607129650000000	0	0	0		1.17			351	2	474051736067928000	20450500659662400000	SoulCrystal	185	A	1422155208203780000	0	0	0		1.17			321	2	17864908965455500	1786490896545550000	77068873455302300000	BonesBlock	190	A	5359472689636650000	0	0	0		1.17		291	2	673249242775222	29043842762172600	Wax	195	A	2019747728325670	0	0	0		1.17		261	2	25371780162657	2537178016265660	109453371325459000	Potion2	200	A	7611534048796980	0	0	0		1.17		231	2	956149948225	41248124749222	Mushroom	205	A	2868449844676	0	0	0		1.17		201	2	36033053953	3603305395325	155445901275007	MagicScrolls	210	A	10809916185975	0	0	0		1.17		171	2	1357926107	135792610731	5858067092772	SoulCrystal2	215	A	407377832193	0	0	0		1.17		141	2	51174217	5117421674	220764586148	EvilHoney	220	A	15352265023	0	0	0		1.17		111	2	1928529	192852943	8319638837	Mushroom2	225	A	578558828	0	0	0		1.17